:1000000080590020653F0000D1AF0100513F000042
:10001000513F0000513F0000513F00000000000030
:10002000000000000000000000000000654000002B
:10003000513F00000000000031400000513F00002F
:1000400021420000650E0200214200002142000012
:100050002142000021420000214200002142000014
:100060002142000021420000214200002142000004
:1000700021420000214200002142000021420000F4
:1000800021420000214200002142000021420000E4
:1000900021420000214200002142000021420000D4
:1000A00021420000214200002142000021420000C4
:1000B00021420000214200002142000021420000B4
:1000C00021420000214200002142000021420000A4
:0C00D000214200002142000021420000FB
:0400DC00FFFFFFFF24
:1000E0007BB972B90029BEBF00204FF0004106E085
:1000F00008BF00281CBF6FF000414FF0FF3000F038
:1001000057B8ADF1080C6DE904CE002909DB002BCE
:100110001ADB00F04FF8DDF804E0DDE9022304B05B
:100120007047404261EB4101002B1BDB00F042F8BD
:10013000DDF804E0DDE9022304B0404261EB410157
:10014000524263EB43037047524263EB430300F0B8
:1001500031F8DDF804E0DDE9022304B0404261EB50
:1001600041017047524263EB430300F023F8DDF88E
:1001700004E0DDE9022304B0524263EB430370471D
:1001800053B94AB9002908BF00281CBF4FF0FF31FE
:100190004FF0FF3000F00CB8ADF1080C6DE904CE63
:1001A00000F008F8DDF804E0DDE9022304B0704750
:1001B000704700BF2DE9F04786468C460846089EEA
:1001C000154674461946002B40F0C2808542B2FAAB
:1001D00082F245D94AB1C2F1200300FA02FC2EFA9C
:1001E00003F3954043EA0C0C94404FEA154EA8B235
:1001F000BCFBFEF8230C0EFB18CC08FB00F943EA0D
:100200000C43994528D9EB1808F1FF3704D29945DA
:1002100002D9A8F102072B44A3EB0903A4B2B3FB54
:10022000FEFC0EFB1C330CFB00F044EA0344A0422E
:1002300014D92C190CF1FF3304D2A04202D9ACF12D
:1002400002032C44241A43EA07401EB1D440002381
:1002500034607360BDE8F0874746DDE76346F1E749
:1002600092BB431B01214FEA154EAFB2B3FBFEFC1C
:10027000200C0EFB1C330CFB07F840EA03439845A7
:1002800062D9EB180CF1FF3004D2984502D9ACF1D9
:1002900002002B44A3EB0803A4B2B3FBFEFC0EFB4D
:1002A0001C330CFB07F744EA0344A7424ED92C1930
:1002B0000CF1FF3304D2A74202D9ACF102032C4463
:1002C000E41B43EA0040C0E7C2F1200320FA03F137
:1002D000954090402EFA03F303434FEA154EAFB218
:1002E000B1FBFEFC0EFB1C10190C0CFB07F841EADD
:1002F0000041884504FA02F422D969180CF1FF3054
:1003000004D2884502D9ACF102002944A1EB0801CE
:100310009BB2B1FBFEFC0EFB1C110CFB07F743EA82
:1003200001439F420ED9EB180CF1FF3104D29F42DA
:1003300002D9ACF102012B44DB1B41EA004192E7F8
:100340006046E3E76146F7E76046A3E76346B7E741
:10035000834206D916B9002108467BE7C6E900E0CA
:10036000F9E7B3FA83F78FB9834201D3724508D80E
:10037000BEEB020460EB030301209C461EB9002182
:1003800068E73846FAE7C6E9004CF8E7C7F1200C01
:10039000BB4022FA0CF41C432EFA0CF120FA0CF3A9
:1003A000B84001434FEA14490EFA07F5B3FBF9F8D8
:1003B0001FFA84FE09FB18300B0C08FB0EFA43EA07
:1003C00000439A4502FA07F240D9E31808F1FF30DA
:1003D00004D29A4502D9A8F102002344A3EB0A03F0
:1003E00089B2B3FBF9F809FB183308FB0EFE41EAAA
:1003F00003418E452CD9611808F1FF3304D28E4594
:1004000002D9A8F10203214443EA0040A0FB02986C
:10041000A1EB0E014145CE46434602D306D14D45E0
:1004200004D2B9EB020E68EB04030138002EA6D00B
:10043000B5EB0E0261EB030101FA0CFC22FA07F3A3
:100440004CEA0303F940C6E9003198E74046C5E7A6
:100450004346D9E7000000002DE9F04F054687B07C
:10046000214FBB68029304AA5B6800213846984775
:10047000002832DBDDE9044A1C4BDFF87480A4FB62
:1004800003B203FB0A230393039915A3D3E90023C3
:100490005846FFF775FE4FF0FF39039BD94578EBBF
:1004A0000303064619D3A5FB04B405FB0A440CA3B9
:1004B000D3E9002321465846FFF762FED94578EB81
:1004C0000404034609D3864207D301220092029A0C
:1004D0000021146838463246A04707B0BDE8F08FC7
:1004E00000CA9A3B00000000EC28020090D00300F4
:1004F000FFC99A3B0000000073B5002101AA40F635
:10050000034004F067FF0446002865D10198C368E2
:100510001B788BB9BFF35B8FC64B1A68BFF35B8F39
:1005200002F00902BFF35B8F53E8001F43E8002489
:10053000002CF9D1BFF35B8F14F046FC01AA002117
:1005400041F2030004F046FF0446002844D1019D17
:10055000B948E968082201311AF030FE284614F043
:1005600033FC214601AA41F2010004F033FF0446A6
:1005700090BB0198B14DC3685A7885F870205A88AD
:10058000A5F872201A7985F87120B3F80720A5F82C
:100590007420B3F80530A5F8763014F015FC214628
:1005A00001AA41F2020004F015FF0446A0B9019E21
:1005B000F1684022013105F180001AF0FFFD05F1DC
:1005C00080001AF06CFE304614F0FEFB95F87C308B
:1005D0005A0604D46FF01204204602B070BD2146C2
:1005E00001AA42F2030004F0F5FE04460028F3D10C
:1005F000019EF1680822013105F1D8001AF0DEFDF4
:10060000304614F0E1FB214601AA42F2020004F058
:10061000E1FE04460028DFD1019CE368B3F8012025
:1006200091B249B1D97839B1A5F80421DA781146E7
:1006300005F5847021F066FD204614F0C5FB95F8A1
:100640007C601F2316F02006A5F8203118D1022166
:1006500040F66D4004F024FD0446002800F0E680DA
:1006600002210C3020F0B5FF0123037046702146B3
:10067000324640F66D4004F0ADFE04460028ABD192
:1006800095F89C301B0712D501AA002142F21C00EC
:1006900004F0A0FE044600289ED10198C368D3F858
:1006A0000120D3F80530C5E9382314F08DFB95F807
:1006B000D8309E0624D50DF1020168461BF096F94C
:1006C0000446002888D1042142F2240004F0E8FC0A
:1006D0000646002800F0AA8004210C3020F079FFA3
:1006E000BDF800300380BDF8023043802246314619
:1006F00042F2240004F06EFE044600287FF46CAF42
:1007000095F8D8305C062AD5022142F22E0004F07A
:10071000C7FC0446002800F0898002210C3020F03C
:1007200058FFB5F8B03103802146002242F22E0076
:1007300004F050FE044600287FF44EAF014601AAA3
:1007400042F22A0004F046FE044600287FF444AF3B
:100750000198C3685B7885F8223114F035FB0821D5
:1007600042F2010004F09CFC044600285ED00821FF
:100770000C3020F02EFF95F8D81011F0400F0246F3
:1007800040F2022308BF032388074CBF43F02C002C
:1007900043F00C008B0695F8D93048BF40F040007C
:1007A00013F0090F95F8A23018BF40F4006003F071
:1007B0000603CE0748BF40F01000062B08BF40F4E8
:1007C000C07000211AF00DFF2146002242F2010004
:1007D00004F000FE044600287FF4FEAE95F87C305D
:1007E000B5F8041198062DD4C9B901AA41F2050043
:1007F00004F0F0FD044600287FF4EEAEB5F80431B5
:10080000019C4BB9E368B3F80120A5F804219A884C
:100810000B48114621F076FC204614F0D5FA082149
:1008200040F6014004F03CFC044680B96FF06804D7
:10083000D2E600BF34010020D80000206000002074
:10084000680100200029EAD16FF00404C4E6082101
:100850000C3020F0BEFE95F8D830D907024657D4A8
:100860002F484FF000511AF0BCFE2146002240F6FE
:10087000014004F0AFFD044600287FF4ADAE014610
:1008800001AA4FF6014004F0A5FD044648BB0198BB
:1008900014F09AFA214601AA4FF6024004F09AFD9C
:1008A0000446F0B9019E1F48F168022201311AF096
:1008B00085FC304614F088FA95F8C1305B0710D5F6
:1008C00001AA21464FF6034004F084FD48B9019C7B
:1008D0001548E168012211441AF070FC204614F01A
:1008E00073FA05F08DFC044600287FF475AE06F01F
:1008F0006FFE044600287FF46FAEEB79002B3FF4C7
:100900006BAE082109481AF0E9FD04F0A7FC63E684
:1009100001A1D1E90001A6E7908800020080002033
:100920001088000221010020200100203401002055
:100930002DE9F0470F46D0E906A1D0F82090DFF866
:10094000688001EB09043034A245164614A3D3E9AC
:10095000002314D8A1FB0801FFF712FC10A3D3E970
:100960000023A4EB0A0420F07F45A4FB0801FFF755
:1009700007FC20F07F403D603060BDE8F087AAFBB7
:100980000801FFF7FDFB20F07F4509F1300004A3CB
:10099000D3E90023A0FB0801E9E700BFAFF3008023
:1009A0008D49FD1A0700000000CA9A3B00000000B4
:1009B0002DE9F04F8DB020B90DB0BDE8F04F0DF02E
:1009C000ADBCC74D95F86A4014F0010440F0558164
:1009D00095F82500FF2300F0030085F8263011F07C
:1009E000C3F995F86A0041070DD5224605F16B0160
:1009F000C0F3C00011F018FBFF2885F8260002D0D4
:100A0000204611F0CBF995F8293005EB8303DF6A16
:100A100095F8353005EB8303D3F838A057B1B048CB
:100A200039461EF0BFFB3B785A060ED4AC485146FF
:100A30001EF0B8FB3B7813F00E0F40F09F802B6A3E
:100A400053B10C200DB0BDE8F08F06211DF004FF5E
:100A50000028EBD11220F5E70BF05CF8804630B1AE
:100A60000BF0CAF8814620B940460BF059F8072030
:100A7000E8E70DF089FE044618B948460BF0C2F8C5
:100A8000F2E74FF6FF730385D0F8883000F11C0BB6
:100A90001BB900F18003C0F8883004F17C0204F136
:100AA0007801D4F888001DF0E2FE94F88E3023F02F
:100AB000070384F88E30B4F8763023F4EF6323F024
:100AC000070343F48C7343F00103A4F8763094F8E1
:100AD000393003F03F0363F07F0384F8393094F832
:100AE0003C3023F00703002684F83C304FF4C02349
:100AF000C4F888312046C4E91266C4F88860A4F8B6
:100B00008C60E685266384F83B602665A4F88E61D8
:100B1000A4F884611FF0C1F984F85061C4F85481CD
:100B20000DF08CFF94F8943160F3020384F8943153
:100B30000DF08AFF94F8943160F3C50384F8943182
:100B400094F8803166F3410384F880310121204616
:100B50000EF084F904F1D4001FF07FF8C5E918897C
:100B6000C5F820B0C4E905662670E46112F0DCFA2D
:100B700020B15B480DF02AF9032063E795F8243093
:100B80000121C3F342030DF12B008DF82B301DF032
:100B90009AFE0246002800F094809AF80110384628
:100BA0001EF0B1FA002431234E492C70C5E90234FD
:100BB0004D4B6C60A0FB0101C01841F1070146A339
:100BC000D3E90023C5E90544FFF7DAFAB5F8686010
:100BD00028611EF083F900F109082EB93C7804F071
:100BE0000F04631E5C425C4195F824702B693F4AF8
:100BF000DFF8FCA03F4964F3000785F824704FF04C
:100C0000020917F001070BACCDF82C9037D000206B
:100C10001060CDE90431CDE90842CDE9000303219C
:100C2000CDE9065ACDE9020043464A461EF01CF9BA
:100C300021460BF031FA002843D12F4A06954AF29B
:100C4000D833CDE904020093CDE907A4CDE9020031
:100C50000190434601220321CDF82C901EF00BF9A0
:100C600021460BF019FA60BB95F86A30012043F079
:100C7000010385F86A3011F057F80020E2E603F22C
:100C8000471010601D48CDE904314FF0910CA6FBD0
:100C900000014FF6FF73CDE90842CDE902730CFB6A
:100CA00006110DA3D3E90023CDE9065AFFF768FA30
:100CB0004346CDE900704A46032138461EF0D4F879
:100CC000CEE72B6A002B3FF4BCAE05480DF07EF852
:100CD000B7E600BFAFF300808D49FD1A07000000A2
:100CE0003421002000CA9A3B8C49FD1A282100209B
:100CF00009BB0000E1DF0000C1DC0000002AE7843E
:100D000070B590F824308AB0C3F342030D46044610
:100D100001210DF1230016468DF823301DF0D3FD7F
:100D20007178024628461EF0EEF91D49A0FB0131FC
:100D30001C48181841F1070117A3D3E90023FFF756
:100D40001FFA216905468D4220D2481B0021164A10
:100D500002230993A21A7423B2FBF3F2134B0593F7
:100D600009AE00230232CDE90110CDE9033303219E
:100D700006960093D2B218461EF098F831460BF052
:100D80008BF938B9256100200AB070BDFBD9691A0A
:100D90000020DCE70C20F7E78D49FD1A0700000072
:100DA00000CA9A3B8C49FD1A3421002009BB00007F
:100DB0002DE9F04F06468BB08A4601200221994664
:100DC000154613F033FE002202218046012009F06F
:100DD00001FF30460DF0E4FCC71CFFB2364B009615
:100DE0003A46012100200AF029FD10F0FD0F0ED037
:100DF000324A3349334840F6320318F02FFA0023C1
:100E000083F31188BFF36F8F0323184602DF2E4C44
:100E1000A5FB044526A3D3E9002320462946FFF776
:100E2000AFF92A4B0896CDE90663294B0593336940
:100E300004934FF6FE730393264B20F07F46A6FBE8
:100E400003310722E01A02FB061165EB01014FF4A2
:100E50007A720023FFF794F94FF0000BCDE901609F
:100E6000CDF800A04B463A46012158461EF003F843
:100E700010F0FD0F0DD0114A1149124840F64703FA
:100E800018F0ECF98BF31188BFF36F8F032318462A
:100E900002DFB8F1000F07D00122022110460BB08B
:100EA000BDE8F04F09F096BE0BB0BDE8F08F00BF73
:100EB0008D49FD1A0700000029E700008A41020061
:100EC00033420200C13A020000CA9A3BC9E6000060
:100ED000A91701008D49FD1A2DE9F0438468228D80
:100EE0004FF6FF739A428DB0804600F0A7802046EF
:100EF0001FF05BF998F81430012B2ED0022B32D062
:100F00000BBB94F88E3003F01803182B1BD1A18D66
:100F1000B4F886218B1D9A42C4BF931F5B1AB4F8A4
:100F20008211CCBF9BB21346994208D0A4F88231FB
:100F3000B4F88231A4F88431A4F8882103E0B4F82D
:100F40008831002BF4D094F8507187B1394620468F
:100F50000DB0BDE8F0430DF00BBE0023A4F88831BE
:100F6000A4F88431EFE73D2384F85031EBE7E58DB9
:100F7000268E5DB335440023CDE90A33B8F810302E
:100F8000ADB2DBB194F93930002B14DA40460AAA2D
:100F90000BA904F1D409FFF7CBFC48461EF098FEDC
:100FA00010B9FF200DF0B2FD48461EF091FE02463A
:100FB00070B1002323860023A4F88A3198F81230F8
:100FC000D90711D50023A4F88E3115E0751CD2E79E
:100FD000D4E91E011DF060FC0028EAD194F83C30F1
:100FE0005807E8D5A38DE5E7B4F88A314BB3AB4297
:100FF00020D95B1BA4F88A31B4F88E317BB1AB42A7
:101000003ED95B1B9BB20022062BA4F88E312286B0
:1010100004D994F93930934201DA26B301270DF14E
:101020002702294620460EF071FD74302AD19DF822
:10103000271000E03E2120460DF09AFD0DB0BDE8DE
:10104000F083B4F88E31002BD6D1628D40F2E243AA
:101050005A43B4F88C3142F2107101FB0323013B77
:10106000B3FBF2F3AFE7D4F878215308D20702D4E8
:10107000C4F87831D3E743F00043C4F87831CDE7C2
:101080000821D8E7B4F88831A3B1AB4203D95B1B80
:10109000A4F888310EE00AF09FFF0146002850D0E6
:1010A0000023A4F88831238DC3801B2303710068BB
:1010B0001DF05AFFB4F8843123B1AB4243D95B1B16
:1010C000A4F88431238E0FB99E4243D05E1CB6B281
:1010D00094F8D13013F001013ED1DDE90A23002B51
:1010E0007DD10AB9002E77D000210D460B46228D06
:1010F0003F48D4F81C80019103320A990091CDE950
:101100000470CDE90256CDF81880D2B2012100203A
:101110001DF0CCFE10F0FD0F90D00AF0E5FF8045E9
:101120008CD0344A344935484FF4A36318F096F80C
:10113000002383F31188BFF36F8F0323184602DF68
:101140007CE70123A4E70023A4F8843120461EF0A5
:1011500010FFB7E73E46BBE76FF3000384F8D130DA
:1011600094F93930002B2EDA94F87700012100F041
:1011700007001FF0BFFEB4F86E20B4F86C30DFF843
:1011800080C0204D134403F2D51318440721E0FB1F
:101190000C5115A3D3E900232846FEF7F1FF25697A
:1011A000DDE90A2320F07F40854235BF411B2D1A1F
:1011B000002500212061002B99D10A4397D1002DF1
:1011C00090D0194693E794F87600C0F3C00100F080
:1011D00007001FF08DFECEE7002F85D12EE70D46CC
:1011E00085E700BFAFF300808D49FD1A07000000BE
:1011F00085E600008A410200AB420200C13A0200CB
:1012000000CA9A3B8C49FD1A2DE9F04F85B004467F
:10121000BDF844900393CDE90112BDF838A01EF04B
:1012200032FAA368D4F80C61A0EB0905002B8346C1
:10123000ADB209DAE168626823F0004391422CBF45
:101240007618B618A360F61A638D634F13FB05F387
:101250009BB2B3FBFAF11AFB01F080B283421FFA92
:1012600081F840F2E24280F09480C01A5043A0FB23
:10127000070157A3D3E90023FEF782FF20F07F4048
:101280000644E38DB4F814211344994494F839309A
:10129000A9EB0B09C14440F2E24BDB09A4F82E9004
:1012A0000BFB0AF900F08280226CA36C02FB153361
:1012B000A3641FF053FE054694F87401C0F3420086
:1012C00011F080FF029A454B05440BFB02F22265A8
:1012D00009FB05F50022C4F87C2105F57425A26CF4
:1012E00005F23F25B5FBF3F54FEA590305FB08F07E
:1012F000963B0244256463649A4294BFA264A3644B
:10130000A0FB070132A3D3E90023FEF739FF039BBB
:10131000361AB3FBFBF00BFB00F0A0FB07012CA37C
:10132000D3E90023FEF72CFFA9EB050520F07F474A
:10133000BDF83C30A385BDF84030A4F88C31494657
:101340002046A4F82AA00EF01BFCA18D244A881D7B
:101350004A44B2FBF9F293B29842A4F886313EBFF8
:101360005B1A063B9BB2A4F88231019B13B10023A8
:10137000A4F88E3133462A4639462046FFF718FD39
:1013800094F8803143F0010384F8803105B0BDE862
:10139000F08F0AFB113080B25043A0FB07010CA371
:1013A000D3E90023FEF7ECFE361A6AE70D4A0E4930
:1013B0000E4840F6BD0317F051FF002787F3118850
:1013C000BFF36F8F0323184602DF4D46B0E700BF1F
:1013D0008D49FD1A0700000000CA9A3B40420F00E9
:1013E0007FC3C9018A4102002B4D0200C13A0200AD
:1013F0002DE9F04F0B681668D3F800A0037F95B075
:101400000F46C3F3801300F11E010446154612A8CF
:1014100006228DF83F3019F0D1FE97F811B0BBF1DC
:10142000FF0F57D010AA0DF13F01584610F0E2FB14
:101430009DF83F3002338DF83F302146032251F8AA
:101440002E3B0B9305F1080019F0B8FE2B1D184632
:10145000042204F12A0105F118080C9319F0AEFEDC
:10146000052204F13A01404619F0A8FE0521404644
:101470001DF029FA6B7F00F03F0060F305036B77E6
:1014800094F83F30C3F30402AA77A28EEA810128C0
:1014900003F01F0391B205D91B3303F01F030B2B7D
:1014A00000D8E9B90022CAF8142095F820300B982A
:1014B00062F3000385F82030E56801262146267195
:1014C0000AF05EFD28682E7129461DF04DFD15B00D
:1014D000BDE8F08F062212A910A819F06FFEACE744
:1014E0003B6800215960E38E2B82638EB5F80E8035
:1014F0000C9330461EF010FD94F83F3096F874219E
:101500005B0963F3430286F874211FF027FD0D90F9
:1015100096F87401C0F3420011F054FE0D9B40F2A6
:10152000E24909FB08F8184408FB00F000F57420B4
:10153000AF4B00F23F20B0FBF3F04FEA5803963B6D
:101540006862AB6294F8313009FB03F3AB63238F1D
:10155000A6F88C31414630460EF012FBA54BC6F87A
:101560009031A54B4344B3FBF8F39AB2A6F8862119
:10157000298A881D82421346C1BFC1F57F43FA33D1
:10158000D21892B2A6F882210422A91806F5BC70DE
:1015900019F014FE234613F81C9FDA07C9F340190B
:1015A0000DD5964A96499748F82317F057FE002321
:1015B00083F31188BFF36F8F0323184602DF4FF4C4
:1015C0008073A3839AF8260010F058FF0146062284
:1015D00004F12B00002900F0008104F1240119F02E
:1015E000EDFDBBF1FF0F04F125004FF0060200F006
:1015F000F78012A919F0E2FD9DF83F30A37706228B
:1016000010A904F11F0019F0D9FDEB8963862B8A1C
:10161000A386B6F88C31E38696F87431C3F342039F
:1016200084F8383030460DF0BBF8A881E080D7F858
:1016300004B00B9821460AF0A3FCAB89ABF8063046
:101640001C23DBF800408BF80430B9F1000F09D0FF
:101650006B7F43F040036B77281D1FF0C6FB4FF0F4
:101660000109E8838BF81C90594620461DF07CFC4C
:1016700095F85B00B5F85090B5F85240012100F0A4
:1016800007001FF037FC834604EB0900DFF878C140
:101690005E4C00F2D51058440721E0FB04C14FF026
:1016A000000931236046C6E90193C6F80C904EA3A9
:1016B000D3E90023FEF764FD20F07F403061F96834
:1016C0000C9A6D6A40F2E2430120A8EB050503FB8A
:1016D00002184A46022109F07DFA50460CF0FCFD42
:1016E00008F2B248A8EB0B083FA3D3E900238346D6
:1016F000A8FB0401FEF744FDBB684549009120F0BA
:101700007F483A3B0BF102024344D2B20121CDF8AB
:1017100004A048460AF0CCF8514610F027F89AF891
:101720002430DB0707D50122CDF800904B46114647
:1017300048460AF083F830460DF032F8A5FB045411
:1017400029A3D3E90023814621462846FEF718FD48
:10175000BB68A3F13A0A40F2D11308932D4BCDE9AF
:1017600006632D4B0593336904932C4B20F07F4681
:10177000A6FB03310722E81A02FB061164EB010104
:1017800009F103074FF47A724FF000090023CDF8F6
:101790000C90FEF7F5FCFFB2CDE90160CDF80080BA
:1017A00053463A46012148461DF065FB10F0FD0FF7
:1017B0000DD0124A1A4913484FF4E97317F04EFD41
:1017C00089F31188BFF36F8F0323184602DF0122CC
:1017D0000221104609F0FEF979E619F0FAFC00E75B
:1017E000002119F0F6FC07E78D49FD1A07000000FB
:1017F00040420F00404B4C007FC3C901B24602007B
:101800007B3F0200C13A02008C49FD1A00CA9A3B94
:101810006D1701003D170100A91701008D49FD1A40
:1018200033420200000000002DE9F04F8FB0DFF8D6
:10183000D8800B900DF137010DF136001DF09BFBA8
:10184000324F9DF836A09DF837B01DF047FBD8F811
:1018500000400A90A4FB075429A3D3E900230026E3
:1018600021462846FEF78CFC0B9B0693CDE90766C4
:10187000274B05938146D8F8040021A3D3E9002320
:10188000A0FB0701FEF77CFC224B29F07F47A7FB5A
:10189000033120F07F400722CDE9036002FB0711EE
:1018A000E81A64EB01014FF47A720023FEF768FC3A
:1018B0000A9B0096CDE901705A46032150461DF05F
:1018C000DAFA10F0FD0416D1134A1448002316F07A
:1018D000C7F968B19DF837209DF83600009423467B
:1018E000032109F0ABFF6FF073000FB0BDE8F08F7C
:1018F000D8F80C00F9E76FF08B00F6E7AFF3008043
:101900008D49FD1A070000003827002000CA9A3BC5
:10191000E92601008D49FD1A447B0B002027002099
:1019200038B50F4D04461DF0D9FAA9681DF0D8FA54
:101930006968B0FBF4F404440A4807A3D3E9002320
:10194000A1FB0001FEF71CFC20F07F40844294BF05
:101950000020012038BD00BF8D49FD1A070000009E
:101960003827002000CA9A3BF7B5C468636805466B
:101970005BB193F820309A0707D04B48214612F00C
:1019800023FC12F005FD002070E012F03DFC002069
:1019900012F08AFC0021084612F078FC0022252172
:1019A000082012F0B9FC414B019301A812F09CFCF5
:1019B0003F4940F25B6012F02DFD237AC3F34202EF
:1019C00062F306132372204611F0AEFD10F016FEEE
:1019D000637A00284CD013F0030018BF012010F0E8
:1019E00097F94178821C007812F01AFE27682E6859
:1019F00038461FF05DFA06446A6806F109010120C5
:101A000012F080FE12F040FF20460CF06FFC811CAB
:101A10003246C9B238461FF059FA054660B3254A26
:101A20002549264840F2144317F018FC244807269D
:101A3000A5FB00011AA3D3E9002306FB0511FEF75D
:101A40009FFB20490246204817F008FC002383F33F
:101A50001188BFF36F8F0323184602DF1B4821460E
:101A600012F0B2FB12F094FC6FF08B0003B0F0BDEB
:101A70009B07BBD00120B2E720461FF014FA0028D4
:101A800081D00C4A12490D4840F22C4317F0E6FB76
:101A900085F31188BFF36F8F0323184602DF72E7C7
:101AA00000CA9A3B00000000ED2E0100D6BE898ED0
:101AB00055555500C84A02002B4D0200C13A02009C
:101AC0008D49FD1A5D4B0200334B0200610F02008D
:101AD000573E0200000000002DE9F341C468A289CE
:101AE0004FF6FF739A42054607D17D48214612F012
:101AF0006BFB12F04DFC0020C7E011F035FF2B8985
:101B0000628AE08A1A4492B2104480B2431CE38293
:101B100000236382637FA282590604F1180640F114
:101B2000B780E18B03F03F0332460FF0E3FED4E9C8
:101B30000B23A16A1344994294BF21632363D4E920
:101B40000D1300220B44C4E90D23E26294F87220C5
:101B500012F0040206460AD1D4E917011CF09CFEDB
:101B600028B994F8723043F0040384F8723012F00C
:101B70004BFB002012F098FB201D12F0B5FB2389CF
:101B8000A17A40F25B6043EA014112F043FC304627
:101B900011F04AF92146534812F016FB962012F034
:101BA000A5FD94F85A2094F85B00C2F3C00300210D
:101BB00002F0070200F0070012F0FCFC204611F0D2
:101BC00031FF27682E6838461FF072F906446A68AC
:101BD00006F10901002012F095FD804612F028FE62
:101BE000002012F03FFE236B94F85B0003F13002FB
:101BF000A36B012100F0070003EB42051FF014FC6A
:101C00004544054494F85B0000F00700022849D0E1
:101C100004280CBF4FF4BC73282301211D441FF07E
:101C200005FC284412F0F8FDA18903313246C9B2FF
:101C300038461FF04BF90546002835D02A4A2B4973
:101C40002B4840F24B1317F009FB2A480726A5FB47
:101C5000000121A3D3E9002306FB0511FEF790FA4A
:101C600025490246254817F0F9FA002383F3118825
:101C7000BFF36F8F0323184602DF2148214612F07D
:101C8000A3FA12F085FB6FF08B0002B0BDE8F08183
:101C900003F03F03A17F009304F11F0033461FF0C0
:101CA00082F844E71823B8E720461FF0FCF8002824
:101CB0003FF421AF0C4A13490D4840F2551317F079
:101CC000CDFA85F31188BFF36F8F0323184602DF27
:101CD00011E700BFAFF3008000CA9A3B000000008C
:101CE000ED2E0100693B0100C24B02002B4D0200AA
:101CF000C13A02008D49FD1A0C4C0200334B020020
:101D0000330F0200573E02004B1E59425941014B0E
:101D1000197070475B2D0020034B1B78002B14BFFC
:101D200006200020704700BF312D0020014817F029
:101D300012BA00BFEC350200014817F00CBA00BF20
:101D400001360200014817F006BA00BF143602003F
:101D500008B5094B187870B116F0EDFF074AD2E9C3
:101D60000032C01A064B61EB0201984271F100018A
:101D7000ACBF0120002008BD312D002070090020DB
:101D800041771B0030B589B0FFF7E2FF254B0546D0
:101D90001C6816F0D0FF4FF47A720023FEF7A0F90A
:101DA000002D214A04EB000308BF4FF46172B3FB1E
:101DB000F2F300221D4C1E48CDE90022CDE902229B
:101DC000ADF8003004AA1B0C69468DF802308DF87E
:101DD00004501FF030F8FF232370637004A901231F
:101DE0000622E01CA37019F0E9F9124B124D5A7843
:101DF0009B79627203F02703A372104B104C1A7880
:101E0000104B002A18BF1D4641F2070323800E4BDA
:101E1000636028460923237219F099F9E56060721E
:101E200009B030BD6009002080510100242D002040
:101E30003E2D0020D1060020322D0020312D002023
:101E4000601300201238020017380200014816F013
:101E5000C9B800BF4C0300201FB504240294044CF1
:101E60000194BDF8184000941BF0F6FB04B010BDBF
:101E70004E2D00201FB50A240294044C0194BDF895
:101E8000184000941BF0E8FB04B010BDD106002000
:101E900010B5064C2368834203D104F0FBFE0023F7
:101EA0002360034B00221A7010BD00BF781300207E
:101EB0005B2D002000B51C4B1B6889B033BB1B4B4E
:101EC0001B7833B31A4B9B799B0727D54FF480437C
:101ED000194600220320CDE90632CDE90401ADF810
:101EE0000C208DF80E20FFF74DFF04F0A1FB02221D
:101EF0001049114B009203A804F068FB014628B179
:101F000010F1780F02D00D4817F025F909B05DF8EF
:101F100004FB4FF458734FF44871DAE74FF45C63F5
:101F20004FF44861D5E700BF78130020312D002021
:101F3000D10600205C030020601300203A36020026
:101F400008B516F0F8FE074BC3E90001064B1A78F6
:101F500032B100221A70054A937923F00403937179
:101F600008BD00BF70090020302D0020D1060020E0
:101F700070B51C46BDF810305BBB54B31378102B02
:101F800004D0302B0CD06FF0120070BD012C20D18A
:101F9000114842F26762002316F092F82046F4E7F7
:101FA000052C16D1D2F801600C4D16F0C4FE0C4A77
:101FB0004FF0FF33FEF794F80A4A9379801941F104
:101FC000000143F01003C5E900019371FFF7B8FF6A
:101FD000E4E76FF00C00D8E7300000206009002033
:101FE00018FCFFFFD106002032B9044B1B781BB14F
:101FF000022901D9FFF7A4BF704700BF312D00208F
:1020000010B50B4C0B4A0C4B207800280CBF104627
:10201000184603F035F92378084A23B1937943F041
:102020002003937110BD937903F0DF03F9E700BF3C
:10203000312D0020322D002012380200D106002060
:1020400008B5084817F087F80749002003F064F83E
:10205000064B00221A70FFF7D3FFBDE80840044882
:1020600015F0C0BF5C360200C2390200312D0020DD
:102070004C03002008B519B91AF0A1F8014B1860FB
:1020800008BD00BF7813002030B589B00D46694601
:10209000044605F05FF920B91DB19DF81D30022BF3
:1020A0000BD80B4817F057F820461AF06DF9014687
:1020B000002003F031F809B030BD064B01221A7040
:1020C000FFF79EFFFFF73CFF034817F044F8F2E7E5
:1020D0008D360200312D0020AF36020070B588B079
:1020E0001422002103A819F074F80DF106030593DA
:1020F000314B324C1B7802250695002B50D0012322
:1021000004930C238DF81C302D48866803A973684E
:102110009847002844D1BDF90630328902A95343BB
:10212000029312F06DFE00283AD1029800130028A5
:1021300036DD244A1368002B2CDDC31A132B29DD4E
:102140002560B0F5FA6F106083B232DD40F6B73229
:1021500090422CDCA0F5FA600A22B0FBF2F0C0B28B
:10216000194A216853800023137153719379507079
:102170000029CCBF43F0010303F0FE030E2894BFF7
:1021800043F0020303F0FD03937108B0BDE8704013
:1021900001F060BA2368002BD3DD013B2360D0E758
:1021A0002368002BC4BF03F1FF33236000236420A6
:1021B000D6E70020D4E700BF2F2D002058130020C1
:1021C000C42802005C130020D106002010B50C4B7F
:1021D0001B7886B093B10B4B1C687CB10021182290
:1021E000684618F0F6FF084B0193084B02936946C6
:1021F0000A232046ADF80C3007F08EF806B010BD6B
:102200005B2D002078130020502C0200D106002006
:102210002DE9F843DFF83C80DFF83C9005460E4698
:102220000024BFF35B8FD8F80070BFF35B8F77B9E2
:102230004846FEF711F9304616F08BFD3846FEF79A
:102240000BF901346E2016F084FDA542E9D1BDE8FA
:10225000F88300BF7013002048E8010010B40F4B52
:10226000BFF35B8F012253E8001F43E80024002CDA
:10227000F9D1BFF35B8F70B1BFF35B8F084B53E8AD
:10228000002F43E800010029F9D1BFF35B8F054817
:1022900010BC15F0C1BC10BC704700BF701300200B
:1022A00074130020600700202DE9F0412B4CA57924
:1022B000FFF714FFFFF74CFD294B1A78824209D033
:1022C0001870A37900283CD0264843F00403A3717A
:1022D00016F041FF244B1B78E3B116F02CFD234B85
:1022E000DFF88CC0D3E90023821A61EB03030027D7
:1022F000944577EB03030DDA1E4BD3E90026821ACF
:1023000061EB06069445B74104DAC3E900010220F7
:10231000FFF7A4FF184B1B684BB9A379C5F3400521
:10232000C3F34003AB4210D0144815F05BFEFFF737
:102330004DFFBDE8F04112484FF4F012002315F0B4
:10234000BFBE104803F0FB03C1E7FFF71BFD0223EC
:102350000D4A0E48194603F0EBFFE8E7D1060020CE
:10236000302D0020D4360200312D002070090020CD
:102370000074B70168090020781300204C03002086
:1023800000000020EA360200601300205C030020F9
:10239000F8B5244F244D4FF0FF334FF0FF3238464D
:1023A00015F05EFCBFF35B8F002355E8002F45E876
:1023B00000310029F9D1BFF35B8FBFF35B8F1B4B5B
:1023C0001B4C1E68BFF35B8FA37943F00803A37116
:1023D000FFF7FCFE012E1DD10A26BFF35B8F2B6891
:1023E000BFF35B8F7BB978210320FFF711FFBFF3A9
:1023F0005B8F2B68BFF35B8F1BB94FF4167016F021
:10240000A8FC013EE9D1A37923F00803A371FFF7EB
:10241000DDFEC0E7022EF6D196213046FFF7F8FE2A
:10242000F1E700BF60070020701300207413002044
:10243000D1060020F0B5002387B05E48022219467D
:1024400016F089FE5C481FF0B7FC10B95B4816F027
:1024500082FE5B4C20461FF0AFFC38B1A36859499F
:102460001B6820469847B0FA80F04009564B187018
:10247000002003F06FF8014628B1544816F06BFEB7
:10248000002007B0F0BD17F04DFB5148504D08211A
:102490001FF082FA0128044605DC08225A2128464A
:1024A00018F097FE082425444A4A15F8013C009389
:1024B00015F8023C4848494D052116F059FE464B97
:1024C000474A48480C2116F053FE102C464B2B600F
:1024D00022464FF0000328BF10223D4902A8CDE953
:1024E0000233CDE9043318F069FE404A404802A99E
:1024F0001EF0A1FC286807F04FFE3E4805F036F8B4
:102500003D4805F04DF83D4C20461FF055FCF0B11C
:102510002669A76833683A4A43F4005333603B683E
:102520000D212046984790B97B6802A9204698471C
:1025300020B9336802985840C0F34030002806DDC7
:102540003049002002F0E8FD2F4816F004FE02AAF0
:1025500000202E49029008F0CDF9029B2C4C002B54
:10256000D4BF002301232370FFF74AFDFFF7B6FD18
:1025700016F0E1FB274B2A68C3E9000116492648FB
:1025800016F0E9FD14492A68244816F0E4FD244AAF
:10259000244B207800280CBF1046184616F0DBFDAF
:1025A000214815F01FFD4FF4F01200231F4815F0CD
:1025B00087FD65E720370200EC280200393702006A
:1025C000C4280200A62C02002F2D00205237020042
:1025D000532D0020723702004E2D00207C13002066
:1025E0007B370200322D002040E201003E2D00200A
:1025F000F7370200F8020020E802002060280200FD
:1026000011000100C2390200833702002F8D010042
:10261000312D002070090020A8370200BF370200CA
:1026200004370200F83602004C03002000000020AE
:1026300010B5094C0A44914200D110BD11F8013B7C
:10264000584003090001E35CC0B2434018091B0174
:10265000205CDBB25840EEE77C380200014B1B687F
:10266000184700BF6C030020014B1860704700BF83
:102670006C03002007B50B46002102460091034879
:1026800000F01CF803B05DF804FB00BF5D260000FD
:1026900030B587B00025CDE903010446009503A9B4
:1026A0000548059500F00AF8DDE904309842B8BF06
:1026B000255407B030BD00BF339101002DE9F04F24
:1026C00095B08246039117461C460025387808B914
:1026D000284660E3252809D00399D0470028C0F296
:1026E0005A837B1C01350493049FEFE718220021D5
:1026F0000EA818F06EFD7B78252B7DD00023781C6A
:1027000098469E469C461E46014610F8012B2B2AF1
:1027100000F0A18000F29880202A00F09F80232AF8
:1027200000F09F802BB19DF8403043F040038DF8BE
:102730004030B8F1000F05D09DF8403043F0200341
:102740008DF84030BEF1000F05D09DF8403043F0C9
:1027500010038DF84030BCF1000F05D09DF84030DB
:1027600043F008038DF840302EB19DF8403043F01F
:1027700004038DF840309DF8403003F044004428B5
:1027800003D16FF386138DF840309DF840302A2A2C
:1027900043F080038DF840307FD19DF8412042F016
:1027A00001024B1C8DF841201A782E2A9DF84120F9
:1027B0000CBF0121002161F341028DF8412078D145
:1027C0005A782A2A6ED0013300224FF00A0C19469B
:1027D00011F8010BA0F13006092E40F295809DF80A
:1027E00040101292C1F3400040EAD2700A4660F3F2
:1027F00041028DF840205CE08DF84330BB1C04930F
:102800009DF84130DA0740F12E8154F8048BB8F17D
:10281000000F07DA9DF8402042F004028DF84020B6
:10282000C8F100085E0740F1278154F804BBBBF1F2
:10283000000F80F226819DF841306FF341038DF83F
:1028400041304FF0FF3B1CE12D2A0DD0302A7FF4A0
:1028500069AF012358E74FF0010C55E74FF0010E27
:1028600052E74FF001084FE701264DE70EFB0262E9
:10287000303A0346184610F8016BA6F1300CBCF153
:10288000090FF3D999428FD09DF840101192D20FC1
:1028900062F341018DF8401086E70B4600224FF0AD
:1028A0000A0EE7E79DF8412042F004028DF841202E
:1028B00002331A786C2A47D02BD8682A31D06A2A7A
:1028C0004BD04C2A51D01A4612F8013B0492782B77
:1028D0009DF841208DF8433000F2BE806D2B51D819
:1028E000692B00F2B980572B67D8412B03D0453BA9
:1028F000022B00F2B1809DF84230042262F3020301
:102900008DF84230012373E00CFB0202303A0B4693
:102910005DE7742A25D07A2AD5D19DF84120062179
:102920000CE05A78682A9DF8412006D1012161F314
:10293000C6028DF841200233C5E7022161F3C602C9
:102940008DF841200133BEE75A786C2A9DF841206A
:1029500001D10421EBE70321F0E79DF84120052197
:10296000ECE79DF841200721E8E7BDF8402022F47C
:10297000F04222F0020242F4804242F00202ADF83C
:102980004020DFE76E3BD9B201238B4040F2824109
:102990000B4237D113F0240F51D1D8075CD59DF8E5
:1029A0004230032161F302038DF8423002F07803D4
:1029B000A3F140014B424B411AE0A3F15801C9B2C7
:1029C000012000FA01F111F4624F94D140F60106A2
:1029D00031421DD111F4043F3ED09DF8423060F3E6
:1029E000020302F07802402A8DF8423034D00023EE
:1029F0009DF84020C2F340010B4363F341028DF880
:102A00004020FDE69DF84230022161F30203E8E731
:102A10009DF84210022002F0780260F30201402A81
:102A20008DF8421002BF9DF8401041F001018DF871
:102A30004010632BDBD1131E18BF0123D8E79DF88C
:102A40004230032161F3020312F0780F8DF8423017
:102A500014BF01230023CBE79DF8403043F001036E
:102A60008DF84030C3E79DF94020002AB4BFDDF85F
:102A700044804FF0FF38D5E698077FF5E2AEDDF8E9
:102A800048B09DF841100023CDE911339DF8423044
:102A900003F00703012BC1F3C30132D1CB1E042B7A
:102AA00004D8DFE803F020454520200023680129F1
:102AB0004FEAE372CDE90E321BD19DF93830DA17B7
:102AC000CDE90E3204349DF8403013F003064FD0A8
:102AD000049B03993A46504616F0A9FB0028C0F221
:102AE0005A81054400E654F8043BDA17CDE90E326A
:102AF000E9E70229E6D11AB243F3C033CDE90E2348
:102B0000E0E7022B24D1CB1E042B04D8DFE803F02E
:102B1000181010181800012954F8043B4FF0000257
:102B200014D00229CDE90E32CDD19BB20E93CAE763
:102B3000073424F00704F4E80223CDE90E23C2E7AA
:102B400054F8043B0E9300230F93BCE7DBB2CDE7B0
:102B5000042B08D1073424F00704D4E900230834F7
:102B6000CDE90E23AFE7032BADD154F8043BDDE7ED
:102B70009DF8430078283FF6B7AD62281DD8252878
:102B80004ED058287FF4B0AD0DF136030093DDE947
:102B90000E0108AB10AA16F002FBBBF1000F0746AE
:102BA00080F2C280002F3FF49FAD0DF13609A9EBF2
:102BB0000700002E49D0013047E0633815283FF662
:102BC00093AD01A252F820F0EB2C0000FD2C000088
:102BD000E9260000E9260000E9260000E9260000B9
:102BE000FD2C0000E9260000E9260000E92600008F
:102BF000E9260000492D0000232D0000AB2C000029
:102C0000E9260000E92600002F2C0000E92600003C
:102C1000232D0000E9260000E9260000232D0000F6
:102C20000399D0470028C0F2B68001355CE5BBF1BE
:102C3000000F0E9F35DB5946384618F0D6FA07EBE1
:102C40000009002F3FF450AD00269DF8423013F0EC
:102C50001002059200F0928002305B06DDF844B06D
:102C600048BF129B584448BFC018B8F1000F40F34A
:102C70009F809DF84020A8EB0008C2F38003500716
:102C8000069300F19580510640F188803EB103998A
:102C90003046D04700287EDB069B01351E46302299
:102CA0007DE0384618F053FAC9E70E9800285FD047
:102CB0000DF1360908ABCDF8009010AA002116F0EE
:102CC0006EFABDF8423003F0EF0343F4F04343F0F3
:102CD0001003BBF1000F0746ADF8423023DA00289D
:102CE0003FF402ADA9EB0000AEE70E9B8DF820305B
:102CF000002608AF0DF121090120A6E719075CBFE6
:102D0000C3F300135E01DDE90E2348BF2B26002B21
:102D1000BFF63AAF524263EB4303CDE90E232D26B3
:102D200032E7002630E700269DF840200DF13603FB
:102D3000DB1B6FF386129B458DF840207FF632AF88
:102D4000ABEB030311932DE70E9B07293FF6CCACA9
:102D5000DFE801F00C04060C08080C0C1D70C3E43D
:102D60001D80C1E4EA17C3E90052BDE41D60BBE465
:102D70002E4F064607F10509052066E71A0748BFEA
:102D800001306AE70793104606920399D04700285E
:102D9000DDE9062304DA15B0BDE8F08F20224346B2
:102DA0001946002903F1FF33ECDC45446D1A9846BF
:102DB0002EB103993046D0470028ECDB01359DF851
:102DC0004230DA0601D41B0705D503993020D047DD
:102DD0000028E0DB0135059B33B103999DF84300E2
:102DE000D0470028D7DB0135AB4405E003993020FC
:102DF000D0470028CFDB0135ABEB0503002BF5DC1A
:102E000003994B463A46504616F011FA0028C2DBA9
:102E10000544A844A8EB0503002B7FF765AC039994
:102E20002020D0470028B6DB0135F3E78C380200BC
:102E30002DE9F047058B04462807904611D4022956
:102E400005F0070540F0CC80204616F08DFA78B1E9
:102E50000138218B042811D8DFE800F0C2106D85FD
:102E6000950001290CBF45F0100545F0200525838C
:102E700088F31188BFF36F8FBDE8F08701F0070A70
:102E8000AA4500F0A5800027B9463E46A368002B5E
:102E900000F0BC8041F00801218388F31188BFF362
:102EA0006F8FA168002900F0BA800D68002900F03A
:102EB000B680D1F80480334652462046C047002DE4
:102EC00076D02B6829461D46F0E701F007035A1F0C
:102ED000012A1BD8002221F00701062B276889B29E
:102EE000C4E9002209D13B4603E0628B01326283D0
:102EF0001B68002BF9D141F002012183204616F016
:102F000033FA00287AD041F0200176E0042B0AD170
:102F100021F0070189B22183204616F025FA10B16D
:102F200041F020012183218B01F0070AAA454FD0EF
:102F30000027B946AAE7236921F0070141F00601FD
:102F4000062DD3F8009021832DD1B9F1000F3FD089
:102F500041F00801218388F31188BFF36F8F3A494C
:102F60002046C84729E021F00701236941F0040108
:102F700089B2042DD3F804902183E6D000273E4681
:102F80004FF0040A82E721F00701236941F00501AF
:102F900089B2052DD3F808902183D6D000273E466C
:102FA0004FF0050A72E700273E464FF0060A6DE72C
:102FB0002B4687E7B9F1000FD1D1EFF31188202319
:102FC00083F31288BFF36F8F238B23F008032383CF
:102FD000258BEA062ED525F01003238305F007057F
:102FE0006669218B002EBFF670AF00232768C4E905
:102FF000003321F0070141F001012183218B01F011
:10300000070AAA454FF000097FF440AF002F9CD07B
:1030100041F00801218388F31188BFF36F8F002FDF
:10302000C8D03D68394633465246204616F0C8F9A6
:103030002F46F4E7AB067FF51BAF25F02003238373
:1030400005F0070500E700BFED9301002DE9F74308
:103050000F4606460821C06ADFF8509016F0F7FACE
:103060003C68241A80463C6004EA0905AC4203D857
:10307000002003B0BDE8F08308236A4621463046AD
:1030800016F07DFA0028F4D16946304616F0E9FAC8
:1030900040B1BDF80230BDF804203C6005EA0905E6
:1030A00013441D44A4EB0804E0E700BF0000FFFF49
:1030B0002DE9F047044688B000F1140738461EF0A9
:1030C00065FFA06A8368DB689847E06228B96FF003
:1030D0001505284608B0BDE8F087A06A8368DB685C
:1030E00098470368013B1F2BF1D8A06A216805AA05
:1030F0001EF0CDFB0028EAD1A589002DE7D0069B64
:10310000B5FBF3F203FB1255002DE0D1E389012B4F
:10311000DDD9E36A009593F805904FF0FF334FF047
:10312000FF32384614F092FCE06A082116F08FFA5C
:10313000A8460646E3891FFA85FA534508D8E3896D
:10314000434523D1384614F0F9FC6FF02C05C0E755
:10315000A1892B04891B13FA81F14A4608232046D2
:10316000009116F01AFA78B16946204616F040FA36
:1031700008F10108009908234A4620461FFA88F8FA
:1031800016F00BFA0028DAD00135D3E753450BD1FE
:10319000009908234A46891B204616F0FEF918B903
:1031A0006946204616F024FA69462046FFF74EFF8E
:1031B000054618B1384614F0C1FC8AE7009B6360ED
:1031C0004FEA13484FEA0848C4F80880D4E90113CD
:1031D00099420FD3082301AA204616F0D0F90546DC
:1031E0000028E7D101AB13F8012B914533D101350C
:1031F000082DF8D163681B0C1B0469462046009318
:1032000016F0F6F9A38900994A46204616F0C5F94A
:10321000051ECFDB636876D006EB03084FF6FF7917
:10322000A389CDF800801FFA88F29B1B9A422ED307
:1032300000236168002B43D0090C0904009120464B
:10324000694616F0D5F90099204616F0DEF90546D4
:10325000002D74D0AEE701A9204616F002FA62688C
:1032600010B9921B6260B1E7BDF80850BDF80610B6
:10327000E06AC4F80880294416F0E9F94044904215
:10328000A060EED1002DECD06FF01C0568E00823A3
:1032900003AA4146204616F072F90546002889D156
:1032A00003A9204616F0DDF930B1BDF80C304B45CE
:1032B00002D1BDF810300BB1B044B1E70123B8E73B
:1032C000204616F0A2F9054600287FF473AF636824
:1032D000264AA18913400B44A3EB460363601340C5
:1032E000A360204616F0A6FAB1E75B1A4A462046CC
:1032F00016F053F9051EFFF65DAF08D0E26AA36829
:1033000012681344A360D4E901318B42EDD861689F
:10331000A38901EB46029A429AD1DFF85080A26855
:1033200001EA08039A4293D0204616F06EF905464A
:1033300000287FF43FAF636803EA0803A360A38912
:10334000A288A3EB46039A4206D0384614F0F6FB57
:10335000012323740025BCE6204616F054FA0546E6
:10336000384614F0EBFB002DF2D0B2E60000FFFF70
:103370002DE9F04F1D4691B0037C02910446009266
:10338000002B00F0DE80C26A0821104616F05FF9BB
:1033900029460190104616F05AF9A389019AA3EB29
:1033A0008203AB420746C0F0CF801DB1009B002BCB
:1033B00000F0CA806368059306AA05A92046DDF8D7
:1033C00014A016F08BF9064600283ED1BDF818303F
:1033D000029A934206D06268059B9A42ECD1002D76
:1033E00039D132E006A9204616F03BF90028F2D088
:1033F000BDF81A80BDF81C305DB39D422BD1E36A45
:10340000DDF800B01B684FEA1A4A5B424FEA0A4AED
:1034100003F02003D0440393AA46DDF80C90D14575
:1034200028BFD1464B4608AA4146204616F0A7F8C9
:10343000002851D14A4608A9584617F0AFFE50B9A6
:10344000BAEB090AC844CB44E7D1304611B0BDE815
:10345000F08F002BF9D0002F41D104F114094FF067
:10346000FF324FF0FF33484614F0F0FADFF8E0B0D7
:103470004FF6FF7AE3899E4260D0D4E901217B18A0
:103480009A4230D3029BADF82030FF23009A8DF88A
:10349000263020462B46ADF82210ADF8245016F009
:1034A00067F929468046E06A16F0D1F8A26802441E
:1034B000A260B8F1000F0AD108A816F0BFF808A959
:1034C000204616F08FF9002814BF8046A8464846CB
:1034D00014F034FB4646B8E7BDDC0646B5E7019B71
:1034E0001F44BFB2B9E70821E06A16F0B0F8002324
:1034F000ADF824301318ADF82230A389ADF820A020
:1035000002EA0B021A44101A606008A88DF826A07F
:1035100016F094F808A9204616F064F9211D2046FB
:1035200016F066F8636803EA0B03A360204616F002
:1035300081F980460028CAD101369BE76FF01B084D
:10354000C5E76FF00C0680E76FF015067DE700BF5A
:103550000000FFFF014B036000207047B42C020005
:1035600070B5114B1C680D46DCB1104B1968002377
:103570008B4202DB6FF0010070BD224612F8106B27
:10358000864202D001331446F2E7E06810B96FF0CA
:103590001200F1E71EF010FC0028F8D02C6000208B
:1035A000EAE76FF00C00E7E770030020B42C02009C
:1035B00070B588B005460C46C0B269461646FFF79E
:1035C000CFFF00281BDB0098C8B1436802938368D3
:1035D00022680195CDE903360023CDE90623059342
:1035E000C56816F05FFA6DB12846084901AA1EF0B9
:1035F00052F9079808B9059B236008B070BD6FF0B9
:103600001500FAE76FF01200F7E700BFA79A010074
:103610001FB507240294044C0194BDF8184000948F
:103620001AF01AF804B010BDDB06002010B5084CE3
:1036300086B024788DF81740012402940DF1170408
:103640000194BDF8204000941AF006F806B010BDB1
:10365000E206002000B589B064288DF8070019D86B
:103660000E4B18221870002102A817F0B2FD0C4B67
:1036700003930DF10703049302A901230020ADF881
:10368000143005F049FE10F1800F08BF002009B08A
:103690005DF804FB6FF01500F9E700BFE2060020BB
:1036A000C02D02002DE9F0410F4B1C6805460E4667
:1036B0001746ACB14FF0FF324FF0FF330B4814F018
:1036C000C5F963683246D3F8088029463B46204650
:1036D000C0470446054814F031FA2046BDE8F081A1
:1036E0006FF00104F9E700BF801300204C070020B1
:1036F00000230360044B5A6812B9C3E90000704705
:1037000010605860704700BF84130020014B1860A0
:10371000704700BF8013002030B585B000230546F8
:10372000CDE9023301904FF0FF330C484FF0FF32E8
:1037300014F08CF90A4B1C684CB9284600F08EF83E
:103740000446064814F0FAF9204605B030BD636817
:1037500020461B6801A998472468EDE74C07002024
:10376000841300201FB5CDE9010103924FF0FF3310
:103770000A484FF0FF3214F069F9094B1C682CB964
:10378000064814F0DBF9204604B010BD63682046FB
:103790001B6801A998472468F1E700BF4C07002087
:1037A00084130020024B0022C3E90022704700BFAF
:1037B00084130020024B0022C3E90022FFF7F2BF6E
:1037C0008C1300202DE9F74307460C4609B100236E
:1037D0000B601F4DDFF87C9000264D450FD31E4B2C
:1037E0001D6885B355F8148C01AA41463846143D2E
:1037F00016F09FF910B3D6B914BB2E461EE0D5F8CB
:10380000008001AA4146384616F093F950B116B926
:1038100054B92E4606E031680022404616F089F978
:103820000028F5D11435D8E7019B2360F1E7316812
:103830000022404616F07DF90028DDD16D69D0E701
:10384000019B2360D9E7304603B0BDE8F08300BF99
:10385000D42A02004C2B02008C130020F8B5184C1F
:10386000184F06460025BC4208D3174B1C682CB3E2
:10387000143CB6B9E368E3B96469F8E72EB9E368C4
:103880005BB9284614340546EDE72068002231462E
:1038900016F04FF90028F2D1F3E79847002DF0D148
:1038A000F0E720680022314616F043F90028E1D104
:1038B000E2E79847002D08BF0546DDE72846F8BD3A
:1038C000D42A02004C2B02008C13002038B50C4D7A
:1038D0000C484FF0FF334FF0FF3214F0B7F82B785D
:1038E0003BB9FFF767FF00F06DF8044610B90123FC
:1038F0002B700024034814F021F9204638BD00BF86
:103900005C2D00204C0700202DE9F047048FDFF8E4
:10391000B0A0013498B006468946A4B200F1080769
:10392000651EADB2B5F5004F47D04A2305AA29461A
:10393000384616F0B0F804F57F543F34A4B2804600
:10394000214601230DF10B02384616F0A4F8B8F118
:10395000000F014610DC002810DC338FAB4209D188
:1039600032466B1E22F8383F4FF40041022338469E
:10397000FFF7FEFC2C46D3E7002808DC2946384632
:1039800016F025F82146384616F021F8E5E708F14B
:1039900060030DEB0308002308F84C3C5246CDF8B9
:1039A000009003AB05A80397ADF8104016F0F7F8A8
:1039B0000028DFD018B0BDE8F0870020FAE700BF8C
:1039C0000D9C01007FB50123694603200193FFF799
:1039D000C7FD044660BB02AA01A90320FFF7E8FD6A
:1039E000044610B110F10C0F22D10399B1F5803FBC
:1039F00023D2009A002394681846084484421AD3BC
:103A00000133082BF9D10E4DA982EB825368AB60CC
:103A10002846D368EB6316F091F9044640B9094E85
:103A20006E602846FFF764FE28466E60FFF76EFE64
:103A3000204604B070BD9BB2E5E76FF02004F7E7C5
:103A400094130020B4030020014B1868704700BF96
:103A5000C8030020F0B5082289B016F05AFBCB6AE3
:103A600003930B6B04934B6B05938B6B0693CB6BA0
:103A7000079313466A460C46064600271146104631
:103A8000CDE90177009716F052FA314605463046E7
:103A900016F04DFA216B0391616B0491A16B0591B6
:103AA000E16B0544CDE906171046114616F03FFAC2
:103AB00031460544304616F03AFA0544206A009033
:103AC000606A0190A06A0290A06B0690E06B07907C
:103AD0003046CDE90477039716F029FA0544606A69
:103AE0000090A06AD4F838C00190E06A0290CDF846
:103AF00010C0606BD4F83CC00390CDE905C0206ACB
:103B00000790304616F013FA0544E06A0090206BE7
:103B10000190606B0290206A0690A06A0790304680
:103B2000CDE90477039716F027FB236B0093636BB3
:103B30000193A36B0293E36B0393636A0693E36AB7
:103B400007932D1A0823304616F016FB636B00937B
:103B5000A36B0193E36B0293236A0393636A049359
:103B6000A36ACDE90537236B07932D1A0823304646
:103B700016F002FBA36B0093E36BCDE90137636A98
:103B80000393A36A0493E36A0593636B07932D1A67
:103B90000823304616F0F0FA2D1A10D40D4C35B922
:103BA00008223146204616F0C0FA01280FD008231B
:103BB00022463146304616F0DFFA2D1AEFE7054A65
:103BC00008233146304616F0B2F92D18F8D409B062
:103BD000F0BD00BF142E02000449431E0F3013F83D
:103BE000012F8A5C1A708342F9D17047AC38020009
:103BF000F0B5264E07460C460FCE8DB001AD0FC571
:103C00000FCE0FC596E8070085E807003846002F5D
:103C100038D0002C38D0381F2146024610344B785B
:103C20000D781B0443EA0563CD782B438D7804316E
:103C300043EA05238C4242F8043FF0D1144C04219E
:103C40008A07036916D1C3F30742A55C1A0EA25C6A
:103C500042EA0562C3F30725DBB2655DE35C42EA35
:103C6000054242EA032221F0030330336B4453F848
:103C70002C3C534050F8042F013153402C29036150
:103C8000DED101200DB0F0BD2046FBE7502B020035
:103C9000AC38020030BFFFF7FDBF00BF074A936892
:103CA00093F90E10002907DB526993421FBF044AA3
:103CB000536843F080535360704700BFBC2C002012
:103CC00000ED00E070B5264B15469A6A12F0100F11
:103CD0009A6A14BF1124102412F0080F9A6A18BFB0
:103CE0001224920706460AD5586B9A6A140634D5F0
:103CF00019B19A6A22F080029A62132401E06FF0EF
:103D00001500174B9A6A12F0010F9A6A18BF142413
:103D100012F0200F9A6A18BF1524D20602D49B6AAB
:103D20009B070AD50E4B5B68190506D5314600F096
:103D300031FA10B180F309880224094B9A6A92067D
:103D400042BF5A6A22F400525A629A6A42F0FF0253
:103D50009A6200232B70204670BD6FF01500CCE7EF
:103D600000ED00E0134B9A6A12F0007F9A6A14BFCC
:103D70001E201D2012F0807F9A6A18BF1F2012F4A7
:103D8000002F9A6A18BF212012F4802F9A6A18BF58
:103D9000222012F4003F9A6A18BF232012F4803FB9
:103DA0009A6A6FEA02426FEA12429A6218BF2420AE
:103DB000704700BF00ED00E010B5194B0246986A4D
:103DC0009C6A10F4805F14BF1720162014F4006F53
:103DD0009C6A18BF1820A40509D5986B986A00043E
:103DE00004D51AB19A6A22F400429A6219200C4B47
:103DF0009A6A12F4806F9A6A18BF1A20D2050CD4FE
:103E00009B6A13F4005F18BF1C20054A936A43F4B1
:103E10007F43936200230B7010BD1B20F5E700BFAA
:103E200000ED00E070B5454B5B688AB00546C3F312
:103E30000803002686F31188BFF36F8F02F07F40DE
:103E4000B0F17F4F11D102F00C0008280DD01007FF
:103E50004CBF0D4601260022033B8DF80720032BA3
:103E600005D8DFE803F01E5D615A3546F3E700240C
:103E70009DF807309BB92022294602A817F09EF929
:103E8000099B002E54D0C3F3080222B96FEA5323D2
:103E90006FEA4323099302A9204617F08FF80AB06E
:103EA00070BD264BDA6A9107E1D4DA6A002ADEDBBC
:103EB000DA6A5200DBD55A69A96942F480725A6104
:103EC000BFF34F8FBFF36F8F5A6931F8021C22F492
:103ED00080725A61BFF34F8FBFF36F8F4DF602723E
:103EE00091420AD09A6AD2B24AB10DF10702012179
:103EF0002846FFF7E7FE0446BAE72C68B8E79A6A57
:103F000012F47F4F05D00DF107010120FFF754FF98
:103F1000F1E79B6AB3F5803FA9D3FFF723FFEAE7F8
:103F20000DF107020021E3E70DF107010020EDE7A5
:103F300023F4FF7323F00103ACE700BF00ED00E0C2
:103F4000024A536943F010035361704700ED00E0EB
:103F5000EFF30880EFF3098101B57246FFF762FFC6
:103F600001BD00BF12F0F8FB202080F31188084843
:103F70004FF40461401880F30988EFF314800221A4
:103F8000084380F31488BFF36F8F00F0C3F800007C
:103F9000C0470020084B9B6883420BD1EFF3058399
:103FA00043B1064B5A6842F080525A605A6A22F472
:103FB00000425A621EF0D6BABC2C002000ED00E090
:103FC000094A93686FF00A01D967084998674B68F6
:103FD00043F080534B60002383F31188BFF36F8F4E
:103FE0009368D86F704700BFBC2C002000ED00E044
:103FF00010B50446EFF31183202383F31288BFF337
:104000006F8F094B58699860084B4FF000625A60F7
:104010000022836F826783F31188BFF36F8F00F0F4
:104020001DF9204610BD00BFBC2C002000ED00E0B3
:104030000B498A684FF030001044EFF3098C80E898
:10404000F01F74467046FFF7D3FFA64604498A68FE
:1040500002F1300090E8F01F8CF3098870470000EF
:10406000BC2C00201EF0040F0CBFEFF30880EFF310
:104070000980816911F8021C0229FFD001B516F0F0
:10408000A3FF01BD40B2002807DB044A4109012318
:1040900000F01F00834042F82130704700E100E04B
:1040A00040B200280CDB4309064900F01F00203312
:1040B0000122824041F82320BFF34F8FBFF36F8F5F
:1040C000704700BF00E100E0054B420900F01F000F
:1040D00053F82220012303FA00F01040704700BF7C
:1040E00000E100E040B20028A8BF00F1604001F10B
:1040F0000101B8BF064B4FEA4111ACBF00F561406A
:1041000000F00F00C9B2B4BF195480F80013704713
:1041100014ED00E00F4A08B50F4B22F07F029A60C1
:10412000BFF34F8FBFF36F8FD3F8882022F4700254
:10413000C3F88820EFF3148323F0040383F3148877
:10414000BFF36F8F13F07EFB14F09EFB00F05CF862
:1041500013F0BCFB0000000000ED00E042F8203C42
:10416000009B42F81C3C0A49019B42F8183C029B08
:1041700042F8143C21F001014FF0807342F8043CF6
:1041800042F8081C0023203A02658367704700BF8D
:104190008B910100094A0346906870B113F1160F24
:1041A000806E05D0A0F140029A4205D8834203D226
:1041B000814228BF0020704700207047BC2C00209F
:1041C00008B50B4B0E461546986000F047F82C4694
:1041D00086F309884FF00000064B984720464FF0C1
:1041E00000014FF000024FF00003034C204700BFD6
:1041F000BC2C0020E7AF01008B910100014B102285
:104200001A61704700ED00E0044800232021C21825
:104210000133272B82F80013F9D1704700E100E049
:1042200008B5EFF30583064A103B02EBC30152F8D1
:10423000330049688847BDE80840FFF72FBD00BF3D
:1042400000290200024B034A0348012100F076B81E
:104250000000012000000020C02E0200826E054BED
:10426000403A1A60044A4021C3E90112184601216C
:1042700000F06EB8D413002000000B15084AC2F8F5
:1042800098000B6823F01F03034343F01003C2F8A8
:104290009C308B6843F00103C2F8A030704700BF28
:1042A00000ED00E02DE9F043DFF8608085B00E46B8
:1042B0001F4604464FF00009B14523DA6068D8B1C3
:1042C0003FB1411E08421BD11F2819D9236819424A
:1042D00016D12368019316F0A9FEA3680343039344
:1042E000D8F89050C5F30725D0B2013DA84207D8B1
:1042F00001A9FFF7C3FF421C09F101090C34DBE7F8
:104300006FF01502104605B0BDE8F08300ED00E047
:10431000044B0522C3F89420BFF34F8FBFF36F8F78
:10432000704700BF00ED00E0BFF35F8F024B00223B
:10433000C3F89420704700BF00ED00E010B5034CB7
:1043400001232278FFF7AEFF207010BD5D2D002005
:1043500008B50B4A00231278FFF7A4FF10F1160FDF
:1043600007D0084A0021D2F89030C3F307239842BF
:1043700000DB08BDC2F89800C2F8A0100130F2E7D7
:104380005D2D002000ED00E02DE9F043534B544C2F
:10439000D3F890302568C3F307239D4285B000F21F
:1043A0009A80FFF7C1FF00200C2685421AD14D4CA0
:1043B0004D4F25706846FFF7CDF8DFF82081DFF814
:1043C0002C9106460025AE4213D1237843490020A4
:1043D000D1F89020C2F30722934276DBFFF798FFD3
:1043E000002042E0616806FB0011FFF747FF013043
:1043F000DBE7009800EB05114FEA051CCB683B405A
:10440000B3F5000F48D00AD8B3F5001F30D0B3F58C
:10441000800F36D0B3F5801F10D00135D3E7B3F14C
:10442000807F42D0B3F1007FF7D150F80C3088681C
:104430004A6816F0FBFD40F4802009E050F80C308B
:1044400088684A6816F0F2FD40F0885040F4302049
:10445000CDE901230390D8F890302078C3F30723E7
:10446000013B98422AD96FF0150005B0BDE8F083F2
:1044700050F80C3088684A6816F0D8FD40EA090008
:10448000E6E750F80C3088684A6816F0CFFD40F037
:10449000007040F40030DBE750F80C3088684A6860
:1044A00016F0C4FD40F08270D2E750F80C308868F6
:1044B0004A6816F0BBFD40F08870C9E701A9FFF714
:1044C000DDFE237801332370A7E7C1F89830C1F8E7
:1044D000A00001337CE74FF0FF30C6E700ED00E0BD
:1044E000CC2E02005D2D00200000F0FF000008111E
:1044F000014B1860704700BFCC030020044A012321
:10450000C2F840354FF080420020C2F8783570473D
:1045100000E0014020B1034B800143F00103184744
:10452000704700BFD02B020008B504481DF044FCC2
:1045300000280CBF6FF01200002008BD7428020094
:104540002DE9F0414FF0FF3206460D464FF0FF33A4
:1045500000210F2000F0DCFB012700F10C080446CD
:104560000776022140461DF034F80F230421037022
:10457000417040461DF02DF8054B47704680057090
:104580002146D3F86C01BDE8F04100F037BE00BF12
:1045900060000020F8B55D4EBFF35B8F3468BFF359
:1045A0005B8F14F0010454D0594F5A4C5A4D5B485C
:1045B0003A46214615F00FFC00283FD0202229461C
:1045C000204616F0EBFD0028F1D000274FF0FF3217
:1045D0004FF0FF33012000F08BFB00F10C050221AE
:1045E000044628461CF0F5FF3E2303704223437027
:1045F000012128461CF0EDFF0823037041212846C5
:104600001CF0E7FF054600F8017BCFB140220021F6
:1046100016F0DFFDBFF35B8F56E8003F23F0010388
:1046200046E80032002AF7D1BFF35B8F21463C4BAE
:10463000D3F86C01BDE8F84000F0E0BD1F27C5E7E6
:10464000364916F022FE203105F1210016F01DFE3C
:10465000E0E7BFF35B8F3368BFF35B8F9B0753D5F6
:10466000BFF35B8F2A4935682C48BFF35B8F16F088
:1046700070FA002834DA6FF004044FF0FF324FF084
:10468000FF33012000F034FB00F10C070221054646
:1046900038461CF09EFF3E23037022234370012105
:1046A00038461CF096FF09230370212138461CF080
:1046B00090FF0346013014B31F221A70FF212022FD
:1046C00016F087FDBFF35B8F56E8003F23F002032F
:1046D00046E80032002AF7D1BFF35B8F2946A6E7F0
:1046E0000C490D480A4B15F0040F01F1200218BFC8
:1046F0000146104615F0BEFB0028BCD0BDE70749B7
:104700001C7016F0C2FDDDE7F8BD00BFE01300200D
:10471000EC2E02005E2D0020D53902007E2D0020F7
:104720006000002070B5214CBFF35B8F2368BFF39E
:104730005B8FDA0706460D4601D50C2070BD0129B6
:1047400031D8BFF35B8F54E8003F43F0020244E8E6
:1047500000210029F7D1BFF35B8F9B07EDD41448EC
:10476000314616F092FD134806F1200116F08DFD3A
:10477000BFF35B8F75B154E8003F43F0040344E896
:104780000032002AF7D1BFF35B8F0B4800F074FAB8
:104790000020D3E754E8003F23F0040344E800324C
:1047A000002AF0D0F6E71220C8E700BFE01300208F
:1047B0007E2D00209E2D0020D003002070B5067EA7
:1047C000044676B9C3681D8842F22602954246D057
:1047D00010D842F20102954250D042F225039D4288
:1047E00014D02B4BD3F86C01836821469B68BDE83D
:1047F0007040184742F25E039D42F2D103210C3013
:104800001CF006FFE06890F840102EE003210C3009
:104810001CF0FEFE204610F0D7FABFF35B8F1D4B55
:104820001A68BFF35B8F920707D50C26314642F218
:104830002500FFF785FE002070BDBFF35B8F53E8B6
:10484000002F42F0010143E800100028F7D1BFF328
:104850005B8FD307E9D4104800F00EFAE6E7032196
:104860000C301CF0D5FEE0683146FFF75BFF0646D2
:10487000204610F0A9FA31462846DAE7DA7802F045
:104880007F02DA701A7922F001021A71A9E700BFDB
:1048900060000020E0130020D00300202DE9F74342
:1048A0002F4CBFF35B8F1F462368BFF35B8F164609
:1048B000DA07054625D520B96FF0010003B0BDE841
:1048C000F08301A915F059F9264980460246284689
:1048D00016F050FCE0B9BFF35B8F2368BFF35B8F2A
:1048E000C3F3C0051B070CD4D43C0722214638462D
:1048F000B047062807D807222946204616F069FC4B
:10490000E5710020DAE70723B0FBF3F0E071F8E788
:1049100015494246284616F02DFC814650B9102212
:1049200004F1DE013846B047031EEADB234483F876
:10493000DE90E6E728460D49424616F01BFC054688
:104940000028B9D1102204F19C013846B0470F2845
:10495000D7D81022294604F19C0016F03AFCD0E783
:1049600034010020FC3B0200F5390200FA39020054
:104970002DE9F04188B09C79DDF838805D791E79A9
:10498000DF7893F802C093F801E01B78B8F1000FCC
:104990000ED0CDE90638CDE904CE1346CDE9026745
:1049A000CDE90045084A14F0E3FB08B0BDE8F0810A
:1049B000CDE905E3CDE9037C1346CDE90156034A71
:1049C000009414F0D5FBF0E7FE390200223A020011
:1049D00070B504468CB01E461546A2B129B10A46F0
:1049E00002A8042114F047FC02A900912B4622469C
:1049F000242103A8FFF7BCFF109A314603A8FEF755
:104A000051FE0CB070BD0346044A242103A814F0E3
:104A1000AFFB0028F0DA6FF01500F2E7433A02002E
:104A200007B5064B0648DA79C2EBC20200920022B3
:104A30001146FFF7CDFF03B05DF804FB60000020D6
:104A4000FC3B020007B5074B0748A3F5B872D279C3
:104A50001201009200221146FFF7BAFF03B05DF881
:104A600004FB00BFD0010020FA39020030B5044633
:104A70008DB0154692B129B10A4602A8042114F05E
:104A8000FAFB02A900912B462246242103A8FFF736
:104A90006FFF03A815F049F80DB030BD0346054A75
:104AA000242103A814F064FB0028F2DA6FF015004B
:104AB000F2E700BF433A020007B5009313460A46E7
:104AC00001460348FFF784FF03B05DF804FB00BF15
:104AD0004B3C02000A4601460148FFF7C7BF00BF32
:104AE0004B3C020007B5009313460A4601460348B3
:104AF000FFF76EFF03B05DF804FB00BF453C02000A
:104B000007B5009313460A4601460348FFF760FFC6
:104B100003B05DF804FB00BF363C02000A460146C4
:104B20000148FFF7A3BF00BF363C020007B50022D3
:104B30000346009103481146FFF74AFF03B05DF8B2
:104B400004FB00BF3D3C020007B500220346009174
:104B500003481146FFF73CFF03B05DF804FB00BFBC
:104B6000F539020008B5024813F03CFA002008BDF0
:104B7000F003002008B5024813F034FA002008BD05
:104B8000E003002070B51E4CBFF35B8F2368BFF3BA
:104B90005B8F13F0010F254624D094F8DE30A4F18A
:104BA000D40613B9174800F06BFBF379E3B1BFF3F8
:104BB0005B8F2368BFF35B8F5A0701D400F04EFB75
:104BC000BFF35B8F55E8003F23F4803245E80021B6
:104BD0000029F7D1BFF35B8FDB0303D5FFF7C2FFDB
:104BE000FFF7C8FF002009E001F0F6F930B9F379CA
:104BF000002BDCD101F02AFA0028D8D070BD00BF0C
:104C000034010020A138020007B5009313460A467C
:104C100001460348FFF7DCFE03B05DF804FB00BF6C
:104C2000A33C02000A4601460148FFF71FBF00BF30
:104C3000A33C020030B50A4D0A4B85B0002428463B
:104C4000029303941DF037FB02AB009328460649FC
:104C50000A234FF4A86213F0CBF9204605B030BD0B
:104C6000780900204C3A0200003400200146014837
:104C700013F0FCB978090020014601481DF0F0BA94
:104C80007809002030B4034608461A78012A13D068
:104C9000022A26D072B9154A02F1100452F8045BB8
:104CA00041F8045BA242F9D112780A705B88437321
:104CB0001B0A837330BC70470C4A02F1100452F88F
:104CC000045B41F8045BA242F9D112780A705B6878
:104CD0004373C3F307221B0CC3731B0A8273037451
:104CE000E8E730BC1122194616F068BA553A0200BE
:104CF00038B5054605481CF0FDFB044620B10121EE
:104D00000C301CF05CFC2576204638BD8408002061
:104D1000132810B50CD10A481CF0ECFB044628B14E
:104D200001210C301CF04BFC01232376204610BDE2
:104D300009B10448F0E7BDE810400120FFF7D8BFF3
:104D4000B008002000080020F8B506460F4602F023
:104D5000C5FA044640B18378012B24D0132117F003
:104D600075FA204601F096FF3946304605F060FEA0
:104D7000054628BB3946304604F084FC144B1B68BA
:104D800023B31C6804B10C3C53F8043C13B13946FE
:104D900030469847D4B12346E4689B68A4B10C3CE4
:104DA000002BF4D1F7E70023D0F8A050C0F8A030D2
:104DB000132117F04BFA204601F06CFF002DD3D0E1
:104DC000284619F0D9FBD5E7002BE0D1F8BD00BF8C
:104DD0004814002070B5C6683378B6F8014083B92E
:104DE0000F21204602F01AF8F378054650B90A4A16
:104DF000118831B96FEA04506FEA10501080074AE9
:104E0000137070BD0373012101F07EFF2846BDE8D9
:104E1000704001F03FBF00BFF42C0020BE2D0020E9
:104E200010B5084C0146062294F86F0002F070FAA3
:104E300038B994F86F000449BDE81040052202F02B
:104E400067BA10BD60000020BB39020010B5012117
:104E500004460C301CF0E4FB2146034A0078BDE810
:104E60001040002316F09ABB7430020010B50121E7
:104E700004460C301CF0D4FB2146034A0078BDE800
:104E800010400A2316F08ABB2430020070B5304867
:104E90001CF04BFB0446002858D0037E012B32D077
:104EA000032B02D1038A032B02D80FF08DFF20E0E1
:104EB00004210C301CF0B4FBFF2243880688627684
:104EC000228AC6F30B009A42608301D02046ECE7A9
:104ED0000F2101F0A3FF05460028F7D001F0CAFF1B
:104EE000320B60762146284617F01CF9284601F05F
:104EF000D1FE184BD3F84C3143B3BDE8704016498E
:104F000016481DF0ADB9038A012BCED902210C3011
:104F10001CF086FB0546007816F0CEFA10F002066B
:104F20000DD10F4A0F49104840F67E3314F096F920
:104F300086F31188BFF36F8F0323184602DF0B4AF5
:104F400028780623214616F029FBBFE770BD00BF75
:104F5000AC0100206000002010040020180A00208E
:104F6000663A0200933A0200C13A0200F42F0200AE
:104F70002DE9F047884616468246002878D0BFF3D0
:104F80005B8FDFF8F090002359E8004F49E80032CA
:104F9000002AF9D1BFF35B8F002C69D020460FF0B7
:104FA00067FE354D0C2303FB0050274643885345CD
:104FB00011D0BFF35B8F59E8003F49E80072002A27
:104FC000F9D1BFF35B8F002B52D01F463846BDE8A6
:104FD000F0470FF0F9BEA6420ED020461CF085FA2D
:104FE00004F10C090121217648461CF0E8FA328AC6
:104FF000F16848461CF0F3FA20460FF039FE0C2603
:1050000006FB00504368ABB1B8F1000F12D1204647
:105010000FF02EFE06FB005001214268D2E900038A
:10502000127A03F01F06B1405B09DAB100EB83008E
:1050300016F054FA20460FF01BFE0C2606FB00501B
:105040008368002BC2D020460FF012FE704305F893
:10505000008020460FF00CFE06FB0055A86812F0F9
:10506000DBFDB3E7C94300EB830016F0AEFAE1E7DE
:10507000BDE8F087A8010020E413002010B5C1E9C5
:1050800000239DF808300B720C460FF0F1FD034B26
:105090000C2202FB00335C6010BD00BFE413002053
:1050A0002DE9F0474FF0FF3206464FF0FF33184826
:1050B00088461CF01FFA044638B300F10C070121A2
:1050C0004FF0000938461CF07AFA84F81890204610
:1050D0000FF0CEFD0F4D4FF00C0A0AFB005046803A
:1050E00020460FF0C5FD0AFB0050C0F8089020468E
:1050F0000FF0BEFD0AFB005503213846C5F80490A9
:105100001CF067FA068080F802802046BDE8F08730
:1051100058080020E413002013B50C468DF8070052
:10512000B8B949B90C499DF807000DF1070205F01F
:10513000E1FB002002B010BD08490722204616F00E
:105140002DF80028EED09DF807002146FFF7FCFD62
:10515000EFE76FF01500EDE7FBB40100C239020084
:1051600029289ABF014B185C09207047763B020042
:105170002DE9F843044600F10C0630461CF060FAB5
:10518000B4F81080B8F1010F054604D82046BDE8F8
:10519000F8430FF019BE304602211CF041FA0746D1
:1051A000007816F089F910F0010906460DD10F4A72
:1051B0000F49104840F6977314F050F889F311889E
:1051C000BFF36F8F0323184602DF05230A4A38789E
:1051D000214616F0E3F9B307D8D56369A4F8108027
:1051E00013FA85F5E560BDE8F88300BF663A020072
:1051F000DE3A0200C13A0200CC2F020038B50C465C
:1052000013F0C8F9237E012B0AD0032B19D12146B4
:105210000F481CF075F90F490F481DF021F80BE0FD
:10522000E368187816F048F9C207054602D520460B
:10523000FFF79EFFAB07EAD4002413F0BFF9204626
:1052400038BD20460FF0C0FD6FF01504F5E700BF34
:10525000AC01002010040020180A0020014804219D
:1052600016F03CB934010020044BBFF35B8F186883
:10527000BFF35B8FC0F38000704700BF3401002094
:1052800038B5054615F063FF1028044615D80C48BC
:10529000294615F063FF70B122462946084815F0EB
:1052A0008DFF084803190022214600F5D97083F8C4
:1052B000B221FFF749FC002038BD6FF00B00FBE77F
:1052C00012020020600000200048704712020020F7
:1052D000014812F087BE00BF0004002038B5054623
:1052E0000C4619B9FFF7DCFE0446A8B140F6354379
:1052F0009D4209D12046FFF761FA054650B120468C
:105300000FF062FD284638BD054821461CF023F900
:10531000FFF7DEFF0025F5E76FF06805F2E700BF55
:10532000B401002038B502460B46244DD5F854117F
:1053300009B9002038BD05F5987012F091FC0028DD
:10534000F7D10022002305F5AA701CF0D7F8044617
:1053500068B91B4A1B491C4840F68D3313F07EFF89
:1053600084F31188BFF36F8F0323184602DFD5F84B
:10537000480120B10FF028FD0023C5F84831204630
:105380001CF0EBF8C5F848012046FFF717FA98B172
:105390000E4812F041FC20460FF06AFC0C4B0C2228
:1053A00002FB00301F2140882246FFF7E1FD204626
:1053B0000FF00AFDFFF78CFF0120BBE76000002023
:1053C000663A020022420200C13A02009001002027
:1053D000E41300202DE9F04F064687B015460C4631
:1053E00031B9FFF75DFE044648B96FF0680079E017
:1053F000887A0FF035FC474B834240F084800122CD
:10540000002168461CF07EFE20460FF031FCDFF8DC
:1054100008910C2303FB0090C0F808D020461CF034
:105420009CF801463D481CF096F8FFF751FF13F039
:105430008DF93B4B834222D1DFF8E8A0DFF8E8B0DA
:1054400036481CF05BFE002180464FF4A020FFF799
:1054500069FF074688B94FF4CA7352465946334824
:1054600013F0FCFE3248314613F0F8FE87F3118842
:10547000BFF36F8F0323184602DF4445E0D14FF49A
:10548000A0220023684612F0EBFB074698B14FF4C8
:10549000CD73244A2749254813F0E0FE26483A46B2
:1054A000314613F0DBFE002383F31188BFF36F8FC7
:1054B0000323184602DF20460FF0DAFB0C23584383
:1054C00019F80060BEB12046093E0FF07DFC092EA0
:1054D0000ED8DFE806F01B0D0D0A050D0D0D0D1899
:1054E0006FF00B0007B0BDE8F08F6FF00C00F9E72C
:1054F0006FF00400F6E715B12C600020F2E72046BB
:105500000FF062FCF9E76FF01500EBE76FF06E004B
:10551000E8E700BF58080020E4130020B401002091
:1055200018120020663A0200F73A0200C13A02005F
:10553000FF3A02001F3B0200283B020010B5FAF7B9
:10554000DBFF034B1B6813B1BDE81040184710BDCB
:10555000FC13002073B5274D0646D5F86C011CF0EE
:105560002BFC00283FD06FF0020105F1D40016F0AB
:105570002CF8012115F0B2FFC30737D415F0C7FE90
:10558000044668BB1C4B1E600122114605F598704D
:105590001CF0B8FD05F5AA701CF070FD17481CF052
:1055A0008AFE1749154800946FF0070340F69802E9
:1055B00012F01EFD134911481CF0DAFED5F86C01FB
:1055C000114983681B689847044648B926B902B058
:1055D000BDE87040FAF790BF05F1C40012F002FD7B
:1055E000204602B070BD6FF01204F9E76FF0770447
:1055F000F6E700BF60000020FC130020180A00201E
:10560000803900206D3B0200FD510000F7B5144BBE
:1056100093F99B30002B05460C461DDA14B9204641
:1056200003B0F0BD082C01AA4FF0000142F21800AF
:10563000264628BF0826FFF7CDFE0028F0D1019F9F
:10564000F96832460131284615F0B8FD38460FF0AA
:10565000BBFB3544A41BE1E76FF08500E0E700BF2A
:10566000600000202DE9F0418C4BB0F801801988D2
:1056700048F4704291424FF0000608BF1E80054674
:1056800008BF874B88B008BF1E7800F0E7FA2C7877
:10569000BCB13C2C37D100F047FE6FF080011030D8
:1056A00015F093FF0020FFF7BBFB054658B30473CA
:1056B000002101F029FB284608B0BDE8F04101F0C7
:1056C000E9BAEB78012B08BF764B05F104073846A1
:1056D00008BF93F86F4015F07DFE3946B0B106A8BB
:1056E00015F06EFE062205F111010DF1110015F005
:1056F00065FD01238DF81030EB78012B14D01321B8
:10570000404616F08BF908B0BDE8F081204616F04F
:10571000F9FA0722014606A815F050FD072239467E
:1057200004A815F04BFDE7E706A8FFF779FBEB7837
:10573000012B04460AD100F0F7FD6FF08001074607
:10574000103015F042FF384616F08FFC002CD6D0F2
:105750002046B5F8013020F8703B072206A915F065
:105760002DFDB5F81730A4F88630B5F81930A4F837
:105770008C30B5F81B30A4F88E3095F8038084F88F
:1057800003800023B8F1010F237329D1072204A954
:1057900004F1770015F012FD00F0C6FDBFF35B8F3A
:1057A0000369404FBFF35B8F13F4005F6DD10B357E
:1057B00006223D4984F87E80284615F0EFFC03461A
:1057C000062204F17F00002B5CD0294615F0F6FC80
:1057D000D7E9382303F03F031A4301D000F064FFF8
:1057E0000721204601F090FA26B1267301212046B8
:1057F00001F08AFA204616F020FD637B072B3DD18D
:10580000BFF35B8F6368274EBFF35B8F13F4805F3A
:1058100018D1E3781BB196F8D830190712D50221B8
:1058200042F21600FFF73CFC054658B102210C304D
:105830001BF0CFFE238803800022294642F2160087
:10584000FFF7C8FD96F8D930DA0706D50021022304
:1058500000911A46204616F01AF996F8D8309B06A1
:105860000CD50DF10E0103A816F0C0F830B9BDF843
:105870000E20BDF80C10204616F0EBF8204601F083
:1058800009FA40E707F16901A0E7217AC1EBC101FC
:105890000722394404F17E0098E700BFF42C002071
:1058A000BE2D002060000020CF39020000B5C16885
:1058B00089B00B788DF80030B1F80130ADF80130C7
:1058C000CB788DF80330B1F80B30ADF81730B1F864
:1058D0000D30ADF81930B1F80F30ADF81B304B7CFE
:1058E0008DF81D300722043101A815F067FC094925
:1058F00006220DF10B0015F061FC074906220DF19F
:10590000110015F05BFC6846FFF7ACFE09B05DF8CE
:1059100004FB00BFC9000020CF39020038B50321C5
:1059200004460C301BF07CFEE3680578B0F80100FB
:10593000197840F6354398420AD02246FFF718FB03
:1059400035B1044812F068F9BDE83840FFF7C0BC33
:1059500038BD00BF9001002038B5042104460C304A
:105960001BF05EFE4578017840882246FFF700FB79
:1059700035B1044812F050F9BDE83840FFF7A8BC33
:1059800038BD00BF90010020F8B50A4F064600253B
:10599000FB79ECB2A34202D86FF0010009E0C4EB3E
:1059A000C4013944304616F0E2F801350028EFD042
:1059B0002046F8BD6000002070B50D4DB5F8B0412F
:1059C0004FF47A735C434FF4004640F2E730002115
:1059D0004FF47A720023E4FB0601FAF7D1FB02468A
:1059E0000B4605F5C070BDE8704012F069BB00BF02
:1059F000600000202DE9F04188461746054608BBA7
:105A0000272142F22700FFF74BFB0446F0B1272184
:105A10000C301BF0DEFD4146064616F0B0F8394664
:105A20001022F01D15F0CAFB0A49102206F11700DA
:105A300015F0C4FB2A46214642F22700BDE8F0419A
:105A4000FFF7C8BC6FF01500BDE8F0816FF068008B
:105A5000FAE700BFD0010020F0B5044685B0164635
:105A60000D4639B32A49284616F081F810BB294B58
:105A7000C4EBC4002946184416F081F80023CDE990
:105A80000033CDE90233234B173403EB04143EB348
:105A900010226946304615F081FB48B3102231468A
:105AA000204615F08BFB1C4816F06CF8430729D4F0
:105AB00000201BE0684615F075FCB8B96846FFF792
:105AC00063FF0028F6DA134BC4EBC4071F44694692
:105AD000384616F054F8002DD0D039462846CBE78A
:105AE000102120461BF09FF90028DCD005B0F0BD46
:105AF000102120461BF097F90028F7D110222146EB
:105B00003046CEE7FFF72EF8FFF734F8D0E700BFB6
:105B1000C2390200600000203401002098B50F4B0C
:105B2000BFF35B8F00AF53E8002F22F4005243E82D
:105B300000210029F7D1BFF35B8F13F8CD3C6C46F1
:105B40004BB1073303F4FC73ADEB030D6946044816
:105B500000F0E4FBA546BD4698BD00BF340100201F
:105B6000D1BC010038B513490622054615F016FBD5
:105B7000D8B1062142F20500FFF792FA0446B0B10F
:105B8000062229460C301BF02AFD0022214642F253
:105B90000500FFF71FFC48B906220648294615F004
:105BA0000DFB054B012283F86820002038BD6FF003
:105BB0006800FBE7C90000206000002013B5F0B9C1
:105BC000104815F0DFFF830417D40F48694615F01D
:105BD00045FB044620B1FFF7EFFE204602B010BDA2
:105BE0006846FFF7BFFF04460028F4D105484FF48C
:105BF000005116F008F8FFF7DFFE0024EDE76FF024
:105C00001504EAE734010020D001002013B5002379
:105C100010488DF807300DF1070100F07FFB9DF86B
:105C20000740FFF77BFF24B102B0BDE8104016F03B
:105C30007DB8094815F0A6FFC104F5D4064815F053
:105C4000A1FF020604D5044815F09CFFC305EBD460
:105C500002B010BD9FBB0100340100200A4BBFF30E
:105C60005B8F53E8002F22F4004143E80010002826
:105C7000F7D1BFF35B8F130404D50449002202203F
:105C800004F056BE704700BF340100209BBD0100E8
:105C900007B50023CDE9000304496A46022004F059
:105CA00047FE019803B05DF804FB00BF49BC01004A
:105CB000F7B5044670B1434D95F8222195F823318C
:105CC0000AB19A4208D2013385F82331237A43F08E
:105CD0000403237203B0F0BD00210222084601F044
:105CE00017FB064678B105F1D4004FF4004115F0DA
:105CF0008AFF237A304643F00103237203B0BDE8E4
:105D0000F04000F0C7BF01462F4800F007FB95F8B0
:105D10002331B3B995F8232195F822319A421FD146
:105D20000022114642F22900FFF754FB70B995F8A2
:105D30002331013385F82331237A43F0040323729E
:105D400004E0304615F047FF0028E3D0012015F0AD
:105D500042FF1E48002103B0BDE8F04000F0DEBA6B
:105D60002246671C12F82A0B3946FFF743FE064607
:105D70000028EBD195F82331013385F82331237ABC
:105D800043F00403237295F8A7305B07DED539464C
:105D9000684615F0F4FE0123082142F24E008DF80A
:105DA0000730FFF77DF904460028CFD06946082266
:105DB0000C301BF014FC3246214642F24E00FFF735
:105DC00009FBC3E7600000201FBC0100A3BC010069
:105DD0002DE9F041044630B3394D95F8222195F86C
:105DE0002331C2B10132934216DC0021022208465F
:105DF00001F08EFA0646C0B105F1D4004FF400411F
:105E000015F001FF237A43F0020323723046BDE808
:105E1000F04100F03FBF13B1013B85F82331237AF5
:105E200023F004032372BDE8F0810146254800F009
:105E300075FA304615F0CFFE074688B995F823313C
:105E400095F822219A4217D2013B85F82331237A13
:105E50001D4923F0040302462372022004F068FD6A
:105E600095F8233113B1012015F0B5FEBDE8F041DE
:105E70001648002100F052BA072142F22800FFF72D
:105E80000FF904F1010806460028E9D007210C307B
:105E90001BF09FFB414615F072FE3A46314642F236
:105EA0002800FFF797FA0028DAD195F82331013B53
:105EB00085F82331237A23F004032372D0E700BF4F
:105EC000600000201FBC0100C1BB0100A3BC010099
:105ED000F0B50E4685B0044630B9254DEB79012B5F
:105EE00018D16FF00B0013E0224915F040FE002896
:105EF000F3D12046FFF748FD002836DA2378012B3E
:105F000004D1A37903F0C003C02BE6D06FF01500D5
:105F100005B0F0BD05F1D40015F034FE10F001001D
:105F200014D1CDE90000CDE90200002CEED01149DA
:105F3000204615F01CFE0028E8D1002EE6D01022E5
:105F40006946304615F02AF90028DFD0EF7932464D
:105F50007B1C21463846EB71FFF77EFD08B93846B9
:105F6000D6E7EB79013BEB71D2E76FF07700CFE733
:105F700060000020C239020073B5044698B101AA3E
:105F8000002141F20900FFF725FA064658B9019BA6
:105F90000F49DD6801350622284615F0FFF828B9BB
:105FA00001980EF011FF002002B070BD09490622D1
:105FB000284615F0F3F80028F2D006222946601C86
:105FC00015F0FCF8019826700EF0FEFE0120EBE7BC
:105FD000CF390200C939020010B58AB06846FFF710
:105FE000CBFF184CE07140B31022002106A815F039
:105FF000F0F894F8C2309B0710D502AA00214FF6A2
:106000000A40FFF7E7F948B9029BD968102201312D
:1060100006A815F0D3F802980EF0D6FE02A906A83D
:1060200018F0A7F858B108484FF4803115F0EBFD8F
:10603000002269460020FFF70FFD0AB010BD02AA3A
:10604000F7E700BF60000020340100202DE9F04395
:106050002F4DEC798DB0002C4DD195F8C230DB0777
:1060600016D502AA21464FF60940FFF7B3F978B9D1
:10607000029BD9684B78012B1C4628BF012423B111
:106080001622023106A815F099F802980EF09CFE2F
:10609000DFF88080EC710027EB795FFA87F94B45D8
:1060A00002D843B3002021E0162606FB09F6B01DF6
:1060B00006AB02A9184418F05CF8D0B14FF4803157
:1060C000404615F0A0FD002406AB991906220DF1FB
:1060D000010015F073F801232246694648468DF801
:1060E0000030FFF7B9FC01370028D5D00DB0BDE86E
:1060F000F08302ACE8E707484FF4803115F083FDE8
:10610000002108460DB0BDE8F043FFF7E1BE00BF37
:1061100060000020340100202DE9F8430E4690462F
:106120001C460746002862D0002B60D00B03057880
:1061300008D571075BD415F01FFE88BB01232370BF
:1061400000202DE0CA073DD5B8F1000F1AD14B074A
:10615000F1D52A4AC5EBC503D35C012BEFD1DFF89B
:106160009C900721012311FB05314944384615F065
:10617000D5FDA8B9C5EBC50519F80530B8F1000F74
:10618000DDD01AE011F0200904D01C4B93F8D83070
:1061900058062FD571070AD4384615F0EDFD08B121
:1061A000BDE8F883B9F1000FC8D00323C7E7134A4D
:1061B000C5EBC503D35C012BD1D0B206BFD543F0EC
:1061C0000203BCE74B070ED50C4EC5EBC507F35DCC
:1061D000012BB4D1072111FB0531314415F09EFD8F
:1061E000F35D2370DCE715F0C7FD0123F9E76FF0DD
:1061F0001500D5E76FF08500D2E700BF60000020F2
:1062000008B5034903481CF05CF8002008BD00BF36
:106210000D5C0000E001002038B5436804465805D5
:1062200001D5002038BD22692AB1D907F9D503F07C
:106230002403242BF5D0194D2078EB798342F0D933
:10624000C0EBC00016490722284414F0A7FF00281D
:10625000E7D06068C20706D495F87030082B02D8E2
:10626000A3689F2BDDD910F0300F02D02369002BDB
:10627000D7D0C30601D4236943B9D4E902239A4293
:10628000CFD81F2ACDD9B3F5804FCAD800F46030DB
:10629000B0F5603018BF0120C4E700BF60000020E7
:1062A000C239020008B504490722093014F076FF0C
:1062B000003818BF012008BDC239020070B5154B67
:1062C000027883F86F2004460D46FFF7EBFF034684
:1062D00020786BB9104900F0D5FF044610B96FF073
:1062E0000B0070BD052100F00FFD2C600020F8E7C9
:1062F00004F10906314616F03FF840B920783146DE
:1063000000F0C0FF04460028E9D00621EBE76FF05B
:106310001500E6E760000020BB3902000346014893
:10632000184700BF78000020004870477800002020
:10633000F0B5054685B00F4815F04EFD1F46030623
:10634000164613D50B4815F047FD04460A4815F0CC
:1063500045FEC4F3C02402900A46CDE90074064805
:106360003346294615F0C3FD05B0F0BD6FF00A00B5
:10637000FAE700BF88000020780000202DE9F04FE8
:10638000D1F810908DB09A460023B9EB030506466C
:106390008B48059218BF0125079315F01DFD420794
:1063A0000C4640F102810846FFF736FF28B96FF02E
:1063B000150B58460DB0BDE8F08F204615F0E9FCEE
:1063C00080460028F3D006F11007384615F004FD8A
:1063D0000306C0F3C01B00F1EB800F22594608A84A
:1063E00014F0F7FEA3686068ADF82030E368ADF8FC
:1063F000223015F0E2FC6FF400518DF82D0070484A
:106400008DF82EB015F0EEFC6E4A2378337082F8CA
:106410006F3061680DF125032A463046FFF77CFE98
:1064200083460028C5D106F109000722B9F1000F03
:1064300013D0216914F0C2FE204615F0DFFD62681A
:106440000546D00716D4920503D4169B0BB9022D2E
:106450004DD102238DF824301AE05B4914F0AEFED2
:10646000204615F0CBFD6268D1070546EBD58DF8C7
:1064700024900DE012F0100F0CBF012204228DF8C1
:106480002420216907220DF1260014F097FED8463A
:106490000F2142F20600FEF703FE8346002800F0BB
:1064A0008A800F2208A90C301BF099F80022594667
:1064B00042F20600FEF78EFF00287FD1B9F1000FEF
:1064C0001BD06368DB0726D43046012115F0A6FDFA
:1064D000079E8346002860D0002E3FF46AAF304606
:1064E000002100F011FC304600F0D4FB61E70323EB
:1064F000DDF858808DF82430CAE7179B0093CDE96A
:106500000185169B05995246304615F0F0FC8346EE
:106510000028D6D04DE707A93046FFF7CFFE8346C7
:106520000028D1D010F10C0F7FF443AFB9F1000F68
:106530007FF43FAF626890073FF53BAF636883F03D
:106540000203C3F3400B0BF001020E21384615F095
:10655000B7FC6B1E5A425A410821384615F0B0FC70
:10656000A91E4A424A413846092115F0A9FC626831
:106570000A2102F00102384615F0A2FC42460B2126
:10658000384615F09DFC62680D21C2F38002384642
:1065900015F096FC4FF0000B0BE716B1304600F0FB
:1065A00079FBB9F1000FCED1C8E76FF00A0B00E715
:1065B0006FF0770BFDE66FF0680BFAE68346F8E6BE
:1065C0003401002060000020C239020073B5154676
:1065D000069A0C46CDE900322B460A460146114880
:1065E000FFF7CCFE21460646002340F201109D42F3
:1065F00002D1304602B070BD0A88824204D14A6896
:1066000012B11278D20702D401330831EFE70649FC
:1066100006481BF056FE4FF470220023034811F089
:1066200083FDE6E77800002071C0010090000020A3
:1066300010B5194815F019FD18486FF4804115F090
:10664000D1FB164815F0C8FB03461A06C0F3C0106C
:1066500021D5124815F0C0FB430512D50E48FFF7AF
:1066600021FE0F4B98B90F490522187E00F050FE0D
:10667000044630B10021017300F046FB204600F0D3
:1066800009FBBDE810400448002115F0C7BC0622F4
:1066900003F12101E9E710BD780000208800002007
:1066A00060000020BB39020073B53648354C15F048
:1066B00093FB10F4804F46D0204615F08DFB030667
:1066C00041D4204615F088FB46053CD501A9A4F12C
:1066D0001000FFF7F3FDB0BB204615F07DFB10F472
:1066E000005FA4F110000DD115F046FB26480121F2
:1066F00015F094FC019E40BB304602B0BDE87040EE
:1067000000F0C8BAFFF7CEFD0246204615F064FB44
:10671000C0F38031204615F05FFB81F00101450593
:106720004FEA4101174848BF41F0010115F054FB01
:10673000800448BF41F0040113480DF10303FFF743
:10674000EBFC0028D2D002B070BD0021304600F032
:10675000DBFA6FF480410B4815F044FB05463046E8
:1067600000F098FA6B04EED5BFF35B8F54E8003F5E
:1067700043F4804344E80032002AF7D1BFF35B8F33
:10678000E1E700BF880000207800002008B5044938
:10679000402214F003FDB0FA80F0400908BD00BFAC
:1067A000A03B020070B5314B93F8A23003F0060312
:1067B000062B52D1002853D02D4E326832B1131F10
:1067C000834250D05B680BB1043BF9E742607268CA
:1067D000031D336002B97360264CBFF35B8F54E82E
:1067E000002F42F0200344E800310029F7D1BFF325
:1067F0005B8F12F0200202D00025284670BDBFF347
:106800005B8F54E8003F23F0100344E80031002977
:10681000F7D1BFF35B8F114642F22500FEF7DAFD98
:1068200005460028E8D0BFF35B8F54E8003F23F013
:10683000200344E80032002AF7D1BFF35B8F3468AD
:106840003CB154F8043C043C0BB100209847646808
:10685000F6E70023C6E90033CFE76FF08505CCE704
:106860006FF01505C9E76FF07705C6E760000020F7
:106870000414002034010020054BBFF35B8F1B681C
:106880000448BFF35B8F13F0100F08BF0020704760
:1068900034010020BF2D0020F8B51F4D2B688B421E
:1068A000064632D013B16FF00F00F8BD1B4BBFF39B
:1068B0005B8F1A68BFF35B8FC2F340179206F2D466
:1068C000BFF35B8F1B68BFF35B8FDB0620D52960AE
:1068D00042F226004021FEF7E3FB044690B140213E
:1068E0000C301AF076FE4022314614F067FC3A462E
:1068F000214642F22600FEF76DFD0028D5D0002388
:106900002B60D2E76FF06800F9E76FF07700CCE713
:106910006FF07C00C9E700BF0014002034010020A4
:10692000F8B51B4CC668BFF35B8F54E8003F23F0FB
:10693000200344E80032002AF7D1BFF35B8F33789D
:1069400083B914484022711C14F038FCBFF35B8FEC
:1069500054E8003F43F0100344E80032002AF7D126
:10696000BFF35B8F0C4D2C686CB10A4F043C23685D
:106970002BB13278002A0CBF384600209847646853
:106980000CB1043CF3E70023C5E90033F8BD00BFB8
:1069900034010020BF2D00200414002005490B689D
:1069A00033B1C26800200860117801B9501C184743
:1069B000704700BF0014002070B50C4B1C680546E2
:1069C00044B154F81C3C1C3C13B1297B2846984721
:1069D000E469F5E7064C074EB44200D370BD236866
:1069E00013B1297B284698472034F5E7401400204E
:1069F0008C2A0200AC2A020010B504460EF038F9C9
:106A0000044901EB0011204614F00DFDBDE81040D3
:106A1000FEF75EBC0C14002070B5D1E901560022CF
:106A20000446C1E9012206481BF053FB3DB1314643
:106A300020462B466FF06D02BDE87040184770BDD0
:106A40009007002070B5002205460E460948002335
:106A500000210EF02FF9044658B10EF009F9064B4B
:106A6000324603EB001329462046BDE8704014F07F
:106A7000B5BC70BD2C0800200C1400202DE9F84393
:106A8000DFF85480044620270025EFF3118387F3B5
:106A90001288BFF36F8FE16929B983F31188BFF3BF
:106AA0006F8FBDE8F883206A0A68E261814208BFFF
:106AB000226283F31188BFF36F8FD1E901694046E9
:106AC000C1E901551BF005FB1EB1002249462046D5
:106AD000B047FEF7FDFBD8E79007002010B504464D
:106AE0008AB011F033FE094B834205D120460AB02B
:106AF000BDE81040FFF7C2BF2434204611F072FAFF
:106B0000694620461BF0BCFB0AB010BD18120020DD
:106B10000448B0F80431002B00F5847008BF002051
:106B2000704700BF6000002038B5002204468A424A
:106B300002D10024204638BD04F1C8030120BFF370
:106B40005B8F53E8005F002D04D143E8000CBCF1DB
:106B5000000FF6D1BFF35B8F02D0D0340244E6E7DA
:106B6000002CE6D0C8220021204614F032FB04F1AC
:106B7000400004491BF0A5FB034904F124001BF06D
:106B800044FBD7E7717400000DC1010038B5012145
:106B9000044600F1BC03BFF35B8F53E8002F43E8CA
:106BA0000015002DF9D1BFF35B8F32B915F007FB4B
:106BB000044804F1B80115F05DFABDE83840FEF76D
:106BC00087BB00BF8401002070B52F4DD5F824414C
:106BD00014B90026304670BD2C4B5A8B22B1B5F843
:106BE00004312BB99B68FFDE1B68002BF1D0F6E760
:106BF000D5F81031002BECD0254B1B68002BE8D0CA
:106C000054F8143C002BE4D054F8103C002BE0D096
:106C100054F80C3C002BDCD014F8AB2C072AA4F160
:106C2000B8060ED13046984758B1BFF35B8FA368C2
:106C3000BFF35B8F022B04DC3046BDE8704015F0DB
:106C4000BEBAD5F8243143B1D5F828111A68C5F871
:106C500024218B4208BFC5F82821231D0022BFF341
:106C60005B8F53E8001F43E800200028F9D1BFF3F1
:106C70005B8F304654F80C3C98470028AAD0304629
:106C8000FFF784FFA6E700BF600000202C0800206B
:106C900090070020F7B5C83010F8C66C10F8C55C36
:106CA000BFF35B8F50E8003F5A1E40E800210029E7
:106CB000F8D1BFF35B8F0193BFF35B8F019BBFF3F1
:106CC0005B8F012B13D10D4B1C6834B154F8143C6D
:106CD0001C3C03B19847E469F7E7094C094FBC42F3
:106CE00007D3012E03D1012D01D1FFF7DDFC03B045
:106CF000F0BDA36803B198472034F0E740140020AA
:106D00008C2A0200AC2A020070B5457B8D420446F5
:106D10007FD0417325B98378082B01D015F04FFA45
:106D2000637B012B17D13B4D05F584766169002902
:106D30006FD0A2690B686361914208BFA3612046CE
:106D4000FFF76AFEB5F80431002B14BF304600206F
:106D500010F062FFEAE7072B09D0002B59D1A37886
:106D6000042B20D12046BDE87040FFF793BFA378E5
:106D7000042B4ED02848002111F08AFF0023C4E9DB
:106D80000D33E378012B44D1A378012B04BF0323F7
:106D900084F8943004F140004FF42032BDE8704094
:106DA000002311F08DB9082D33D801A353F825F035
:106DB000136E0000D56D0000056E0000056E00002A
:106DC000656D0000656D0000056E0000136E00002B
:106DD000136E00002046FFF781FEA378012B04F11B
:106DE000400508D128461BF078FA10F00C0F02D0AD
:106DF00028461BF074FA28460022BDE870400023A4
:106E000011F092B9237B002BACD02046FFF7D4FDC4
:106E1000A8E770BD600000202004002010B50246E5
:106E20000C460748012115F0E6F9034610B9002386
:106E3000184610BD82781442FAD1FFF72BFFF6E70F
:106E4000B80A0020F8B5074609480D46164615F061
:106E5000B6F9044650B183781F4203D1BDE8F8402B
:106E6000FFF718BF3146A8472046F7E7F8BD00BF37
:106E7000B80A0020034BC01A034B00115843C0B29C
:106E8000704700BFB80A0020C54EECC42DE9F041A0
:106E90001C46144305460E461746984613D1002754
:106EA000B8460C493A464346002D14BF28460846CA
:106EB0001AF020FB044618B1711D0C301AF07FFB4C
:106EC0002046BDE8F08111F041FC034B8342E8D13C
:106ED000E5E700BFA8070020181200202DE9F04FB9
:106EE00085B0002301930393FFF76EFE044668B15B
:106EF000427BD0F8A430072A17D002AA4FF0FF3106
:106F00009847014628B92046FFF7C4FE05B0BDE802
:106F1000F08F039B019A204615F0E1F8D4F8A430D5
:106F200002AA4FF0FF312046EAE7DFF8609102AA9B
:106F3000B9F80411984705460028E4D0B9F80421AF
:106F4000029B9A4206D30146D4F8A86003AB01AA7B
:106F50002046B0472B8A039EDDE9018B002B00F011
:106F60008A80284614F086FA8246002840F0838002
:106F7000B9F804314648002B08BF00200022002346
:106F800010F06EFE002876D142480022002310F057
:106F900011FE074600286ED0C0E90186B9F80461E9
:106FA0002B8AB34598BF1FFA8BF6B34242D92846C5
:106FB0001AF0D3FA3146FFF745FDB9F8043194F8D9
:106FC000C4809B458CBF4FF0010A08F1020884F889
:106FD000C4A0064698BF5FFA88F804F1C00ABFF360
:106FE0005B8F5AE8003F01334AE80032002AF8D1AB
:106FF000BFF35B8F04F1140B3946584615F03AF88D
:10700000A378012B19D1042106F10C001AF0F8FA2B
:10701000238808F0FD0843EA08330380338A043BE1
:10702000438002233376304614F022FC28B9FEF761
:107030004FF968E731462846BDE7BFF35B8F5AE852
:10704000003F013B4AE80032002AF8D1BFF35B8FD2
:107050003946584615F018F830460DF0B5FE204672
:107060003946FFF7D9FCB9F804310948002B08BFAD
:10707000002010F0D1FD29462046039B019A15F00F
:107080002EF81321204615F0E1F83CE760000020BF
:107090006801002090070020F8B5BFF35B8F4268BD
:1070A000BFF35B8F9205044600F1040319D5B0F8D5
:1070B0008620B0F88810914213D8B0F88A10914217
:1070C0000FD3D0E9231291420BD1BFF35B8F53E86A
:1070D000001F21F4007143E80012002AF7D1BFF32A
:1070E0005B8F114B1D686DB155F80C6C1C3D3EB1AA
:1070F000B4F88E30B4F88C20B4F886102046B0472F
:10710000ED69F0E7094D0A4FBD4200D3F8BD2E6985
:107110003EB1B4F88E30B4F88C20B4F88610204616
:10712000B0472035F0E700BF401400208C2A020051
:10713000AC2A02002DE9F041074608460D4614F03E
:1071400009FB064618B900263046BDE8F081144B0D
:107150001C6884B154F8103C1C3C0BB9E469F8E796
:107160002946384698470028EDD0284614F0F2FA10
:107170000028F3D1E7E70B4CDFF82C804445E3D23D
:10718000E3680BB92034F9E72946384698470028C8
:10719000D9D0284614F0DEFA0028F3D1D3E700BF97
:1071A000401400208C2A0200AC2A02002DE9F04194
:1071B000C37804468BB900F17E06114B1D687DB182
:1071C0001C3D04F170076B691BB13A4631462046FD
:1071D0009847ED6925B11C3DF5E700F17706ECE72E
:1071E000084D094F04F17008BD4201D3BDE8F0819C
:1071F0006B691BB142463146204698472035F3E77C
:10720000401400208C2A0200AC2A0200F8B5437A10
:1072100083720546164615F099F90D4B1C684CB162
:1072200054F8043C1C3C1BB1697A32462846984706
:10723000E469F4E7074C084FBC4200D3F8BDA369EA
:107240001BB1697A3246284698472034F4E700BFDC
:10725000401400208C2A0200AC2A020008B5084B1A
:107260001A6800F11C0122B9054814F003FF10460A
:1072700008BD914201D01268F5E76FF01000F7E702
:107280004014002070B506460D460F480121FFF757
:107290004BFC0446A8B1067207222946703013F051
:1072A0008DFF01236372A372A370084BC4F8A4304E
:1072B000074BC4F8A830074BC4F8AC30064BC4F8F1
:1072C0008830204670BD00BFB80A0020D17600008B
:1072D000CBC00100BFC001001800280070B50546F2
:1072E0000A480E4614F06BFF044620B18378012B48
:1072F00004D0FFF7CFFC0024204670BD324629465B
:1073000015F01AF80028F7D12046F2E7B80A002055
:10731000F8B505460E480E46174614F050FF0446D1
:1073200020B18378012B03D0FFF7B4FC00240DE0DB
:1073300036B13246294614F0FFFF08B92046F3E77C
:10734000637BBB42FAD1237AAB42F7D12046F8BD2A
:10735000B80A002010B583780B70C3784B70037A9D
:107360008B70437B023BDBB2062B98BF234C02465B
:107370004FF000008CBF0346E35CC8770B77537A6D
:107380004B77104614F099FF88779378012B31D111
:1073900002F170038B60137A1948C3EBC3030344F3
:1073A0004B60D47802F17E0302F1770014B11C46E1
:1073B00003462046C1E90303B2F886308B82B2F857
:1073C0008C30CB82B2F88E300B83D2F8A03023B150
:1073D0005B7BD80644BF0123CB77D2F8A03013B132
:1073E0005B7B9B0601D4002010BDCB7F43F00203E2
:1073F000CB77F8E76FF01500F6E700BFE03B02003F
:107400006000002038B5044608460D4614F0A2F985
:1074100048B3164B93F8D830990707D4E37883B173
:1074200029462046BDE8384000F0AEB994F89530C2
:107430009A07F3D5BFF35B8F6368BFF35B8F5B0580
:10744000ECD42946204614F0A1FF58B92B88A4F8A3
:1074500088306B88A4F88A30AB88A4F89030EB8829
:10746000A4F8923038BD6FF01500FBE760000020F3
:10747000F7B510F8333C0446A0F140060BBB30468C
:1074800015F04CF8354B1D684DB155F8183C1C3DB6
:107490001BB114F8341C30469847ED69F4E7304DC1
:1074A000304FBD4205D3304603B0BDE8F040FFF792
:1074B000F1BB6B681BB114F8341C3046984720357B
:1074C000EFE710F83E3C012B30D1BFF35B8FA0F10A
:1074D0003C0555E8003F23F4007245E800210029EF
:1074E000F7D1BFF35B8F9B0522D5A36C0093694650
:1074F000236D01933046FFF785FF58B9BFF35B8FCB
:1075000055E8003F23F4807345E80032002AF7D1A4
:10751000BFF35B8FBFF35B8F55E8003F43F0800301
:1075200045E80032002AF7D1BFF35B8F03B0F0BD0E
:107530000D4A106851686B4603C369463046FFF731
:1075400061FF0028E6D1BFF35B8F55E8003F43F4AD
:10755000807345E80032002ADAD0F6E740140020B4
:107560008C2A0200AC2A0200842B02000B4B58B17B
:107570001A6862B942693AB942685AB982684AB926
:10758000C2683AB982692AB91860002070476FF062
:10759000770070476FF01500704700BF501400204F
:1075A00008B568B1094B1A6800F10C0122B9074807
:1075B00014F060FD104608BD914204D01268F5E752
:1075C0006FF01500F7E76FF07700F4E7481400203C
:1075D00010B50C481AF052FD0B490A481AF079FD13
:1075E0000A4908481AF075FD094906481AF071FD64
:1075F00015F0BFFC03F042F9044608B915F053F842
:10760000204610BD900700201C14002028140020E4
:1076100034140020044B186818B9044A5A600B60EF
:1076200070476FF00B00704754140020A430020024
:10763000F7B5254D254F04460026BD4201D303B0C2
:10764000F0BD6B6801A920469847002837DB0198F8
:107650002B888382838400F11003A968BFF35B8FBA
:1076600053E8002F43E8006CBCF1000FF8D1BFF3E2
:107670005B8F8660A26B00F1080312BBC4E90D3377
:107680000460C16030301AF0F9FC019843681B684F
:1076900003B19847019BBFF35B8F103353E8001F82
:1076A00041F0010143E80012002AF7D1BFF35B8FDC
:1076B00001984368DB6913B100F1100198470C355C
:1076C000BBE71360A363DBE7682A02008C2A020091
:1076D0002DE9F843D0F8B0400E4690464CB1483CF6
:1076E000236B63B104F1300948461AF007FD0546E3
:1076F00050B9FDF7EDFD00252846BDE8F88320468A
:1077000014F0A4FEA46CE9E713F0B4FE0028F2D153
:10771000236D9BB9A38C2F8A403B9BB23F2B03D890
:10772000238D9F4228BF1F46042105F10C0019F04C
:1077300067FF0780A38C438004372765236D2A8A5F
:107740009E4216D393420CD100220023484610F0EB
:1077500031FAA38CA3F140023F2A9EBF094AAA61D5
:10776000EB61204614F072FE236B13B1204614F037
:107770004DFE236DC8F800309E4234BF9E1B00268C
:107780002665B9E7CDC5010070B5124B0C461978D6
:107790000131C9B2012938BF012105460822122052
:1077A000197014F01CFE064688B108210C3019F03F
:1077B00010FF2288028062884280A2888280E2884C
:1077C000C28031462846BDE8704014F00CBF6FF00F
:1077D0000B0070BDFF2D002023281FD81A2804D8C5
:1077E000431E182B0ED906207047A0F11B03082B4F
:1077F0001ED8DFE803F0051D1B231D19251D0500FC
:10780000032070470F4A012383401A40C2B90E4A31
:107810001A40002A14BF01200620704700F07F03A1
:10782000522B05D10020704701207047052070477A
:1078300010F0400F0CBF0620002070470420704756
:1078400002207047AAAA8A025455450170B50E4617
:10785000438D418B8B4202F1010228BF0B469A42B5
:10786000054610D83046FFF7B7FF02280ED004288F
:107870000CD04FF0FF324FF0FF330D48002114F0D1
:1078800082FE044630B90024204670BD4FF47022B9
:107890000023F2E70DF0ECF9064B182202FB00334F
:1078A000012104F10C009D6019F093FE0670EBE7D6
:1078B000D4070020A8140020011F01481AF02EBB95
:1078C0001407002010B500F154030446BFF35B8F8A
:1078D00053E8001F41F0010143E80012002AF7D1EC
:1078E000BFF35B8F201F15F03AF804F174000449D0
:1078F0001AF0E7FC2068BDE8104001F00FBE00BFA1
:10790000818400002DE9FF4105460E464FF0000836
:107910004FF42053006817688DF8088002A91446B8
:10792000ADF80A3013F0F5FCA0B142F60103286867
:107930008DF80C8003A9ADF80E3013F0EAFC48B1C5
:1079400023691BB15A88B24200D25E80012004B084
:10795000BDE8F0816168286813F0DBFC10B10023FA
:107960002361F3E7E368A0681A786AB1B7F82AC020
:10797000798B038A8C4594BFC3EB0C03C3EB0103E3
:10798000934201DA0020E2E704210C3019F021FED5
:107990002061068023695E80074B00930194A268F2
:1079A00000232946384615F01DF80028EADB206937
:1079B000003818BF0120CAE7C5C90100F7B5002388
:1079C00004460E462A480022694610F011F8054682
:1079D000C0B910F0BBFE274B294618602C22009836
:1079E00013F0F7FB009B24481C60009C0195C4E940
:1079F0000155C4E909550022002301A90FF0F8FF41
:107A0000054620B16FF00B05284603B0F0BD0146D6
:107A1000B022019813F0DDFB0198184B83606030B1
:107A20001AF02CFB019BBFF35B8F583353E8002FF8
:107A300043E800510029F9D1BFF35B8F019B1C6023
:107A4000636A019F1BB904F10C001AF017FB626A0C
:107A5000C7F8A820A26A07F1A803636202B9A3626B
:107A6000019B17225A855A8304333360CCE700BF49
:107A7000F8060020F0140020140700203004002035
:107A80002DE9F743176805468846006851687E6807
:107A9000144613F03EFC8146002842D13046952220
:107AA000294615F072FE0646207540B1E3681B7842
:107AB0000BB184F81490002003B0BDE8F083A068F7
:107AC00019F04FFD02210C3019F083FD164B206197
:107AD000A0F8008000930194A268334629463846F6
:107AE00014F080FF002807DA10F1FF0F26BF404294
:107AF000C0B20E202075DEE72369002BDBD0A06822
:107B000014F0DCFD7B8D7A8B9A4294BFC0EB0200AF
:107B1000C0EB0300E3681B78984294BF002001206B
:107B2000CAE70120C8E700BFCDC601002DE9F74F25
:107B3000064608460C460DF09BF8DFF8988018239F
:107B4000434308EB03020546D2F808A0E068BFF300
:107B50005B8FB16DBFF35B8FC90738D5E1680978DA
:107B60001171002248F803200378D22B0ED133681C
:107B70002146186816F0FAFA40B1019020460DF03F
:107B800023F9019B184603B0BDE8F08F04F10C0007
:107B900019F056FD18235D4308EB050900231A462A
:107BA00007462146301DB4F810B0C9F8086014F03B
:107BB000EDFC03460028E5D06269A4F810B012FA83
:107BC00087F7E76048F80500C9F808A0DAE76FF022
:107BD0001503D7E7A81400202DE9F14F05460DF055
:107BE00047F83349182202FB00F3C81851F803A0E4
:107BF0000779B0F80680D0F810900021D0E902464D
:107C000013F0E7FAA87A0DF02BF86969834651B1B1
:107C10006B7AD80705D4DBF824301B6828469B68AC
:107C2000984700236B61294658461AF05DFA002FE9
:107C300031D084B3236873B31B6863B3BAF1000F08
:107C400029D1201D15F094F83846FFF7C5FD052809
:107C500021D8DFE800F0160320162003BFF35B8F66
:107C6000A36DBFF35B8FDA0715D5E36D9BB14FF4BE
:107C70007022002304F1780001B0BDE8F04F10F04D
:107C800053BA23681D68BFF35B8FA36DBFF35B8F8F
:107C9000DB0700D556B901B0BDE8F08F494628464C
:107CA000B0470134A3B29845F8D8F4E70024F9E7C7
:107CB000A8140020F8B50B8A076804460D46002B6F
:107CC00039D0012105F10C0019F0AAFC7B7B072BB0
:107CD000064630D154F8043C6BB301781748043C95
:107CE000002310F833708F4200EBC30208D1298AB9
:107CF00053789778994213D2012F1CD1042317E0AF
:107D000001330E2BEDD10846FFF766FD98B105282B
:107D100011D081B106230022204615F06DF80AE04B
:107D20005368294620469847012F034603D110B1D6
:107D300031780029EFD10020F8BD00BFCC3002001F
:107D4000F0B51E4603680D46003987B0044618BFDB
:107D500001211868174615F016FE40B904F15800C5
:107D600014F002FF002844D0002007B0F0BD002E20
:107D700041D018220021684613F02BFA47BB236834
:107D80001E4A1B6800930023ADF812300C9B03932E
:107D9000BDF83430ADF8103001238DF81430314681
:107DA0006B4630468DF8085014F0D3FC9DF8143023
:107DB000C3B1002FD8D001980DF006F89DF814300B
:107DC000002DD1D032462946204615F015F8CBE7D4
:107DD000002239462046FFF739FD01900028CED118
:107DE0001120C2E701990029BED0204614F0F6FF09
:107DF000BAE71220B9E70120B7E700BFF1C60100DA
:107E0000F8B54FF47022074600230D480E4619F0CE
:107E100071FB044690B100F10C050921284619F0C8
:107E2000CEFB20460CF024FF064B182202FB003349
:107E3000012128469F6019F0CCFB06702046F8BD52
:107E4000D4070020A81400202DE9F0410E8A043E3A
:107E5000F6B2022E04468CB0084601D0102E64D132
:107E600004210C3019F0DCFB0DF108080588478867
:107E7000011D3246404613F07AFA002857D09DB3D0
:107E8000002687B3BD422FD84FF4205301A94046A6
:107E90008DF80460ADF8063013F03BFA40BB1422B5
:107EA000002107A813F095F911212046FFF7A8FF3C
:107EB0000990002837D001210C30CDE9074819F08E
:107EC00088FB00230A901B4A037039460B9328460F
:107ED00007AB14F03EFC0A9B1B78FBB909980CF029
:107EE00073FF0A2301E03D4601232A4610210EE0DC
:107EF00042F6010307A940468DF81C60ADF81E301C
:107F000013F007FA0028CAD010232A461946204643
:107F100014F072FF00200CB0BDE8F08109992046F2
:107F200014F05CFFF6E71120F5E70420F3E70E20DC
:107F3000F1E700BF057900002DE9F043036885B043
:107F400004460D461868012115F01DFD40B904F1E5
:107F5000580014F009FEB0BB122005B0BDE8F08354
:107F600010220021684613F034F921212046FFF742
:107F700047FF029048B3DFF85890009405F10C07D2
:107F80004FF001082B8A012B04D80299204614F0E7
:107F900025FF18E0384619F04BFB6B464A46014670
:107FA00006468DF80C8014F0D4FB9DF80C30002BA5
:107FB000E8D002980CF008FF9DF80C3032462021E2
:107FC000204614F019FF0020C7E71120C5E700BFC5
:107FD000CDCB01002DE9F043036885B004460D4682
:107FE0001868012115F0CFFC40B904F1580014F0D5
:107FF000BBFDB0BB122005B0BDE8F083102200210C
:10800000684613F0E6F80F212046FFF7F9FE0290CC
:1080100048B3DFF85890009405F10C074FF00108C1
:108020002B8A012B04D80299204614F0D7FE18E0C1
:10803000384619F0FDFA6B464A46014606468DF869
:108040000C8014F086FB9DF80C30002BE8D00298D1
:108050000CF0BAFE9DF80C3032460E21204614F08A
:10806000CBFE0020C7E71120C5E700BF87CB01008A
:10807000F0B51D46036885B004460E461868012118
:10808000174615F080FC38B904F1580014F06CFD67
:1080900048BB122005B0F0BD65B310220021684630
:1080A00013F097F839462046FFF7AAFE029018B35E
:1080B000BDF82830ADF8043001238DF80C300F4A9C
:1080C00000946B462946284614F043FB9DF80C307B
:1080D0005BB102980CF078FE9DF80C302A463146D0
:1080E000204614F089FE0020D4E70299204614F0BF
:1080F00075FEF8E70120CDE71120CBE787CB010023
:108100002DE9F0410D8A043DEDB2022D04468CB0FC
:10811000084601D0102D4BD104210C3019F080FA03
:108120000DF1040806884788011D2A46404613F0D1
:108130001EF900283ED08EB17FB1B7420ED318226F
:1081400000210DEB020013F044F809212046FFF74F
:1081500057FE089060B9112007E03E4601233246E1
:108160000821204614F048FE00200CB0BDE8F08144
:1081700001210C30CDE9064819F02BFA00230990B3
:1081800003700A238DF82C300B4A06AB3946304673
:1081900014F0DFFA9DF82C302BB108980CF014FE87
:1081A0009DF82C30DBE70899204614F017FEDBE73A
:1081B0000420DAE70E20D8E7817A00002DE9F043A9
:1081C0000F4687B00446062107F10C0019F028FA83
:1081D0000588B0F802808288D7F80C90C5B10023DA
:1081E000B8F1000F13D0A84512D38DF800308DF8E8
:1081F000043001A94FF420536846ADF80220ADF8D1
:10820000063013F086F8064660B10A2301E04546C1
:1082100001232A460621204614F0EEFD002007B077
:10822000BDE8F0830146142201A83F7C12F0D1FF83
:1082300007212046FFF7E4FD0290D8B10A238DF80C
:1082400015300D4A019401AB41462846CDE903693A
:108250008DF8147014F07DFA9DF815302BB102984A
:108260000CF0B2FD9DF81530D3E70299204614F0CA
:10827000B5FDD3E71120D2E769C701007FB5CB6810
:108280001D885E88044685B176B1B5420DD81022AE
:108290000021684612F09DFF05212046FFF7B0FD42
:1082A000019058B9112007E0354601232A460421E0
:1082B000204614F0A1FD002004B070BD6B46094AB1
:1082C00000943146284614F044FA029B23B90198E1
:1082D0000CF07AFD0A23E9E70199204614F07EFDAF
:1082E000E9E700BFAFC8010037B5002305460C46DB
:1082F000019310F02BFA0B4B1B68834204BF00253F
:108300002C4601A908482A4623460FF071FB014676
:1083100030B901981C2212F05CFF019803B030BD07
:108320000020FBE7F01400203007002010B50446C1
:10833000806818B10CF048FD0023A3602146024874
:10834000BDE8104019F0EABD300700202DE9F347E1
:10835000044678300E4617461D4619F0C0FFE06D02
:1083600030B9206814F0BCFC002002B0BDE8F087F2
:10837000104B98424FF0000802D1C4F85C80F0E73F
:10838000D0F80490C0F80480E06DD0F818A0FFF792
:10839000CDFF2068C4F85C8014F0A2FCB9F1000F96
:1083A000E2D02068CDF800A000683B46324629465E
:1083B000C847D9E7F4140020F7B550F8044C054637
:1083C000002C59D000F1A40104F1240014F0B1FBF9
:1083D0002E1F05F15C0700220023384619F08EF8A5
:1083E000024678BBAB6D2BB101466FF06703304698
:1083F000FFF7ACFF002345F8043C05F15403BFF33D
:108400005B8F53E8001F21F0010143E80012002AAE
:10841000F7D1BFF35B8F636A73BB04F10C060022D4
:108420000023304619F06AF878B9666886B91348AF
:108430002660214619F072FD286803B0BDE8F040BF
:1084400001F04AB90CF0C0FCC5E70CF0BDFCE6E752
:10845000A26833686360964208BFA36077683FB143
:10846000B3690093002320681A466FF06701B8478C
:108470003046FFF75BFFD8E703B0F0BDF8060020F9
:1084800070B550F8783C92B00646186813F07CFF3F
:108490000378044607AD032B24D8DFE803F0021D60
:1084A0001F211349284612F048FEA37905956278EA
:1084B0000492A2780392E278029222790192627980
:1084C00000921E210B4A0AA810F052FEA6F1740079
:1084D000FFF772FF12B070BD0749E3E70749E1E714
:1084E0000749DFE7074A0A21284610F041FEDCE78A
:1084F000E73B0200103C0200EE3B0200F53B0200AD
:10850000FF3B0200093C0200F8B51D460F46164627
:108510000CF0AEFB044C182303FB0040C0E90376CB
:108520000123C3800575F8BDA814002010B50449C7
:10853000144618461022A04700EAE07010BD00BFA4
:10854000E00B002070B50E4C2378834206460D46A2
:108550000BD0237CB34210D10A49284614F00BFEFD
:1085600058B1012304EB031008E0611C284614F005
:1085700002FE0028EDD00023F4E7002070BD00BF0C
:10858000281500203915002070B50D4C2378834242
:1085900006460D4609D0237BB34204D1094928463B
:1085A00014F0E9FD48B9002070BD611C284614F0A4
:1085B000E2FD0028EFD02046F6E70348F4E700BFCD
:1085C000880B0020950B0020940B002070B50E4CFA
:1085D0002378834205460E460CD0237BAB4210D154
:1085E0000A48314614F0C7FD58B101230C2202FBA2
:1085F000034007E0601C14F0BEFD0028EDD000230E
:10860000F4E7002070BD00BFFA2C0020072D0020E9
:1086100070B5204B144682689A420FD1A568C6688F
:1086200075B922792168304614F0ADFD044628B1B1
:108630001949013014F07DFD25702581012070BDA0
:10864000E0680028FBD02B888B420AD0F6D2E06885
:10865000A36801380433E0600038A36018BF01202C
:10866000EDE722792168304614F08DFD054668B9A2
:1086700002460949304614F086FD05460028E6D03A
:108680002168013014F055FD23792B70A3685B88B5
:108690002B81DCE7798A0000C239020070B5144DE5
:1086A000064640B115F8011C2A466C1E13F044FE24
:1086B00098B120460CE00F49284614F05CFD40B903
:1086C0000C4905F1100014F056FD20B105F10F0022
:1086D00070BD681EFCE70020FAE7217C04F111025E
:1086E000304613F029FE0028F5D004F11000EFE722
:1086F00029150020C239020010B54A1C0C4638B1B9
:10870000097813F019FE08B1204610BD0020FCE7DF
:108710000249104614F02FFDF5E700BFC2390200F0
:108720002DE9F04706460F46904613F0A5F8394666
:1087300004463046FFF728FF05463CB3A8B9144865
:1087400014F04CFD0446F8B1124814F047FD60B92E
:10875000114D01240C235C43DFF84090601C394626
:10876000484414F0E6FC09F80460012101FA08F11C
:1087700005F1080014F014FDBDE8F04708484FF477
:10878000004200230FF0D0BC044DE3E7BDE8F087C2
:10879000900B00209C0B0020940B0020880B0020E5
:1087A000A00B00202DE9F04180460F4616461D46DD
:1087B000FFF70CFF044648B91449FFF707FF0446CA
:1087C000F0B100F8018B394614F0B3FC22896389BB
:1087D00092B99BB926816581254615F8010B29467A
:1087E00013F04AF860B12246294612F8080BBDE89A
:1087F000F0410423FCF760B9964203D39D42EAD8C6
:10880000BDE8F0819D422681E6D9E4E7C239020045
:108810002DE9FF410E4617469846054628B96FF0E8
:108820001504204604B0BDE8F08102A912F04BFD0A
:1088300004460028F3D101A9284611F09EF90198B9
:10884000D0B902A90020FFF7C1FE0546D8B9002E15
:10885000E7D01249FFF7BAFE0546D8B1002300F869
:10886000013B02A914F065FC042205F10801404611
:10887000B84700EAE074D4E70A22214612F0E6FB8A
:108880000028DED0CBE7002EEED10C22314612F0CC
:10889000A0FCC6E76FF00B04C3E700BFC2390200BB
:1088A00008B513468168074A914209D11A791968B7
:1088B000C06814F068FC18B10A22002112F089FC8B
:1088C000012008BD798A000038B50C4B1446826837
:1088D0009A420D460FD122792168C06814F053FCEA
:1088E00048B1D4F8C83004EB830201331581018903
:1088F0005181C4F8C830012038BD00BF798A00001A
:1089000038B5094B154682689A420AD1C46829686D
:108910000134204614F02FFC18B16968204614F089
:1089200008FC012038BD00BF798A000002484FF4DE
:10893000A47200230FF0F8BB680C002008B50421D6
:10894000084814F02DFC07486FF0020114F037FCC2
:10895000044814F043FCC30701D5FFF7E7FF0020EC
:1089600008BD00BF980C002010B50C49044601302A
:1089700014F0DFFB04F108000122002112F029FCB1
:10898000BFF35B8F0C34002354E8002F44E8003120
:108990000029F9D1BFF35B8F10BD00BFC2390200BF
:1089A00013B5BDF810100B4C104608294FF42812CF
:1089B000CDE900420BD8C1F108049C42A8BF1C4677
:1089C0002246694412F0FAFB204602B010BD6FF057
:1089D0000604F9E7180028002DE9F041234B15465D
:1089E00082689A42074602D1C468638933BB01207A
:1089F000BDE8F081FEF74EF9E36800216181002BAC
:108A0000F5D038469847F2E705F17008287A4146D4
:108A100012F032FF68B9164B9C4202D1284614F07E
:108A2000F4FB1449304614F084FB002323702381A7
:108A3000E2E74146304614F07CFBDDE72389002B5A
:108A4000DAD02646284616F8011B324613F074FC8D
:108A50000028D9D120783146FEF740FC0028CBD041
:108A6000437B072BC6D1FEF715F9C0E7798A0000D2
:108A7000A0040020C23902002DE9F0471F46BDF8CE
:108A80002030D1F80C9006468846002B46D17B1E3C
:108A9000012B46D8012F4946157818BF1588FFF7D6
:108AA0002BFE044678B915B93846BDE8F08749462B
:108AB000FFF722FE0446B8B306F17001013014F04E
:108AC00038FB337A2370D9F81030DBB9B4F808A03A
:108AD0002581B9F80A30AB4203D04946404614F02C
:108AE00001FBAA4505D0307A002206F17001FFF79C
:108AF00017FE002DD8D10E49601C14F01AFB25700A
:108B00002581D1E72A464146304698470028CCDBEC
:108B100001380128DAD96FF00D00C6E76FF00600C2
:108B2000C3E76FF00C00C0E76FF01000BDE700BFB7
:108B3000C239020008B51248012114F031FB10F0CF
:108B4000010F104B0AD1104A9A610D4814F046FBF0
:108B5000830713D4BDE80840FFF7E8BE1A8B588B93
:108B6000012A4FF6FF7205D8904207D04FF6FF72E8
:108B70005A83EAE790421983E7D0F7E708BD00BFC0
:108B8000980C0020480C00200100FFFF10B5104C8D
:108B90001049204614F0EFFA014638B9601E14F06F
:108BA00078FC14F8010C214614F058FB09490A48D6
:108BB00014F0E1FA014650B9084814F06AFC084B79
:108BC000BDE81040187C03F1110114F047BB10BD43
:108BD00029150020C239020039150020381500205F
:108BE0002815002010B56FF0020104460E4814F05D
:108BF000E6FA0D4814F0F2FAC20704D50B48002239
:108C000000230FF091FA204614F041FA58B12046A3
:108C1000FFF744FD38B1037ADB0704D5BDE8104007
:108C2000012114F046BC10BD980C0020680C0020F7
:108C300010B51C48012114F0B3FAC30731D4022146
:108C4000184814F0ADFA084007D11749174A0B88A5
:108C5000174CA2421FD300B10B801649164819F0D9
:108C600030FB4FF4A47200231348FBF7FFFF1349B6
:108C7000134819F026FB0221124814F091FA124908
:108C8000124819F01EFB1248FEF78AFCBDE810409E
:108C90001048FEF7E3BA506803449BB20832012043
:108CA000D7E710BD48150020122D0020AC2A020085
:108CB000D42A020039D70100F00B0020D191000026
:108CC000680C0020980C00206FDA0100A00B002037
:108CD00078040020580400202DE9F041034648B1F3
:108CE000008A38B91249DFF84CE001244FF0140C27
:108CF000714501D3BDE8F081D1E90076BB4204D3D0
:108D00000CFB0672143A93420ED93444A2B20831D5
:108D10001446EDE70CFB0578434507D00135621991
:108D2000B54292B2F6D1F2E70025F8E71046E1E746
:108D3000AC2A0200D42A02002DE9F74FBDF83050CA
:108D4000009199464FF6FF73002D08BF1D46244B36
:108D50001B888342074690463CD203B0BDE8F08FA3
:108D600073682344BB4232D29CB208361D4B9E42EC
:108D7000F6D3F2E789580193404612F0CAFA019BF4
:108D800090B101340AF1010AA4B273685345ECD9D9
:108D9000009B9C42E1D8BC423168F2D30BFB0AF243
:108DA0008B18B8F1000FE5D1B9F1000F0BD1013DDF
:108DB000ADB218460E9A0D9B21469847002DCCD097
:108DC0000028DED1C9E7DA689145DAD1EFE74FF044
:108DD000000ADAE7044E01244FF0140BC6E700BF87
:108DE000122D0020D42A0200AC2A020010B5C8B00F
:108DF00000231AAA694604A8CDE90033CDE902335D
:108E000012F012F8D8B14FF6FF7101200D4A04ABF1
:108E100014F087FC0C4804A912F09BF878B10A4BB7
:108E2000082203F11001187811F8014D03F8014BE5
:108E3000013A0870F7D10548082114F0B1F948B09B
:108E400010BD00BFEDD30100D00B0020980C002016
:108E5000F8B51D49BDF818600446A1F1300015466B
:108E60001F4619F04FFA194814F0B8F9010707D452
:108E7000FFF7BCFFFFF78AFE15481021FBF756FEEF
:108E80002046FFF70BFC68B1037ADA070AD500F138
:108E90000C04204614F0A2F9C30703D40221204693
:108EA00014F07EF9102E0CD8C6F110040849BC420B
:108EB000A8BF3C4622463144284612F07FF920469E
:108EC000F8BD6FF00604FAE7200C0020980C002093
:108ED000D00B002010B51B4814F080F9C0F3C0007F
:108EE00080F0010408B9FFF781FF164814F076F905
:108EF0000346144814F072F9DA0621D5830608D522
:108F0000F4B1FFF743FEBDE810400F481021FBF716
:108F10000DBE20210B4814F043F90B49102288188C
:108F200012F03CF948B9094819F0D9F9BDE81040E8
:108F300004486FF0010114F042B9FFF7FBFDE0E7D0
:108F400010BD00BF980C0020D00B0020680C002042
:108F500008B51021034814F023F9FFF7BBFF0020E8
:108F600008BD00BF980C00202DE9F041B8B00C46B8
:108F7000164621493E986A461F4610F0DAFD002841
:108F800037D0009D01A9284610F0F7FD65B1019882
:108F900070B90DF108080023284641468DF81430B9
:108FA00012F091F9054650B16FF0150425461AE00C
:108FB0000A22002112F04AF80028EAD0F4E7CDF89E
:108FC0001080A4B1C02208A93846B047041EEDDBCA
:108FD000A40808ABCDE90634084A04AB4FF6FF718C
:108FE000012014F09EFB284638B0BDE8F0812346EE
:108FF000F0E76FF01505F6E7333C0200118600003C
:1090000007B500230193FFF767FE411C89B20846AC
:10901000034A01AB14F085FB019803B05DF804FB33
:10902000DFD001002DE9F047154689469422696892
:10903000064614F0AAFB8046002848D1696802223F
:10904000304614F0DCFB002844D04FF4702000219F
:10905000AF8AFFF749F90237044680B11F4B4761D9
:109060001D214174C0F80C80436085613A4630464A
:1090700013F01AFF074638B92046FFF757F96FF08B
:109080000B052846BDE8F08701234246414607F11B
:109090000C0AFFF739FA0221504618F09AFA804676
:1090A000504628F8029BA98A18F093FAAA8A2969DF
:1090B000404612F083F8A7602146304613F0CAFFFD
:1090C00005460028DDD02046FFF730F9D9E74FF0FC
:1090D000FF35D6E76FF01505D3E700BFF9D00100E3
:1090E00030B504468BB0374814F078F842070D4687
:1090F00061D514B1637B072B60D168680590FFF7D9
:10910000EBFD2A68ADF818003AB305A902912E4983
:1091100001910121002300914FF6FF710593FFF7A4
:109120000BFE059B1BB96FF001000BB030BD6B60EF
:10913000059B186800238DF8103004A942F603033C
:10914000ADF8123012F0E5F870B90598C3689B7954
:109150009B0605D46FF01500E7E70028E8D1E2E7A9
:1091600014F091FAADF81800BDF818003CB10123D5
:109170000146AB752A462046FFF754FFD5E76FF04E
:109180007F0307930223ADF8203042F60213ADF8B7
:10919000123005ABAC7502930C4B01930123009385
:1091A00004AA23464FF6FF7109958DF81040FFF78A
:1091B000C3FD0798B9E76FF00A00B6E76FF07F00CC
:1091C000B3E700BF3401002027D101000194000063
:1091D00073B500F13005044650F8083C0193A0F146
:1091E00020066FF00101284613F0E9FF0D4B44F80B
:1091F0001C3C0D4B44F8183C01AB002044F8103CDB
:10920000042324F8080C24F8060C24F80C3C3146FE
:10921000FFF766FF18B90221284613F0C1FF02B01C
:1092200070BD00BF74310200E58B00002DE9F843EA
:10923000334B1468174682689A4205465DD1C6686A
:10924000002306F10109002B57D13389002B54D09C
:1092500031784A46204613F06FF800284DD04FF47D
:1092600095722946204614F090FAA0B1032844D004
:10927000052820460CBF4FF003084FF0020813F0FA
:1092800059F8804507D93A7942454FF00103DAD2BF
:1092900087F80480D7E73146284613F023FF194B9F
:1092A0009E422AD1207A04F17001FFF78FF905461A
:1092B00018B303890BB94389FBB12046FDF7DAFDEA
:1092C000114A2B8922F8203002EB800369895980EA
:1092D0000E490F4D182303FB001300B202EB80026E
:1092E00000EB40005D601A610A4D9D60042201EBB5
:1092F000C00120469A82FFF7F3FE0120BDE8F88303
:10930000798A0000A0040020F62C0020101500200F
:109310007431020055D5010030B504468BB0354894
:1093200013F05CFF42070D465DD514B1637B072B3C
:109330005CD168680590FFF7CFFC2A68ADF818008B
:109340003AB305A902912C49019101210023009112
:109350004FF6FF710593FFF7EFFC059B1BB96FF00C
:1093600001000BB030BD6B60059B186800238DF8C1
:10937000103004A942F60303ADF8123011F0C9FF12
:1093800070B90598C3689B79DB0605D46FF01500AA
:10939000E7E70028E8D1E2E714F075F9ADF8180026
:1093A000BDF818002CB101462A46204614F0ABFA4D
:1093B000D7E742F60212ADF8122005AA6FF07F033C
:1093C00002920E4A07930123CDE90032ADF8203016
:1093D00004AA23464FF6FF7109958DF81040FFF758
:1093E000ABFC0798BDE76FF00A00BAE76FF07F00AB
:1093F000B7E700BF3401002027D10100019400002D
:109400002DE9F843414B144682689A42074603D03F
:1094100001273846BDE8F883C6683D4B9E4211D00F
:109420003289A3899A4206F10101F1D13078FDF722
:1094300055FF05460028EBD0437B072B26D0FDF7D0
:1094400029FCE5E7334DDFF8D0904FF0000849469E
:10945000284613F090FE78B915F8010C072229462A
:10946000FDF756FF78B9236915F8010C1A692946EA
:1094700053881288FFF796F90C35B8F1000FCFD159
:109480004FF00108E3E7FDF705FCF5E7736923B149
:109490003946984708B92846D1E7394694222846E4
:1094A00014F073F907460028F5D1A389022B14D1D3
:1094B000338913F0020604D12846FDF7EBFBA660C2
:1094C000A6E72269A1882846FFF7ACFD0646A8B9A1
:1094D0002269937D01339375EEE7012B04D0284672
:1094E000FDF7D8FBA76093E7338913F00106E3D0BB
:1094F0002269A188284614F006FA06462846FDF798
:10950000C9FB002EA66084DB82E700BF798A0000D9
:10951000A0040020FB2C0020C239020070B58EB0E0
:1095200000F17005044603900123007A8DF8103095
:10953000294612F0A1F990B1227A1AB302AE0421A1
:1095400030460FF098FE00960F4A242105A82B46BE
:10955000FBF70EFA05AA0D491046FAF703F94FF684
:10956000FF710B4A03AB012014F0DBF8204612F028
:10957000E1FE9DF81010884202D2204612F0A5FEAE
:109580000EB070BD0092DFE7363C0200698F00002C
:109590002D920000F8B5084B1C6805460E4617468C
:1095A0004CB154F8043C043C1BB13A4631462846C1
:1095B00098476468F4E7F8BD4C15002013B50A4AD3
:1095C000009004464FF6FF7101206B468DF80400B1
:1095D00014F0A7F80021204614F0D5F908B9FFF7D8
:1095E000A9FA02B010BD00BF2D92000030B5B5B091
:1095F000002301918DF8080033930A4A01AB044619
:109600000D4601204FF6FF7114F08BF8339B3BB1F0
:109610009B0003AA29462046FBF772FA35B030BDFD
:109620001A46F7E7C98800002DE9F34100F17008F8
:10963000CDE9001204460F46007A4146164612F064
:109640001BF90F4A05466B464FF6FF71012014F0D7
:1096500068F81DB1207A4146FFF7C8FF207A3946E5
:10966000FEF770FF40B13146013013F062FD1DB1CD
:10967000207A414613F0F2FD02B0BDE8F08100BF50
:109680000189000037B5134A009104460D468DF854
:1096900004006B464FF6FF71012014F042F8294692
:1096A0002046FBF73BFA002812DB2946204613F040
:1096B0009BFD00280CDB29462046FEF743FF08B13E
:1096C000FFF752F929462046FBF728FA00EAE07036
:1096D00003B030BDA188000073B5044603461A4AA2
:1096E0004FF6FF71012004F1700614F01AF8207A89
:1096F000314614F081F9207A314612F0BDF850B1AC
:10970000237A8DF80430114A00966B464FF6FF71AC
:10971000012014F006F82046FEF7C0FF054688B188
:10972000207A314612F0A8F828B9284602B0BDE8E0
:109730007040FFF719B93146681C02B0BDE87040AF
:1097400013F0F7BC02B070BDD9890000A1880000F9
:10975000064BD3F8EC0028B9054AC3F8F020EC33E7
:109760000B6070476FF00B00704700BFA00C00202B
:109770007832020008B5054B0146184614F0A1F9ED
:10978000043B002814BF1846002008BDA40C00208C
:1097900010B50C4A11680C4ABFF35B8F00F5B87323
:1097A00053E8004F944204D143E8001CBCF1000F81
:1097B000F6D1BFF35B8FBFF35B8FD0F87001BFF3BF
:1097C0005B8F10BD50140020A00C002008B5FFF7DF
:1097D000DFFF0346D8B1D0E9011239B9BAB10F4B56
:1097E0001B6801330CBF022004200FE03AB1C368AC
:1097F0001BB90B4B1B78002BF1D1042006E0084A63
:10980000107818B1D868003818BF012008BD034B84
:109810001B6801330CBF03200020F7E7D8040020A9
:10982000002E002038B5EC220546002111F0D1FCB5
:10983000102105F1270017F0F6FA044648B9052172
:10984000284614F08FF9FDF717F8034B18602046EF
:1098500038BD0824FBE700BF5415002038B5051DAE
:1098600004460821284614F07DF9064904F1570002
:10987000FDF712F820B12846082114F04CF9082011
:1098800038BD00BF43E2010073B5047A022C0546DF
:1098900023D844B190F8DC30D0F8D840DC4004F054
:1098A000010444F080040321284614F0ADF9064673
:1098B000A8B110210C3017F08CFE00901048234600
:1098C000006805F1270205F1570114F0C9FE0446AE
:1098D00050B130460BF078FA01E0032C02D008209A
:1098E00002B070BD0024DEE702463146284614F07F
:1098F00023F9281D214614F00EF92046F0E700BF99
:10990000541500202DE9F8430446FFF741FF261DBA
:1099100007460E21304614F0D4F840B10C21204601
:1099200014F072F9054660B90820BDE8F883484B89
:109930002022196804F1570011F030FC0028EDD105
:10994000F2E740210C3017F044FEDFF804912022AA
:10995000D9F80010804611F031FCD9F8001020220F
:10996000114408EB020011F029FC00222946204690
:1099700014F0E2F8237A052BD6D801A252F823F08E
:1099800099990000279A0000C59900009999000054
:1099900029990000479A00000421204614F0E2F8BB
:1099A000FFF772FF0028C0D13046072114F0DAF823
:1099B0000820FFF7DFFE002848D12046BDE8F84325
:1099C000FFF74CBF2046D4F8EC70FFF7E1FE214BC7
:1099D0001B685A1C05460DD1042104F1D80017F06C
:1099E00022FA0028A0D1D4F8D8301B4AB3FBF2F1F8
:1099F00002FB1133C4F8D830002384F8DC3055B1B1
:109A00006B6843B10B21304614F0ACF86B68D4F8A6
:109A1000D810384698470321204614F0A3F80E21A9
:109A200014F0A0F8C0E72046032114F09BF80E21A3
:109A300014F098F830460A2114F094F8BB68D4F872
:109A4000EC009847B0E704212046E9E700206CE7E6
:109A500054150020D804002040420F0070B50D4678
:109A60000446FFF795FEEE6804F1570520223146C3
:109A7000284611F0A3FB2022B11804F1770011F061
:109A80009DFB2846FCF782FE40B9164B1D681DBBA6
:109A9000201D062114F066F828461CE00E21201D2A
:109AA00014F060F8D4F8EC50D5F8A03033B9287A27
:109AB00005F1700100F0F8FEC5F8A000D5F8A0305F
:109AC000002BE2D0DA8902F02402002ADDD05B7B91
:109AD0009B07DAD4032070BD2046BDE87040FFF735
:109AE00011BF00BF5415002037B505460C46FFF7DF
:109AF0004FFE0346F8B10068E8B122788DF80020E7
:109B000062788DF80120A2788DF80220E2788DF835
:109B1000032022798DF8042062798DF805201B68D6
:109B2000D5F8EC00694698470138C0B208289ABFBA
:109B3000024B185C002003B030BD00BF563C020051
:109B400038B512490446A0F1EC05543018F0B9FBC1
:109B5000284614F091F9BFF35B8F0D4A04F184039A
:109B600053E8001F43E800200028F9D1BFF35B8FC2
:109B7000BFF35B8F88344FF0FF3354E8002F44E885
:109B800000310029F9D1BFF35B8F38BD2BE4010010
:109B9000A00C00202DE9F04188B004460D46FFF7E7
:109BA000F7FD04F13707E968064610223846251DFF
:109BB00011F004FB0521284613F083FF00283CD157
:109BC000D4F8EC3004F1470803F17E0204AE773399
:109BD00001920093029604F1100304F10902394640
:109BE000404614F06CF908B1082071E010223146AB
:109BF00004F1170011F0D2FA002868D10822394682
:109C0000304611F0DBFA082204F1270106A811F012
:109C1000D5FA32463146404617F007F90028E3D11D
:109C200031461022404611F0C9FA0121284613F0AE
:109C300099FF204614F020F84AE0237A052BD3D868
:109C400001A252F823F000BF8D9C0000999C0000F7
:109C5000999C0000619C0000E99B00001F9D000092
:109C600004AB45490093096804F127033A4604F11F
:109C7000570000F055FF0028B6D10A21284613F0FE
:109C800071FFF3680499D4F8EC0098470D21204641
:109C900013F068FF1021C9E794F8DC20D4F8D8301D
:109CA0003549D34004AE03F001030096096843F040
:109CB00080033A4604F1570014F0D2FC002893D1F7
:109CC0001022314604F1170011F068FA18B104208F
:109CD00008B0BDE8F0810321204613F043FF13F0E4
:109CE000CBFF0028F4D194F8DC300133DBB2142B25
:109CF00084F8DC3009D10D21204613F033FF102108
:109D0000284613F02FFF0020E2E7102104F127007E
:109D100017F089F8003818BF0120C000D8E71021DB
:109D200004F1270017F07FF800287FF45DAF06B339
:109D30003369F3B1114BE27A1B88ADF81030A37C84
:109D4000D20703F0010312D4002B14BF0123032315
:109D50008DF811300023C4E9383328460C2113F064
:109D600001FF3369D4F8EC0004A99847CBE75B0006
:109D7000EEE70220ACE700BF541500208C2B020058
:109D800038B5174B1B78054623B301F00F0428465E
:109D9000FFF71CFD134A03280CBF04F00B0444F02A
:109DA000040405F5BA731278BFF35B8F53E8001F04
:109DB000013103D143E800200028F7D1BFF35B8FC6
:109DC000BFF35B8FD5F87431BFF35B8F2BB144F0D9
:109DD000010038BD01F00704D9E704F0FE00F8E700
:109DE000002E0020E30600202DE9F7430D46D0F8B1
:109DF000EC700446FFF7CCFCEE68F378073B092BC8
:109E0000804603D9062003B0BDE8F083D7F8A03020
:109E10005BB1251D0F21284613F053FE80B9204663
:109E2000FFF700FD60B1C0B2EDE7387A07F17001CD
:109E300000F03AFDC7F8A0000028EAD10820E2E7C8
:109E4000012306226372314604F10A0011F0B6F9CB
:109E500002232374B1782046FFF792FFE074204676
:109E6000FFF7B4FC102360742375337903F0030308
:109E70006375737903F00303A375E37C1B070ED5A9
:109E8000B37818070BD50521284613F06BFE637DC8
:109E900003F002036375A37D03F00203A37505219C
:109EA000284613F00EFE00284FD0A24B1B78A37457
:109EB000E37C990606D5B3789A0603D51421284683
:109EC00013F050FEE37CDB0741D5B378D8073ED5CD
:109ED0000D21284613F046FEA37D84F8E830637D0B
:109EE00084F8E9300321284613F03CFE052196F85A
:109EF000009013F0E6FD70BBB9F1040F4BD8E37A84
:109F0000A27C1340D90744D4217BE37C194311F090
:109F1000040111D02046FFF759FC874B09EB890952
:109F2000994419F80010042906D1D4F8EC30DB78F4
:109F3000002B14BF012102212172D7F8A010204666
:109F400013F0C8FD48BB03205DE77C4BAEE7002360
:109F50006375A375C0E7237BE07C03EA0002120768
:109F600006D5E27A94F812C042EA0C02D207E3D492
:109F7000B9F1040F0FD843EA000111F00401DBD05E
:109F80002046FFF723FC6E4B09EB89094B44195C13
:109F9000D2E70621D0E70021CEE7D4F8EC309B7A57
:109FA000032B51D03ED8013B012B3FF647AF052193
:109FB000284613F086FD3146002840F0C780204631
:109FC000FFF792FD00287FF41EAF2046FFF7E0FB6D
:109FD00007462046D4F8EC80FFF7DAFB08F1700161
:109FE000064698F8080000F023FD237A28B1427B4A
:109FF000D10702D5002B3FF421AF062B3FF61EAF51
:10A0000001A252F823F000BF73A0000007A10000D6
:10A01000AFA000003D9E00003D9E00003D9E000060
:10A0200051A00000042B7FF409AF237D627B934293
:10A0300028BF1346102B7FF4E5AE0521284613F008
:10A0400040FD00283FF47FAF237A002BAFD17AE7A1
:10A05000002E60D03369002B5DD000230A212846F2
:10A06000ADF8043013F07EFD3369D4F8EC0001A99B
:10A070009847344A237A1268013201D0022B01D06A
:10A08000002B4AD10F21284613F01BFD002844D194
:10A09000002F42D0BB69002B3FD028460A2113F085
:10A0A00061FDBB69D4F8EC0098470020ABE6254B76
:10A0B0001B685A1C0DD104210DEB010016F0B3FEF4
:10A0C00000287FF4BBAE019B1F4AB3FBF2F102FBF9
:10A0D000113301934EB173683BB10B21284613F045
:10A0E00041FD7368019940469847019B84F84730C9
:10A0F000C3F307221B0C84F849301B0A84F848205C
:10A1000084F84A30B5E728460A2113F02BFDB368DE
:10A1100040469847ADE7022075E60321204613F03C
:10A1200021FD0E2113F01EFD03B0BDE8F04313F036
:10A130008ABD00BF022E0020873C0200012E0020B5
:10A140006E3C0200D804002040420F002046FFF77A
:10A15000CBFC00287FF457AE0E4A237A12680132F6
:10A1600001D0022B00D093B90F21284613F0A9FC8F
:10A1700068B9B8F1000F0AD0D8F818303BB12846BA
:10A180000A2113F0EFFCD8F8183038468CE70C2180
:10A190002046C7E7D8040020431C02D0044B984255
:10A1A00003D8044B1860002070476FF0150070470B
:10A1B0003F420F00D80400202DE9F041C678012E5F
:10A1C000044604D06FF015042046BDE8F08113F07A
:10A1D00071FC0546002800F0AB80071D04213846BD
:10A1E00013F06FFC002840F0A6800321384613F0DE
:10A1F00068FC10B16FF00F04E6E73146384613F003
:10A2000060FC0028F6D12846FFF7C2FAD5F8EC30FA
:10A210009B7A032B064642D032D8013B012B48D90A
:10A220000B21201D13F04DFC0028CBD1D4F8A03019
:10A2300083B904F17006217A3246202000F090FBA9
:10A24000C4F8A00030B9217A3246042000F088FB1F
:10A25000C4F8A000D4F8A030002BB3D0DA8912F0F3
:10A26000240FAFD0A17A022923D9587BC007A9D5E2
:10A2700003291ED09206A5D51B7B102BA2D118E076
:10A28000042BCDD12846FFF7A1FA032804D1002ED4
:10A29000C6D03369002BC3D0284B1B7807E0284673
:10A2A000FFF794FA032804D1002EB9D03369002BAC
:10A2B000B6D0D4F8A0303BB12846FFF7B3FA044635
:10A2C00070B16FF068047FE7207A04F1700100F04C
:10A2D000EBFAC4F8A0000028EED16FF00B0473E78E
:10A2E0000B21284613F090FC06460028E9D00121F6
:10A2F0000C3017F06EF9092180462846FFF740FD23
:10A30000234688F800002246314605F1EC0012F0A1
:10A310003DF9044618B130460AF056FD54E7384678
:10A320000F2113F01FFC0121284613F01BFC4BE703
:10A330006FF07F0448E76FF0040445E7002E00202B
:10A34000F8B5D0F8EC40D4F8A0300646051D43B966
:10A350000221284613F0B5FB0927002851D11F21FF
:10A360004BE081BB0D21284613F0ABFB074620B123
:10A37000D4F8A00008B114F053F9364B1B689BB118
:10A380001D6805B10C3D53F80C3C13B1394620460D
:10A3900098474DB12B46ED681B681DB10C3D002B55
:10A3A000F4D1F7E7002BF1D1304613F065FD637B64
:10A3B000072B4DD1627AA37A9A4249D02046BDE854
:10A3C000F840FFF7F9BE0139C9B20E2998BF224AF9
:10A3D0001B7B94BF575C092723BBD4F8A00014F063
:10A3E000CBF80023C4F8A0300221284613F069FB03
:10A3F00038B9072FB3D8194BD95D3A462046FCF738
:10A4000005FF0321284613F05CFB0028CCD0114B3C
:10A410001B68002BC8D01D6805B10C3D53F8083CE3
:10A420004BB90BE00221284613F04BFB0028D4D196
:10A43000DAE70C3D23B1394620469847002DB3D0CA
:10A440002B46ED685B68002DF3D1002BF3D1ABE711
:10A45000F8BD00BF481400205F3C02004E3C0200E3
:10A460002DE9F0410B8A04460E46B3B3012106F1F3
:10A470000C0017F0D5F8A4F1EC05E83C07460421E0
:10A48000204613F01EFB40BB39780E2925D8DFF893
:10A49000508058F8313023B90721284613F08AFE3E
:10A4A0001BE0284613F0C0FC30B90321204613F00E
:10A4B00008FB90B10821F0E73B78318A08EBC30232
:10A4C0001279914201D00A21E7E7314658F833303A
:10A4D0002846984701460028DFD10020BDE8F081DA
:10A4E000A03202000C4B10B5186098B10B4C0C4810
:10A4F0000DF092FBBFF35B8F54F80439BFF35B8F11
:10A500005B0607D52046FFF7FDF9014610B120464E
:10A5100013F050FE10BD00BF54150020A40C002005
:10A52000780700202DE9F74390F8E930CF68D0F89C
:10A53000EC5023F0020380F8E9303B78044623B165
:10A54000BB7903F0C003C02B6FD105F1700807225F
:10A550003946404610F022FE88B1287A394600F08C
:10A5600067FA064658B10146204613F0B3FA18B907
:10A57000082003B0BDE8F083304613F0FDFF0D2145
:10A58000201D13F09EFA00283BD0297A4246022073
:10A5900013F0DEFF06460028EAD0EB78002B3DD111
:10A5A00005F17E0191F80090B9F1010F22D18B796C
:10A5B00003F0C003402B1DD10622013106F13A0001
:10A5C00010F0FCFD95F87030A3B195F8763003F0EB
:10A5D000C003C02B0ED017496A464846CDE9008714
:10A5E000FCF730FC07223946701C10F0E7FD2846C6
:10A5F000FCF7DCFD3046FBF74BFBC0B93046FBF700
:10A6000057FB94F8E9305B0703D50A21204613F085
:10A61000A9FAB4F8E81021B10020AAE705F1770102
:10A62000C0E72046FFF78CFEF6E70A20A1E70320EB
:10A630009FE700BF55DE01002DE9F04F0446A0F171
:10A64000E80689B005460F463046012154F8EC89EA
:10A6500013F0EAFB002800F0FC80DFB10321304654
:10A6600013F02FFA002800F0F4803846FAF778FD4E
:10A670000138C0B208289ABF7C4B1D5C002502211E
:10A68000304613F06FFA2946204609B0BDE8F04F76
:10A69000FFF756BE98F80B30002B00F0DA8003214C
:10A6A000304613F00EFA28B9204609B0BDE8F04F45
:10A6B00013F0E2BB0521304613F003FAB8B115F8E8
:10A6C000043C1A0707D515F8033C1B0703D51121D5
:10A6D000304613F047FA15F8043C23F0080305F858
:10A6E000043C15F8033C23F0080305F8033C15F877
:10A6F000033CDF0740F1B0800621204613F032FA18
:10A700000221304613F02EFAD5F80080D8F8A03098
:10A71000002B00F09E80052113F0D3F9002860D1B2
:10A7200015F8043CDA075CD52B681A2101A8D3F888
:10A73000A07016F078FB8246002852D106212046F0
:10A7400013F062FA814600284BD010210C3016F02D
:10A7500040FF3A7B01A9834610F030FD387B0F287B
:10A7600005D8C0F110025146584410F032FD494658
:10A770000022204613F0E0F90721204613F044FAA6
:10A78000814670B30A210C3016F023FF082282465E
:10A7900005A9023010F012FD022207A9504610F060
:10A7A0000DFD49462046324A13F0C6F90D213046C8
:10A7B00013F087F9A8B10121384613F0D9FE102211
:10A7C00001A907F14A0010F0F9FC082205A907F1D8
:10A7D000400010F0F3FC022207A907F1480010F036
:10A7E000EDFC15F8043C9B072ED50821204613F0FC
:10A7F0000BFA064668B310210C3016F0EAFE98F802
:10A8000008101C4F1731102207EB011110F0D6FC75
:10A8100031460022204613F08FF90921204613F01B
:10A82000F3F90646A8B107210C3016F0D2FE98F8CD
:10A830000810C1EBC1010722394410F0BFFC0E4AD9
:10A840003146204613F078F935F8041C00293FF40E
:10A850001BAF09B0BDE8F08F980701D508214CE780
:10A8600059077FF54DAF0A2147E700BF563C02006C
:10A87000B9E3010060000020A9E3010008B5074B1F
:10A88000074893F8A23003F006039A1F534253413E
:10A89000044A1370FBF786FF002008BD600000200B
:10A8A000D0040020002E002070B50F4C14F8013B9E
:10A8B000834205460E4607D00C490D48072210F08A
:10A8C0006DFC48B1002070BD0722204610F066FCE8
:10A8D0000028F1D10448F6E707223146044804F87D
:10A8E000015C10F06BFCF5E758150020C23902003E
:10A8F00059150020F7B50C4F04460D4616460023A7
:10A90000F9893A780BB103B0F0BD0029FBD0A2421F
:10A91000F9D106490722684610F050FC31466846D6
:10A92000A8470123ECE700BF581500205915002067
:10A9300010B40B461146044AD489044202D010BC1C
:10A940001046184710BC70475815002008B5034939
:10A9500000220220FFF7ECFF002008BD4DE50100BA
:10A960002DE9F041DFF8388005460E4617460023F2
:10A97000B8F80E4098F800202C4013B10020BDE834
:10A98000F081002CFAD09642F8D1064807223946C9
:10A9900010F004FC01230028EAD10148EFE700BFD2
:10A9A0005815002059150020F8B50B78012B0646E4
:10A9B0000C4601D00020F8BD8B7903F0C003402B7A
:10A9C000F8D1184D002305F13A07EA89287802F0FA
:10A9D0000202C3B10023EA89297802F00202002BA7
:10A9E000E8D1002AE6D0B142E4D1671C0E483946CE
:10A9F00010F021FC01230028EDD0062239460B4837
:10AA000010F0DCFB0BE0002AE5D0B042E3D10622D7
:10AA10003946601C10F0C2FB01230028D5D1014843
:10AA2000C9E700BF581500208215002092150020AC
:10AA300010B5064C2378834204D10722601C10F025
:10AA4000ADFB08B1002010BD2046FCE758150020E2
:10AA50002DE9F0479AB01D46DDE923972E4B1646A7
:10AA60000CAA84468A4603F1300E9046186859684D
:10AA7000144603C4083373452246F7D118681B797E
:10AA8000206023716146202204A813F0D1FD2348E1
:10AA90006B46202204A913F054FE0446C0BB1022CA
:10AAA00051460DF1350013F0C3FD102231460DF172
:10AAB000450013F0BDFD2946062211F8013B8DF833
:10AAC00055300DF1560013F0B3FD2299062211F80E
:10AAD000013B8DF85C300DF15D0013F0A9FD4B4694
:10AAE00035224146684613F02CFE044680B948469C
:10AAF00013F0A8FD01238DF8303035223B46414646
:10AB0000684613F01EFE044610B9384613F09AFD4D
:10AB100020461AB0BDE8F0878E2B0200A83C020048
:10AB2000F0B599B014460F462022014604A81E46EF
:10AB30001E9D13F07DFD202239460CA813F078FDF0
:10AB40001022314614A813F073FD214610226846E6
:10AB500013F06EFD6B46502204A9184613F0F1FD68
:10AB6000044660B9042203A9284610F027FB2B688D
:10AB7000044A1BBAB3FBF2F102FB11332B602046EF
:10AB800019B0F0BD40420F002DE9F8430F4FDFF838
:10AB900040804FF00C0944463E460025221D2146C8
:10ABA0003046013513F063FE042DA6F10806A4F12A
:10ABB0000C04F3D1A9F1040919F1040FA7F120073E
:10ABC000A8F13008E7D1BDE8F88300BF2C160020BB
:10ABD000E8160020F0B43024104B0C274C4307FB40
:10ABE000004406460D46234452B1597A187A8142F0
:10ABF00004BF0131197230462946F0BC09F0F2BE9B
:10AC00009C7ADA7AA24207D101329A72044B01226D
:10AC10005A54F0BC09F02CBFF0BC70473416002029
:10AC2000032E002070B505460C461E46B2B173785F
:10AC30003078C01A10F0030030D10133DBB233702A
:10AC40003022042312FB04320C2313FB05231C4A7D
:10AC500070681A44314613F018FE24E016F0F1FB38
:10AC60000028E4D02146284609F0E0FE7278134619
:10AC70000028DDD030210C20614300FB0511104875
:10AC80000144887AC97A8842D2D133789B1A9B07CB
:10AC900011D1D6E902039847002070BD0128FCD0ED
:10ACA0000133DBB23370074B0122214628461A5587
:10ACB00009F0DEFEF0E70232D2B23270E9E700BFFF
:10ACC00034160020032E00202DE9F04FDFF82CA1D0
:10ACD0001AF8003087B00546002B00F08780484CFA
:10ACE00000EB4003002704EB03143C22042312FB77
:10ACF00000330AF800704FF0030800970293A34650
:10AD00000023A16A5BF8240F059305AA13F0C4FD84
:10AD10000646002E40D0059A92F800905378A9EB91
:10AD2000030909F00309B9F1010F05D1013B537083
:10AD3000059BD3E902029047059BA06A1A7803930A
:10AD4000D1B201915978521A02F00302012A16D0A9
:10AD50000022594613F0A8FD039B5E60019A5978C2
:10AD60005A701A78521A02F00302012A07D1244AB3
:10AD70005970029930460A44194613F086FDD4E909
:10AD8000090105AA13F088FDB9F1010F0646C0D1EB
:10AD9000B8F1000F23D110BB94F82E3094F82F2077
:10ADA0009A4226D194F82C3094F82D2008F1FF38DF
:10ADB0009A425FFA88F81CBF84F82D300127B8F159
:10ADC000FF0FA4F10C049AD1009B7BB177B93A46EE
:10ADD0002946284607B0BDE8F04F09F003BE01231D
:10ADE000294628460AF8053009F042FE07B0BDE8BA
:10ADF000F08F84F82F3001230093D3E7032E002037
:10AE000034160020D0E908310B44084902460848AE
:10AE1000194481429FBFA3F1E873A3F5D433A3F58E
:10AE2000A573012088BF0020536270475A2B17FF7B
:10AE3000592B177F2DE9F843224E044608462C2152
:10AE400004FB0168D8F8041001EBC00711F83010BA
:10AE5000FC78651CEDB2A94298BF00257978A9421B
:10AE60002ED0796804EB44044FEA041C01EB04146F
:10AE70004FF0040901F80C906360089BA360099BE4
:10AE8000E3600A9B23610C9BA361BDF82C30A38275
:10AE9000119B63620D9BE3610E9B23620223A370EF
:10AEA0000F9BA362109B6270E362FD70D8E90835C6
:10AEB0009847434600224946A847A078BDE8F88352
:10AEC0000120FBE7F41600202DE9F04F837E8FB0C0
:10AED0000446002B40F05482437E02934BB1456AF6
:10AEE0000346012204210420AC460FB0BDE8F04F18
:10AEF00060474369C17A0893837A01229942427676
:10AF00005CD01344DBB2022B08BF0023837200EB3A
:10AF100083030792DB6800930099089B0B4423F09E
:10AF20007F434361237E049309F0A8F82368667A7F
:10AF30000393636809930023013E0693FF23059062
:10AF4000F6B20193FF2E3DD1237E049A9B1A18BFBF
:10AF500001230393079B002B00F0E482059B089AD2
:10AF6000DDF800800B969B1A23F07F4B2368059336
:10AF70004FF00009277EFF2F0DD007EB47052B016F
:10AF80000A93059B03EB0515AA68424540F22A8106
:10AF9000A2EB0802AA60039A07990498237E8342D1
:10AFA00018BF0A4601990392204613F0F1FC256868
:10AFB0000022237EFF2198460191C4E1029B079362
:10AFC0000093AFE7099B03EBC609D9F804A099F8F1
:10AFD000030099F80280804500F0D28099F80020A3
:10AFE00008F1010308EB4807DBB29A4208BF0023CF
:10AFF0004FEA071B89F802301AF80B200AEB0717F3
:10B00000042A7978E5D901EB41052B010A93039BCA
:10B0100003EB0515082A6B78A878A3EB0003DBB2D5
:10B0200003D83BB9062A00F081800121384613F08D
:10B03000A5FCCCE7052A6FD17A684AB9BA683AB953
:10B04000FA682AB93A691AB97A6932F07F42ECD0C3
:10B05000012B40F08B80204613F046FCA860D4F80A
:10B0600014B0059B009AA3EB0B0323F07F4313441A
:10B0700098429DBF6A699B18181AA0EB03086B6879
:10B080009CBF68614FF0000893B1BB8A83B1013B5C
:10B09000BB826968DFF84CE2E88BBB8A414501D28C
:10B0A000984270D8EB8BBA8A9342C0F08480AA830E
:10B0B0007B68A96A4344AB60BA686B6913446B61EF
:10B0C00029B10B681BB1D7E901329B1A4B60059A75
:10B0D0005946284613F034FCFA68AB691344AB6157
:10B0E0003A6993428CBF9B1A0023AB61BA7D1AB1B7
:10B0F000EB7862F30003EB70FB7D13B1013B85F845
:10B100002C30039A0A99019B53547B7801936B78F6
:10B1100001336B70002189E7012B25D1062A05D068
:10B12000204613F0E1FBAB78A8606B70E27E7B7881
:10B130009A42EFD11AF80B30062B1CBFFF23E3769F
:10B140001AF80B30062B01D0082B40D179686369BF
:10B15000CA1A10023DD4009B22F07F42D318E26944
:10B160009A4288BFE361D5E7062ADFD0042123464F
:10B17000656A01220846A847012389F802800693E0
:10B18000013EF6B2DEE66B6A574ADFF860C19A18F4
:10B19000624584BF73446B62D5E908238CBF4FF0CE
:10B1A000010C4FF0000C9B1A8C4401386B62A8EB29
:10B1B0000C08E88370E72846CDE90B13FFF722FE61
:10B1C0000B990C9B084401338044EB836AE7059993
:10B1D000BDE7009A5B1A23F07F439A428CBFD31AD3
:10B1E0000023BCE7A9786B78E88B5B1AE1698A4297
:10B1F000A8EB0208ABEB020B914425BF0B9AE27659
:10B200008A1A0022E261A96AAE69DBB200293DD048
:10B210000A68002A30D0002E30D1022B01D100283C
:10B220003DD00022AA600A99059A525C227669688C
:10B2300029B9AA6A002A6BD0127A012A68D1AB6AAE
:10B24000002B2ED01B7A012B2BD1AB78C5F80880B0
:10B250006B70089B616903EB090222F07F4228466C
:10B2600013F06EFB059A0A99019B53546B78019772
:10B270000133DBB26B707DE6002ED2D0022BD0D131
:10B280000028CED10A7A012A06D1CAE7002EC8D0FA
:10B29000022BC6D10028C4D1E776E661C1E70426B7
:10B2A000F0E7EB8B0993C3B9B5F81CA05246002612
:10B2B0002846CDE90C21FFF7A5FD0D990C9A08440D
:10B2C000013A0644F4D295F82C00D8B10020099B2D
:10B2D000AE6053441844E883BBE7AB786B70002240
:10B2E0009246E4E74AA9D1015A2B17FF592B177F41
:10B2F0002846CDE90C12FFF785FD0C990D9A0844FC
:10B3000006441046B34500F10102F1D880B2DEE7F1
:10B310003BB1012B00D020B12B6A13B1696A012027
:10B320009847AB78A6E708EB48064FEA061B05EB03
:10B33000061615F80B10B76A17B1387A012822D013
:10B34000CDF804808846B8F1FF0FECD1002A00F058
:10B35000ED80069B002B00F0CB80237EFF2B40F07E
:10B360005B8108F065FE0546002840F0BA81E06187
:10B3700008F084FE65766061A37E002B40F0AC810E
:10B380000FB0BDE8F08FE369009AD6F818909A42A2
:10B3900038BFA3EB020CD7E900A328BF4FF0000C85
:10B3A000534530D2B9F1000FAAEB030A08BF4FF0A2
:10B3B00004090023AAEB09001A469E460890FF29BB
:10B3C00004D002EB09008245059032D27A68B16858
:10B3D000521A1A447A60B36015F80B20FF23FF2A33
:10B3E00067D002EB42014FEA011E05EB0111D6F8CE
:10B3F00008C08868844559D9ACEB0000B06013469A
:10B4000015F80E20EBE7B9F1000F10D1BAF1000FDB
:10B410000DD1A44AA449A54840F6A1130DF01EFF82
:10B420008AF31188BFF36F8F0323184602DF0023CE
:10B43000CCE701EB4101080105EB01110790886899
:10B440008644886A10B1007A012803D0886908B15F
:10B45000496811B90799695CB1E7B3690593BEF111
:10B46000040F1AD9131F7344534528BF534602EBE8
:10B4700009018B4211D90599002900F03781B3EBFE
:10B48000090301D09C45A1D9724413189C46089B1E
:10B4900007994FF0000E695C91E705997244831893
:10B4A0000029F3D19C46F3E763468FE7A0EB0C003D
:10B4B0008860FF2B15D0019A15F80B10FF2A17BFD3
:10B4C000BDF90420217602EB420212011BB203EB0C
:10B4D000430318BFA9541B01EA5C05F80B2005F8CB
:10B4E0000380F38B013BF38302233B72012260E56F
:10B4F0000123039363680893637A013B5FFA83FB3C
:10B50000BBF1FF0F1AD0089B03EBCB09D9F804302D
:10B51000009399F8015099F80330AB4215D10BF123
:10B52000FF33EBE70199204613F032FA237E049AA9
:10B5300093427FF40EAF069B002BDBD0039B002BC6
:10B540007FF40BAF039B637616E705EB4505009A86
:10B550002B0102EB0515D35C012B23D0022B29D143
:10B560006B682A690193D5E902130792019A059342
:10B57000127805986B690693FF2AAB69D4F800A08E
:10B58000D0F80080666902D00868B0421ED0277EDD
:10B590000E604FF00008FF2F1ED1019B1F70059B0E
:10B5A000C3F800804FF00003AB70AB6A13B1E96AD7
:10B5B0000020984799F8013099F800200133DBB258
:10B5C0009A4208BF002389F80130A2E702EB420249
:10B5D00012011AF80270DEE707EB47063201099202
:10B5E0000AEB0616069AB16962B1B268DDF818C0B6
:10B5F0000A9342443846E0470A9B28B9B26890440F
:10B60000099AE6E70029F9D0079AB36812B10799B9
:10B61000726A0A609844C0E7049BFF2B06D108F0C9
:10B620002DFD054608F0F6FC00B96561237E226811
:10B6300003EB430302EB03129568002D4BD008F097
:10B640001DFDDFF86C90DFF864A080460A27616971
:10B65000A8EB010222F07F42954207F1FF3742D961
:10B660000332AA422CBF01EB020B01EB050B2BF0BE
:10B670007F4BA26A5846904708F000FDA0EB0802F5
:10B6800022F07F42ABEB080B03322BF07F4B5A4585
:10B6900006460FD800236376A37E029A1A433FF42E
:10B6A0006FAE19E0B83C0200F03C0200C13A020063
:10B6B000924D02006FB9134A40F6F63349465046A0
:10B6C0000DF0CCFD87F31188BFF36F8F032318466D
:10B6D00002DFB046BBE76576656A23460122032197
:10B6E00001E400232FE701230293D3E7BCF1000F0D
:10B6F00004D0A3EB09039C457FF6D6AE7244131821
:10B70000D0E600BFB83C0200F8B5089F1C46069B77
:10B7100010B101263046F8BD134D9DF81C6029720A
:10B720002A606C726B60013CE4B2FF2C0FD1002EDA
:10B73000EFD1099B2B620A9B6B620B9BAB622C7651
:10B7400008F09CFC6E816861EC76EE61E2E703EB49
:10B75000C402576013F8341001EB410207EB0217E3
:10B76000721AD6B2DFE700BFF4160020044B2C2279
:10B7700002FB0033187A003818BF0120704700BF61
:10B78000F416002010B4074B2C2202FB00314C6A47
:10B7900034B10B46A446012210BC032102206047AD
:10B7A00010BC7047F41600202DE9F041224E0446EB
:10B7B0009C462C2304FB03680846D8F8043003EBAE
:10B7C000C00713F83030FC78651CEDB2AB4298BF6F
:10B7D00000257B78AB4211462CD07A6804EB4404F8
:10B7E00023014FF0050E02EB041402F803E0069B60
:10B7F000A360079BE360089B2361BDF82430A3820C
:10B800009DF82830A3759DF83430E3750223A370AA
:10B810000B9BA3620C9B6170C4F804C0E362FD70D3
:10B82000D8E908359847434600220421A847A07864
:10B83000BDE8F0810120FBE7F41600202DE9F0417E
:10B840001A4E04469C462C2304FB03680846D8F88D
:10B85000043003EBC00713F83030FC78651CEDB200
:10B86000AB4298BF00257B78AB4211461BD07A686B
:10B8700004EB440423014FF0070E02EB041402F81A
:10B8800003E00223A370069B6170C4F828C0E36242
:10B89000FD70D8E908359847434600220421A8479F
:10B8A000A078BDE8F0810120FBE700BFF41600207E
:10B8B0002DE9F0411B4E04469C462C2304FB0368F3
:10B8C0000846D8F8043003EBC00713F83030FC7892
:10B8D000651CEDB2AB4298BF00257B78AB421146A8
:10B8E0001DD07A6804EB440423014FF0080E02EBEC
:10B8F000041402F803E00223A370069BA362079BD3
:10B900006170C4F804C0E362FD70D8E90835984757
:10B91000434600220421A847A078BDE8F081012019
:10B92000FBE700BFF416002001480021704700BF6C
:10B930007F41010038B5054600200C4613F022FC7B
:10B9400068B90622214645B1064814B10FF036FC0D
:10B9500001E00FF03EFC002038BD0348F5E70C2065
:10B96000FAE700BF072E00200D2E00200128024616
:10B9700005D8044B0448002A18BF18467047002019
:10B98000704700BF072E00200D2E0020012838B57B
:10B990000C4D044611D12B88052B0ED90A4A0B49B0
:10B9A0000B4840F28C630DF059FC002383F311889F
:10B9B000BFF36F8F0323184602DF2B881C442C80B3
:10B9C00038BD00BF94170020463D02007A3D0200BA
:10B9D000C13A020010B5044615F063FA70B11C4A72
:10B9E0001C491D4840F62B130DF038FC002383F34F
:10B9F0001188BFF36F8F0323184602DF15F0CFFACB
:10BA000070B1134A134914484FF413630DF026FC28
:10BA1000002383F31188BFF36F8F0323184602DFDF
:10BA200015F0B1FB70B10A4A0A490B4840F63C13C5
:10BA30000DF014FC002383F31188BFF36F8F0323F1
:10BA4000184602DF2046BDE810400CF0E5B800BF04
:10BA5000463D0200BA3D0200C13A02002DE9F84F0E
:10BA6000284E0B78924696F82020032B88BF134669
:10BA70009A458046894643D05D1CEDB2042D06EB05
:10BA8000C30736F83330038008BF002500244FF089
:10BA9000010B1222786850B3FF280BD9037903F009
:10BAA0000303013B012B27D912237B6002F0FCFE2C
:10BAB000122202E001281CD07A6089F8005096F822
:10BAC0002030032D98BF2B469A450DD05D1C1BB22C
:10BAD000EDB236F8331006EBC307B8F80030042D8A
:10BAE00008BF00259942D5D02046BDE8F88FC7F899
:10BAF00004B00134E4B2E0E70134E4B20123D4E756
:10BB00000024F1E74C170020086001480CF084B8CD
:10BB1000001D0020014812F059BE00BF98170020F8
:10BB2000014912F06DBE00BF981700202DE9F843BF
:10BB30002C4EDFF8B4903388DFF8B0809842054689
:10BB400088BFDDB2002D3FD099F8154099F8143028
:10BB50000134E4B2052C08BF0024A3422ED1244FA7
:10BB6000DFF8888033887BB37C7B3B7B0134E4B295
:10BB7000032C08BF0024A34226D0404612F026FE24
:10BB8000054608B31B4812F021FEF8B9284604E028
:10BB9000184812F01BFE20B93846BDE8F843FFF7FD
:10BBA000BFBF076099F8153049F82300338889F83A
:10BBB0001540013B013D3380EDB2C3E7404612F032
:10BBC00005FE07460028E3D1BDE8F88300236B603B
:10BBD00005607B7B47F8230033887C73013B33800F
:10BBE000C0E700BF94170020101B0020981700200A
:10BBF00074170020EC170020014812F0E7BD00BFC9
:10BC0000EC170020014912F0FBBD00BFEC1700202B
:10BC10002DE9F347264FDFF89C8005460C460023AC
:10BC20002B60D7E9000101AA12F036FE0646B0B338
:10BC3000019B41461A782046FFF710FF60BBDFF8F2
:10BC4000789099F820308DF8013099F821208246BB
:10BC50000DF101010DF10200FFF700FF4AEA0002B9
:10BC600012F0FF02F1D1019B93F80490B9F1010F9A
:10BC700010D13946786812F017FE3046FFF750FFB2
:10BC80004846FFF783FE0198FFF7BCFF4846FFF7E1
:10BC90004DFFC4E72B60104602B0BDE8F0870649AF
:10BCA000204691F821202031FFF7D8FEF4E700BFAD
:10BCB000841700206C1700204C170020F7B5564958
:10BCC00000234868019301AA12F0EEFD044668B90A
:10BCD000524A5349534840F20E430DF0BFFA84F3E1
:10BCE0001188BFF36F8F0323184602DF2046FFF74A
:10BCF00017FF019B1C79172C14D00ED8002C7CD078
:10BD0000032C0DD0454A4849464840F244530DF0B3
:10BD1000A5FA002383F3118878E0183C052CF1D8AC
:10BD200003B0F0BD1A7F3C2A3ED19E68D6E900548C
:10BD30006CB93A4A3D493B4840F284430DF08EFAD3
:10BD400084F31188BFF36F8F0323184602DF0027A7
:10BD50007760E36E6BB1314A3549324840F2874330
:10BD60000DF07CFA87F31188BFF36F8F0323184619
:10BD700002DF04F1600104F15C0012F07BFD064675
:10BD800068B9264A2B49274840F28A430DF066FAE3
:10BD900086F31188BFF36F8F0323184602DF2068F4
:10BDA000E66602F0F7FC05E05C7FBCB19B681D68AD
:10BDB000686E70B995F86A306FF3000385F86A30E1
:10BDC000002013F0DFF910F0FF00A9D105F0ACFF5F
:10BDD000A6E700236B66FFF715FFEBE70F4A124952
:10BDE000104840F2CB430DF039FA84F31188BFF3C9
:10BDF0006F8F0323184602DFE2E7084A0E4909481D
:10BE00004FF4A8630DF02AFA84F31188BFF36F8F03
:10BE10000323184602DF83E784170020463D020013
:10BE20002E420200C13A02002B4D0200BF3D02002B
:10BE3000C83D0200E03D0200EA3D02002DE9F04766
:10BE4000484E0468DFF82081484F05462CB92C6025
:10BE5000BDE8F047FF20FFF769BE2379D4F80090D2
:10BE6000172B2FD012D8B3B1032B14D040494FF465
:10BE7000D063324638460DF0F1F9002383F3118880
:10BE8000BFF36F8F0323184602DF21E0182B33D056
:10BE9000193B042BEAD894F804A0BAF1000F0DD195
:10BEA00040F2FE533246414638460DF0D7F98AF348
:10BEB0001188BFF36F8F0323184602DF0120FFF7BD
:10BEC00065FD02E0237F3C2B04D12046FFF79AFE5C
:10BED0004C46BBE7002BDED0224A264923484FF4CC
:10BEE000B5630DF0BBF9002383F31188BFF36F8FA7
:10BEF0000323184602DFCEE7B4F806A0BAF1000F1C
:10BF0000E6D1504602F0C2FCD0F8883004466BB14E
:10BF1000144A1949154840F26F630DF09FF98AF3EE
:10BF20001188BFF36F8F0323184602DF04F17C01F1
:10BF300004F1780012F09EFC824668B9094A0F4964
:10BF40000A4840F272630DF089F98AF31188BFF351
:10BF50006F8F0323184602DFC4F888A0204602F042
:10BF600019FCB5E7463D0200183E0200C13A020046
:10BF70002B4D02000C3E02003F3E02002E4202000A
:10BF8000034B044A93F821300B7012F07EBC00BFC3
:10BF90004C17002088170020014B18680BF03CBE9E
:10BFA000FC1C002010B50B490A7B4B7B9A4205D83C
:10BFB0009C1AE4B2A04209D9002006E003339B1A80
:10BFC000DBB29842F8D851F8220010BD9A42FAD15B
:10BFD000F2E700BF74170020074A137B517B994298
:10BFE00008D052F823000133DBB2032B08BF002333
:10BFF00013737047002070477417002038B5124A39
:10C0000092F8214092F82050631CDBB2042B08BF49
:10C0100000239D4210D10D4A0D490E4840F2E663BF
:10C020000DF01CF9002383F31188BFF36F8F0322F7
:10C03000104602DF1B80FFDE02EBC40522F834004D
:10C04000696082F8213038BD4C170020463D02005F
:10C05000D7430200C13A0200002208B511460A4B3C
:10C060000120FEF7DFFD70B1084A0949094840F296
:10C0700005730DF0F3F8002383F31188BFF36F8F7E
:10C080000323184602DF08BD0C050020463D0200D0
:10C09000573E0200C13A0200022810B50C4602D0F9
:10C0A0000B68022B07D004484FF0FF324FF0FF33EC
:10C0B0000BF0D6FD206810BD001D0020024B1A6851
:10C0C00002B918601868704748170020054A0346EF
:10C0D000106830B183424FF0000301D11360704704
:10C0E0001846704748170020014B1868704700BF7A
:10C0F00048170020024B1A6802B918601868704788
:10C1000070170020054A0346106830B183424FF093
:10C11000000301D113607047184670477017002064
:10C12000014B1868704700BF7017002030B50568D4
:10C130002B7887B004461BB96FF0770007B030BD8D
:10C1400001220021684615F0DDFF124BC5F818D01A
:10C150006B612B78002BEFD00F4B00221146032090
:10C160009C60FEF75FFD70B10C4A0D490D4840F22E
:10C17000BD730DF073F8002383F31188BFF36F8F45
:10C180000323184602DF4FF40042002368460BF0F9
:10C1900067FDD3E729EF0100FC040020463D0200C3
:10C1A000573E0200C13A0200F0B5064685B0084687
:10C1B0001446FFF783FF81420D4604D06FF02D0433
:10C1C000204605B0F0BD022303AF03930321114BBA
:10C1D000009732460020FFF731FB3946FFF75CFF3E
:10C1E00038B12846FFF772FF8542E7D16FF0770438
:10C1F000E6E72046FFF79AFF04462846FFF766FF6A
:10C200008542DBD1002CDBD014F1780F08BF00246D
:10C21000D6E700BF09BB000010B50B490A7D4B7D76
:10C220009A4205D89C1AE4B2A04209D9002006E03F
:10C2300005339B1ADBB29842F8D851F8220010BDA2
:10C240009A42FAD1F2E700BF101B0020074A137D83
:10C25000517D994208D052F823000133DBB2052BFF
:10C2600008BF00231375704700207047101B002083
:10C2700038B50C46054602F02BFD207021462846B5
:10C28000024ABDE8384012F000BB00BF9017002002
:10C290000122024B11460020FEF7C4BCEC04002032
:10C2A0002DE9F843144E96F80141651CEDB2082DB6
:10C2B000994696F8003108BF0025AB420F468046EC
:10C2C000114616D006EB4414102220460EF076FFDD
:10C2D000237F9DF82020A76102F0010223F00303D1
:10C2E0001343C4E90498237786F801512046BDE83A
:10C2F000F8830024FAE700BFF81B0020054890F8F7
:10C30000003190F801219A4214BF00EB4310002045
:10C31000704700BFF81B0020024600780B4B07282F
:10C3200088BF93F8000193F8011188BF107010784E
:10C33000814208D0411CC9B2082908BF002103EB83
:10C340004010117070470020704700BFF81B00209C
:10C350002DE9F74F0190FFF7D1FF044698B903B0DC
:10C36000BDE8F08FBBF1000F05D0002D08BF4D4692
:10C370005FE0CA465DE0CB465BE04FB9E3685B45F2
:10C38000EDD0AB425EE000250A26AB462F46AA461A
:10C39000237FD4F80C90C3F3400803F0010300930B
:10C3A0006EB9294A29492A4840F643030CF056FF42
:10C3B00086F31188BFF36F8F0323184602DF013E17
:10C3C000F6B2B8F1000F15D1224B01989C6042469D
:10C3D0004146FEF727FC68B11B4A1F491C4840F63E
:10C3E00052030CF03BFF88F31188BFF36F8F0323D8
:10C3F000184602DF194991F8003191F801219A425B
:10C4000006D00133DBB2082B08BF002381F80031CE
:10C41000FFF774FF04460028A1D0B8F1000FB7D190
:10C42000009B002B9ED1BAF1000FA2D0002F08BFB5
:10C430004F46237F9A07ABD4DB079ED4E36853456E
:10C440008DD0BB42A4D18AE7463D02005C3E02008B
:10C45000C13A0200DC040020573E0200F81B002015
:10C46000054B1A7D597D914204D053F8220010B13A
:10C470000C30704700207047E01B002010B50E4ABA
:10C480000146137D507D984208D052F82340013375
:10C49000DBB2052B08BF0023137514B90024204616
:10C4A00010BD0023206823600223A1602371214670
:10C4B00012F066FDF3E700BFE01B00207FB5314CB2
:10C4C000314D324E04220023A382A8182B4624218A
:10C4D00012F055F90422B0183346082112F04FF932
:10C4E0000420CDE90260CDE9004504F11503227D69
:10C4F000052112F04CFD264B0822181D642112F074
:10C500003EF9244B0A22181D082112F038F921485F
:10C5100012F05CF9044668B91F4A2049204840F6E9
:10C5200006130CF09BFE84F31188BFF36F8F032377
:10C53000184602DF1B4A2046111F12F098F91548D1
:10C5400012F044F9044668B9134A1449144840F6F5
:10C550000D130CF083FE84F31188BFF36F8F032358
:10C56000184602DF104A2046111F12F080F90F4BC7
:10C570000622FF201A80FFF7D9FA05F0ABF9002058
:10C5800004B070BDE01B00204C1B0020281B0020C5
:10C59000EC17002098170020463D02002E420200B2
:10C5A000C13A02009017002088170020941700203D
:10C5B00010B52B4B2B4C186086B007F01DFD23786F
:10C5C0001BB9FEF7E1FA01232370274A05211172F6
:10C5D0000221117411760423244913700591244912
:10C5E000049124490391244902910D21CDE90021B0
:10C5F0000020224A0621FFF787F870B1204A21491E
:10C60000214840F25B230CF029FE002383F31188BC
:10C61000BFF36F8F0323184602DF012200211B485E
:10C6200015F070FD06F020FB0446B0B9FFF746FF99
:10C63000044690B914F0B1FC044670B912F096FDAE
:10C64000044650B914F095FD044630B912F0BBFF12
:10C65000044610B9012005F02FFB204606B010BD9E
:10C66000FC1C0020132E0020881F00206D140200E7
:10C670001D4B0100C14A0100181D0020A81F002009
:10C68000463D0200BA3D0200C13A0200001D0020F2
:10C6900010B586B012F071FD70B13E4A3E493F4878
:10C6A00040F207330CF0DAFD002383F31188BFF367
:10C6B0006F8F0323184602DF02F080F970B1354A0C
:10C6C0003549364840F233330CF0C8FD002383F37C
:10C6D0001188BFF36F8F0323184602DF0024304B0D
:10C6E00020461C8405F0E8FA2E4BA3F800412E4B9F
:10C6F0009C822E4B9C8101222146684615F002FD4A
:10C700002B4B224621460320C3F808D0FEF78AFAB5
:10C7100068B1204A2749214840F262330CF09EFD5F
:10C7200084F31188BFF36F8F0323184602DF4FF0A5
:10C73000FF324FF0FF3368460BF092FA01F0BCFD78
:10C7400070B1144A1449154840F26F330CF086FD5D
:10C75000002383F31188BFF36F8F0323184602DF92
:10C76000FFF7ACFE70B10B4A0B490C484FF45F73F6
:10C770000CF074FD002383F31188BFF36F8F032344
:10C78000184602DF0021012006B0BDE81040FFF787
:10C79000D1B800BF463D0200BA3D0200C13A0200D6
:10C7A0004C170020F81B0020101B002074170020DD
:10C7B0001C050020613E02002DE9F043724EDFF8B7
:10C7C000CC8189B0D6E9000105AA12F065F80446CB
:10C7D000002800F0C880059D6DB96D496D4840F690
:10C7E000D81342460CF03AFD85F31188BFF36F8FE2
:10C7F0000323184602DF059B06AA18780DF11201E3
:10C8000002F082FA054605983DB1069BBDF812106C
:10C8100000782A4612F08AFBD4E707900379032BAD
:10C8200000F08C8013D8012B15D0022B1AD0574A58
:10C83000594958484FF437630CF010FD002383F337
:10C840001188BFF36F8F0323184602DFBAE7172B57
:10C850006AD0182BEBD14C497068002212F024F8F2
:10C8600007997CE02A464849706812F01DF8079F36
:10C87000BD68ADB12B7803F0FF096BB9434A474956
:10C8800044484FF438630CF0E9FC89F31188BFF396
:10C890006F8F0323184602DF2B78013BDBB22B702E
:10C8A0003B7B23B1012B2FD13846F4F715FB4FF01A
:10C8B000000987F80C90CDE90147394A009202F14E
:10C8C00015030521127D042012F0A6FB87420DD02E
:10C8D0002E4A34492F4840F6DE330CF0BFFC89F372
:10C8E0001188BFF36F8F0323184602DF002D3FF43A
:10C8F00069AF2B78002B7FF465AF6B69002B3FF499
:10C9000061AFA86998475DE7204A2349214840F66E
:10C91000D7330CF0A3FC002383F31188BFF36F8F90
:10C920000323184602DFC2E7174970682A4611F050
:10C93000BBFF0799204602F08DF843E707A9204680
:10C9400012F043FE104970682A4611F0ADFF0799B6
:10C9500000293FF437AF0B792C2B3FF433AF20463F
:10C9600012F002FB2EE707AA06A90DF1120002F051
:10C97000B5F9024628B1079BBDF818109DF81200C2
:10C9800048E709B0BDE8F0838C170020463D02005F
:10C990005D440200C13A02002B4D0200693E0200D4
:10C9A000E01B00207E3E020007B501220192027FBB
:10C9B00002F00102009202690346D0E9050106F087
:10C9C000BFFA78B177300DD0084A094909484E239B
:10C9D0000CF044FC002383F31188BFF36F8F032313
:10C9E000184602DF03B05DF804FB00BF8E3E020074
:10C9F000C93E0200C13A02002DE9F347DFF8D080BA
:10CA00000769DFF8D090DFF8D0A006464FF0FF327C
:10CA10004FF0FF3340460BF0CDF80028F6D04379B5
:10CA20000190042B28D84BB3022B37D100220023CE
:10CA300001210020F8F76CF9044618B1014601986D
:10CA400000F004FF019B00221A6001A8FFF7F6F92D
:10CA5000002CDBD0204614F080FD21460546002046
:10CA600014F0A1FD2B8A04466BB33B68294630467F
:10CA700098470BF0CBFDEBE7052B17D0174840F29A
:10CA800012234A4651460CF0E9FB002484F3118836
:10CA9000BFF36F8F0323184602DFD3E74FF0FF3257
:10CAA0004FF0FF330120F8F723F9C5E74FF0FF32CD
:10CAB0004FF0FF330320F8F71BF9044601460198B5
:10CAC00000F088FEBEE7284608F07EF9D1E700BFF7
:10CAD000CC200020DD3E02002B4D0200C13A0200B6
:10CAE00073B50B8A06460D4663B30B7E9BB1022BD2
:10CAF00028D101A9284600F0EDFD0199044611B1A5
:10CB0000304612F0A9FA1CB9284608F05DF9002455
:10CB1000204602B070BD01A92846019300F0F4F947
:10CB200001460028F0D0304612F096FA019C002C05
:10CB3000EAD0204612F0D2FA60710199034815F04C
:10CB4000C8FAE1E76FF01504E2E700BFCC2000204F
:10CB50002DE9F7432D4FDFF8B88005460DF10201AE
:10CB600001A8FFF755F8044600283AD1019B83B38A
:10CB7000FFF7A4F8019E304612F0B0FA7071019EE2
:10CB80007379032B1ED13379B6F80690182B19D17F
:10CB900021464FF0FF324FF0FF330520F8F7B8F889
:10CBA00049460446024606F11C0000F0EFFD4846E7
:10CBB00000F008FE34B12846214612F04DFA204616
:10CBC00008F002F90199404615F083FA019B002B09
:10CBD000C4D14FF0FF324FF0FF3338460BF040F82E
:10CBE000BCE74FF0FF334FF0FF3200211320F8F77E
:10CBF0008FF8BDF802100646224612F05BFA314665
:10CC0000284612F029FA0BF001FDA7E7E4200020E6
:10CC1000CC20002010B5046912F0F7F90448F7F7AA
:10CC2000B9F90448F7F7B6F90020206010BD00BF3D
:10CC3000980E0020180E0020F0B50546076989B04F
:10CC40000E461F4815F01AFA4FF0FF3200211D481A
:10CC500015F058FA1B48FFF7ABFC044660BB3E607A
:10CC600001F010F8002600276FF00903CDE9024318
:10CC7000CDE90667CDE90054134B144904944FF4F1
:10CC8000E07213480BF094FA1249114815F070FB4A
:10CC90006FF00703CDE90243CDE90667CDE9005403
:10CCA0000D4B0E4904944FF440720D480BF080FA7E
:10CCB0000C490B4815F05CFB204609B0F0BD00BFE5
:10CCC000CC200020E420002051CB0000C0450020F3
:10CCD000980E0020163F0200F9C900008042002093
:10CCE000180E0020203F020010B50BF053FC054C3D
:10CCF000204615F0CFF9204615F0C0F9BDE81040E8
:10CD00000BF05CBCCC20002038B5074B0546012158
:10CD100018880EF008FF012104460C3014F059FC6D
:10CD20000570204638BD00BF142D0020024B01467F
:10CD300018880EF00ABF00BF142D0020F8B51D465C
:10CD40000C4B1B681B0604460F46164611D50821DE
:10CD50003046042212F08BF9042106F10C0014F085
:10CD600038FC14B9002D08BF1F240470A0F801700E
:10CD7000C570F8BD3002002070B5044618460F4B50
:10CD80005B6816469A000D4617D50D4B1B681B07AE
:10CD900013D50B22042112F074F908220470A0F8B4
:10CDA0000160033024B9291DBDE870400EF006BAB9
:10CDB000BDE8704000210EF00CBA70BD30020020BA
:10CDC0002802002038B5064B054618880C460EF0A0
:10CDD000AAFE286021460C30BDE8384014F0F9BBAB
:10CDE000142D0020F0B5013887B01446112800F248
:10CDF0008680DFE800F009213584845B844064711B
:10CE0000848484848484847D10460D21FFF7DAFFB6
:10CE100002224270C2700322002382710722037033
:10CE2000837003714371C271037243728372C37260
:10CE30000373002007B0F0BD41211046FFF7C2FF89
:10CE400000210446402200F8011B0EF0C2F963786D
:10CE500063F058036370A37843F00303A370E8E71B
:10CE600009211046FFF7AEFF002100F8011B082240
:10CE70000EF0AFF9DDE7234B01AA03F110071646C8
:10CE800018685968154603C50833BB422A46F7D1CE
:10CE90001B782B7012212046FFF794FF002300F827
:10CEA000013B112231460EF089F9C2E7C968002022
:10CEB000FEF740FD0020FFF727FF2060B9E71821AB
:10CEC0001046FFF77FFF00230446012100F8023BD4
:10CED00014F0EAF96070ACE721211046FFF772FF09
:10CEE0000146002301F8113B013014F033FAA0E7AA
:10CEF000CB68DA789978188813F029FFDBE76FF0B0
:10CF0000150097E7383F0200F0B58DB00023079376
:10CF1000038A022B044602D800200DB0F0BD032185
:10CF20000C3014F07DFB228A83789A42F4D3038874
:10CF30009D4AC3F309001380C3F38523082B0DD842
:10CF40007BB1013B072B0CD8DFE813F00D000B0081
:10CF50001E008E000B000B000B0038013F2B00F071
:10CF6000B08301200DE0062806D01D28F9D1E36822
:10CF7000188812F084FA04E0E3689978188801F0C0
:10CF8000D1FCFFF7D3FE11E0632842D010D803286C
:10CF900021D02D2842D00128E3D1E06812F086F894
:10CFA000824BC3E900010020FFF7AEFE07902EE0A0
:10CFB0007B2846D07C28D4D1E3681D885988A8B244
:10CFC00012F0EBFA0446032107A8FFF7FBFE0470FA
:10CFD000A0F801501BE0754B4FF0FF3041F6FF7198
:10CFE000C3E90001724B00200021C3E90001714B2D
:10CFF0001F200021C3E90001FFF74AFB0020FFF7D3
:10D0000083FE6D4B079000221A60FFF76DFE0798B4
:10D0100083E7E06812F04AF8654BC2E7E368042151
:10D0200007A81D889F78FFF7CDFEAEB20446C31C4B
:10D030003A463146022011F057FF2070A4F8015003
:10D04000E5E7E3681D8808A9A8B212F092FA052165
:10D05000044607A8FFF7B6FE0470A0F80150BDF81B
:10D060002030A0F80330D2E7013808283FF679AF26
:10D0700001A353F820F000BF9DD00000C7D00000EE
:10D0800077D1000063CF000063CF000063CF0000C2
:10D0900063CF000063CF000093D10000092107A8EF
:10D0A000FFF790FE002303708370C3706FF00E03D0
:10D0B0000D22437105238371427002714FF0FF33DB
:10D0C000C3710372A3E7412107A8FFF77BFE00218C
:10D0D0000446402200F8011B0EF07BF8A379627F22
:10D0E000E17EA07E63F03F03A371E37A43F0040383
:10D0F000E372E37B43F02803E373237C43F00203F2
:10D100002374E37D43F00403E375237F63F0080396
:10D11000237794F8223042F00E0263F00F03627717
:10D1200084F82230627894F8243042F0200243F0F0
:10D130007F03627084F8243094F8212094F828301A
:10D1400042F0300243F0040384F8212084F82830B0
:10D1500094F8232094F8273060F0080061F03C0137
:10D1600062F0060263F07F03A076E17684F8232064
:10D1700084F827304BE7092107A8FFF723FE002199
:10D180000446082200F8011B0EF023F860236371A7
:10D190003DE7072107A8FFF715FE0146002001F82B
:10D1A000010B11F0B4FE32E7142D002030020020F4
:10D1B000180F002028020020FC20002001384D28F4
:10D1C0003FF6CFAE01A353F820F000BF05D3000017
:10D1D0000FD3000027D3000063CF000063D300000B
:10D1E000FBD3000017D4000027D4000033D4000084
:10D1F0003FD4000063CF000063CF000063CF000086
:10D2000063CF00006DD3000083D3000089D30000FA
:10D2100091D3000087D4000063CF000063D40000E6
:10D220007DD4000099D30000BFD3000063CF00007D
:10D2300049D4000059D40000D5D3000063CF0000CA
:10D2400063CF000063CF0000A5D40000C5D4000068
:10D25000D7D40000E7D4000011D5000063CF000050
:10D2600063CF000021D600002FD6000037D6000083
:10D270003DD600004FD600006FD600008DD60000CE
:10D2800097D600001FD500005BD50000A9D500008F
:10D29000C7D5000063CF000063CF000063CF00005C
:10D2A00063CF000063CF000063CF000063CF0000B6
:10D2B00063CF000063CF000063CF000063CF0000A6
:10D2C00063CF000063CF000063CF000063CF000096
:10D2D00063CF000063CF000063CF000063CF000086
:10D2E00063CF000063CF000063CF000063CF000076
:10D2F00063CF0000ABD6000063CF000063CF000017
:10D30000A1D60000E06811F0D1FEBF4B49E6042130
:10D3100007A8FFF757FD002303701B228370032328
:10D320004270C37073E6092107A8FFF74BFD002187
:10D330000446082200F8011B0DF04BFFFEF7F4FA3B
:10D34000C0F307236070A370000CC1F30723617161
:10D35000090CE070E171000A090A2071A3712172C1
:10D3600055E6E1680120FEF7E5FA1DE6022107A86F
:10D37000FFF728FD00230370044613F03AFD6070A8
:10D3800045E613F038FD0FE6E06804F087FE0BE693
:10D39000E06804F0FFFB07E6E06808AA002300F15C
:10D3A000100114F080F8112107A8FFF70BFD0023EE
:10D3B00000F8013B102208A90DF000FF27E6092123
:10D3C00007A8FFF7FFFC002300F8013B082105F048
:10D3D0007BFC1CE6092107A8FFF7F4FC8F224270B2
:10D3E000CC2282703022C270EC220271C022002353
:10D3F000427101220370827162E6E468A57BA37921
:10D400006279217920880295657B01950734009423
:10D4100000F07CFEC8E5022107A8FFF7D3FC00233B
:10D4200003704370F3E5E16811F8010B01F026F891
:10D43000BAE5E16811F8010B01F028F8B4E5E368FA
:10D440001878F3F7B5FAAFE5E26832F8025B00212D
:10D45000A8B213F06AFCB5E5E36800221D88062136
:10D46000F6E7E368082107A81D88FFF7ABFCAEB21A
:10D470000446C11C304611F0D6FFDEE5E36818888B
:10D4800011F0E6FF7DE5E16800224B8808880392F1
:10D490000C890294CC88019489880091114611F07E
:10D4A0008FFF6EE5E16800220D884B8803920889A2
:10D4B0000290C8880190898800910221A8B211F0D9
:10D4C0007FFF7FE5E3681D889A780023CDE902336A
:10D4D000CDE90033F1E7E3681D889A885988A8B23E
:10D4E00011F0E3FF6EE5052107A8FFF76BFC08A923
:10D4F00004460DF11A0001F041FABDF81A30A4F803
:10D500000130BDF82030A4F80330002323707EE5FD
:10D51000E3685988188801F03DFAC0B244E5092152
:10D5200007A8FFF74FFC08AB04460DF11A0206A945
:10D530000DF1160011F0D9FFBDF81630A4F8013036
:10D54000BDF81830A4F80330BDF81A30A4F805303F
:10D55000BDF82030A4F80730D7E7E368052107A815
:10D560001D88FFF72FFCAEB20446021DC11C3046D9
:10D5700011F0C4FFE2782070002A92FAA2F3B3FA05
:10D5800083F32279A4F8015008BF4FF0FF33013331
:10D59000E370002A92FAA2F3B3FA83F308BF4FF0C4
:10D5A000FF330133237132E5E3681A78D10744BFB2
:10D5B00007215970920744BF07229A7099785878CA
:10D5C00001F0F2F9F0E4E36899781888B3F80540BF
:10D5D000CF0742BFDA7842F00302DA708E0748BF05
:10D5E0001A79D97844BF42F003021A711B7941EAD3
:10D5F0000302032A01D91120C3E44D0701D05A07C1
:10D6000004D11220BDE400BF2802002014F0030260
:10D610001CBF04F1FF3404F0010211F083FFB0E4F9
:10D62000E06800F11702C11D04F088FDBCE4E06869
:10D6300004F028FEB8E413F0ECFBB5E4022107A8DF
:10D64000FFF7C0FB044613F0E2FB60705DE7E168A2
:10D65000072208A80DF0B2FD072107A8FFF7B2FBCB
:10D660000446411C08A804F0A1FE2070CFE4E16844
:10D67000072208A80DF0A2FD072107A8FFF7A2FBCB
:10D680000446411C08A804F0B3FEEEE7E3681878EE
:10D6900004F0F6FA88E4E368188804F005FB82E4F5
:10D6A000E068C17904F0BEFE7EE4032107A8FFF71D
:10D6B00089FB0146002301F8023B013011F023FCF5
:10D6C000A5E407AA2146FFF78DFB16303FF449ACCD
:10D6D0009DE400BF2DE9F04700230B60038A032B74
:10D6E00005460F4635D904210C3013F099FF2B8ADB
:10D6F000B0F80280B0F8009043452AD3B8F11B0F70
:10D7000027D801F0CBF84FEA1936B2460446D0B913
:10D710001D4B1B689B0112D54FF0FF334FF0FF32BA
:10D720000120F7F7E5FA012238601A2111F09FFC79
:10D73000386801210C3013F04CFF012303706FF0A7
:10D740006800BDE8F0875FEA9A0A02D126B1012E8F
:10D7500003D06FF01500F4E70226237984F80580E2
:10D7600066F301032371E9684246E01D0DF026FDD2
:10D770002146C9F30B0001F09DF80028E1D02046B6
:10D7800001F092F8E5E700BF3002002070B50C4BC5
:10D790001B68DB0605460E4614460FD504220521FC
:10D7A000204611F064FC042104F10C0013F011FF79
:10D7B00000230370A0F801602B78C37070BD00BF18
:10D7C00030020020024A1368013B1360704700BF1B
:10D7D000FC20002070B5037FC68803F00303013BE3
:10D7E000012B04461CD801F10C052846042113F036
:10D7F000F0FE237F03F00303022B0CBF46F4005618
:10D8000046F480560680637F4380617F284613F08C
:10D81000E0FE627F04F11F01BDE870400DF0CEBC58
:10D82000074A0849084842F2CD230BF017FD0023B0
:10D8300083F31188BFF36F8F0323184602DF70BD97
:10D84000493F02002B4D0200C13A02002DE9F0438E
:10D850000379C688032B85B004460D4600F11C07EA
:10D8600000F04C81173B062B00F23881DFE813F003
:10D8700007009F00A700D400E800F9000C01F90799
:10D880000ED5B54AB549B64841F6D5730BF0E6FC5E
:10D89000002383F31188BFF36F8F0323184602DF41
:10D8A000277F3FB9A07F04F12503FF2204F11F0168
:10D8B00004F05AFDAB4B5B689A0016D5AA4B1B6867
:10D8C00040F20122134203F400790ED087B1B9F17E
:10D8D000000F43D01E220A21284611F0D2FB1E223F
:10D8E000044600210DF075FC277005B0BDE8F083FB
:10D8F0009E4A13680133136004F11F08B9F1000F49
:10D9000034D01E220A21284611F0BBFB0770A0F874
:10D910000160637FC370A37F037105460622414601
:10D9200005300DF04BFC062204F12B0105F10B0034
:10D930000DF044FC062204F1250105F111000DF063
:10D940003DFC638EA5F81730A38EA5F81930E38E41
:10D95000A5F81B3094F838306B77C6E71222012106
:10D96000284611F08EFB12220446BAE7122201214A
:10D97000284611F086FB0770A0F80160637FC37032
:10D98000A37F03F0010305460371062241460530DB
:10D990000DF014FC638EA5F80B30A38EA5F80D30A6
:10D9A000E38EA5F80F3094F838306B749DE70A4683
:10D9B0003846314605B0BDE8F043FFF7E7BE694B96
:10D9C0005B689B0091D5684B1B6858078DD5032178
:10D9D0002846092211F055FBF90705460ED55E4A87
:10D9E00063495F4842F25E030BF038FC002383F387
:10D9F0001188BFF36F8F0323184602DF237F2B703C
:10DA0000A5F80160E38BA5F80330238CA5F8053059
:10DA1000638CA5F8073068E7524B5B681A047FF502
:10DA200064AF03223021284611F021FB032105F1C8
:10DA30000C0013F0CEFD00230370A0F8016054E742
:10DA40004C4B1B681B027FF550AF02225721284622
:10DA500011F00DFB022105F10C0013F0BAFD068058
:10DA600043E7404B5B689F007FF53FAF3E4B1B6831
:10DA700018037FF53AAF03221421284611F001FB69
:10DA80000680237F837030E7364B5B6899007FF513
:10DA90002CAF354B1B681A057FF527AF05220C21EB
:10DAA000284611F0EEFA237F0370A0F80160627F30
:10DAB000002A92FAA2F3B3FA83F308BF4FF0FF33C0
:10DAC0000133C370A27F92FAA2F3002AB3FA83F360
:10DAD00008BF4FF0FF330133037106E742F2BD1375
:10DAE0001D4A25491E480BF0B9FB002383F311881A
:10DAF000BFF36F8F0323184602DFF6E6C37F033BB5
:10DB0000122B00F2B88001A252F823F07DDB000056
:10DB100077DC000077DC0000BFDB000063DC000086
:10DB200077DC0000D1DB000077DC000077DC000050
:10DB300077DC0000E3DB000077DC0000EFDB0000B7
:10DB400077DC0000EBD8000077DC000077DC000019
:10DB500033DC000033DC0000493F02007B3F020061
:10DB6000C13A02003002002028020020FC200020E0
:10DB7000B53F0200180F00202B4D02003F4B5B68A1
:10DB80009B007FF5B2AE3E4B1B68DF067FF5ADAE66
:10DB90000C220521284611F074FA04F120010546F3
:10DBA000082220F8026B0DF009FB022204F1280183
:10DBB00005F10A0005B0BDE8F0430DF0FFBA0A46D2
:10DBC00001233146002005B0BDE8F043FFF7B6B8A9
:10DBD0000B4632463946002005B0BDE8F043FFF75A
:10DBE000CBB80A4690F8200000233146EBE7234BE0
:10DBF0005B68980003D5224B1B6899060AD4002362
:10DC0000CDE90233CDE900331A220221304611F06A
:10DC1000D7FB6AE60A220621284611F032FA06806E
:10DC2000238C4380638C8380A38CC380E38C03812B
:10DC30005BE6124B5B689A007FF557AE104B1B6892
:10DC40005B067FF552AE0A220721284611F019FA29
:10DC50000680A38C4380E38C8380238CC380638CF9
:10DC6000E5E790F820300E2B7FF43FAE0B463246AE
:10DC700000211A20B0E742F2A12331E73002002050
:10DC8000280200200A4B4FF0FF3041F6FF71C3E934
:10DC90000001084B00200021C3E90001064B1F20B2
:10DCA0000021C3E90001054B00221A60FFF71CB8F0
:10DCB00030020020180F002028020020FC20002045
:10DCC00037B5079D194A7423AA1AB2FBF3F212F072
:10DCD000FF040ED0164A1749174840F6DA130BF026
:10DCE000BDFA002383F31188BFF36F8F0323184617
:10DCF00002DFA21C114B0095D2B201210020FDF7DA
:10DD00009DFD10F0FD0F0ED0094A0D490A4840F65E
:10DD1000DF130BF0A3FA002383F31188BFF36F8F97
:10DD20000323184602DF03B030BD00BF34210020BA
:10DD3000EF3F020027400200C13A020051DE00001E
:10DD400032400200F8B505682C6E06466CB91B4AD5
:10DD50001B491C4840F627230BF080FA84F31188F6
:10DD6000BFF36F8F0323184602DF6C6E2F6E002304
:10DD70002B666CB9114A1449124840F62B230BF05C
:10DD80006DFA84F31188BFF36F8F0323184602DF07
:10DD90006C6E00211723696623714FF6FF73E380D1
:10DDA00004F11C001E220DF014FA3C232377A66018
:10DDB00021463846BDE8F84011F0D6B8EF3F0200E2
:10DDC0004B400200C13A02005D40020070B5056A96
:10DDD000EB6E044673B11A4A1A491B4840F65423A5
:10DDE0000BF03CFA002383F31188BFF36F8F0323FA
:10DDF000184602DF05F1600105F15C0010F03AFD04
:10DE0000064668B90E4A11490F4840F656230BF0F2
:10DE100025FA86F31188BFF36F8F0323184602DFBC
:10DE20002868EE66002500F0B5FC606E2562FDF7FF
:10DE3000E9FE206E6566FDF773FE256670BD00BFC6
:10DE4000EF3F020072400200C13A02002E4202007F
:10DE500010B50446A8B90B4B024699600220012177
:10DE6000FCF7E0FE68B1084A0849094840F6FB1390
:10DE70000BF0F4F984F31188BFF36F8F0323184676
:10DE800002DF10BD4C050020EF3F0200573E0200AC
:10DE9000C13A020038B5044610F81C3B002B2DD0C7
:10DEA000184D6369A86073B1174A184918484FF4B0
:10DEB00021630BF0D3F9002383F31188BFF36F8F35
:10DEC0000323184602DFAB68A3610022114B636194
:10DED00011460C4B0120FCF7A5FE70B10A4A0E4911
:10DEE0000B4840F617230BF0B9F9002383F3118890
:10DEF000BFF36F8F0323184602DF38BDBDE83840FB
:10DF0000FFF720BF3C050020EF3F020085400200E4
:10DF1000C13A020045DD0000573E020038B5124B01
:10DF20001A78124B1A7091F8293001EB83030C46D2
:10DF3000DB6A1D78B8B1FEF7D7F8844213D015F02C
:10DF40000E0F01D1236A73B1094A0A490A4840F603
:10DF5000C7130BF083F9002383F31188BFF36F8F8E
:10DF60000323184602DF38BD152E0020142E002092
:10DF7000EF3F020097400200C13A020010B5174C73
:10DF8000204605F02FFA04F10C0005F02BFA4FF4AF
:10DF90000062A4F8402094F842206FF3420284F813
:10DFA000422034F8042C22F4437222F0020242F0A0
:10DFB0000E0224F8042C6278A4F1280303EB8202F9
:10DFC0000020D16A062208704A70617B03EB81034E
:10DFD00004219B6B19705A7010BD00BF5C2100209A
:10DFE0002DE9F0411E468AB04FF6FF739E42119D07
:10DFF0008046174633D02C780134E4B22C706CB9CB
:10E00000374A3849384840F63E130BF027F984F375
:10E010001188BFF36F8F0323184602DF33499DF841
:10E0200040308B7205F11C03CB60314B0E81002216
:10E03000C1E90087996001201146FCF7F3FD70B13A
:10E04000274A2C4928484FF416630BF007F90023A0
:10E0500083F31188BFF36F8F0323184602DF95F80F
:10E06000244014F0010438D1234A244B11781B7842
:10E070008B4232D10133042109A8137012F00FFF33
:10E08000099B069540F24712B3FBF2F102FB1133F4
:10E090001B4A7421AA1AB2FBF1F21A490232CDE9E5
:10E0A00004410133CDE90244CDE90044D2B201215B
:10E0B0002046099310F0FAFE10F0FD0F0DD0084A2B
:10E0C0001149094840F2AF730BF0C8F884F3118886
:10E0D000BFF36F8F0323184602DF0AB0BDE8F0815B
:10E0E000EF3F0200EE400200C13A0200082100208A
:10E0F0002C050020573E0200152E0020142E002073
:10E10000342100201DDF0000F24002002DE9F74F0E
:10E11000624CDDF8309094F86A709846604B054682
:10E1200017F0010718681B79009016468DF8043027
:10E1300040F0B1809DF834309DF8382003F007039B
:10E1400002F003025B0043EA0223A28C22F4437232
:10E1500022F002021343A38494F82930012904EB2E
:10E16000830308BF0025A4F86850DD6A01F10803A5
:10E170000DEB03012A7811F8081C02F00F0A01F0D8
:10E180000F0311F00E0F22F01F020CBF012100211E
:10E19000134361F345132B7003F00F03012B07D1D9
:10E1A000BAF1010F04D06B78002B3BD184F840709A
:10E1B00094F86A2066F3420284F86A20D3B25207C8
:10E1C00008D568F3C303374884F86A300622494605
:10E1D0000CF0F4FF297801F00F03012B06F0010B7E
:10E1E0003BD128466BF3861168F3C71100F8081B72
:10E1F000062249460CF0E2FF0C236B7094F8353090
:10E20000E46104EB8304B601A36B06F040065A7880
:10E2100046F004061E700AB906225A70384603B04A
:10E22000BDE8F08F052B0DD81F4A204920484FF438
:10E23000DE730BF013F887F31188BFF36F8F03239E
:10E24000184602DF6A781B48063AD2B205F1080187
:10E2500084F840200CF0B2FFAAE76B7833B96BF377
:10E26000861163F3C71129700623C6E7BAF1010FBF
:10E270000AD194F840200F4905F108000CF09EFFE8
:10E2800094F8403006336B702B786BF386136FF382
:10E29000C7132B70B2E70C27C0E700BF3421002062
:10E2A000C32B02009F210020EF3F02002A41020001
:10E2B000C13A02007521002010B5064C204612F02C
:10E2C00070FE04F10C0012F06CFEBDE81040FFF788
:10E2D00055BE00BF5C210020034BC01A7423B0FB65
:10E2E000F3F080B2704700BF342100200068034B78
:10E2F000C01A7423B0FBF3F080B2704734210020C1
:10E3000038B9054890F86A3013F0010F08BF0020B3
:10E3100070470020704700BF3421002030B5002036
:10E3200085B0FFF7EDFF0446002800F09A80036AED
:10E3300063BB2046FDF7C2FE844235D194F82430F9
:10E34000DB0741D50223039303AB00930321464B24
:10E3500001220020FDF772FA03A9FDF79DFE0028B7
:10E3600032D02046FDF7B2FE84421AD040F62A335E
:10E370003E4A3F493F480AF071FF002383F311886A
:10E38000BFF36F8F0323184602DF0AE093F82020C3
:10E3900042F0020283F82020036A93F82030DA0763
:10E3A000C7D50C2005B030BD304A3149314840F660
:10E3B0001F330AF053FF002383F31188BFF36F8FDD
:10E3C0000323184602DFB9E703AB022200930321BF
:10E3D000254B03920020FDF731FA03A9FDF75CFEFF
:10E3E000054638B12046FDF771FE8442D9D040F68B
:10E3F0003833BDE704F11C00FDF798FE78B17830A2
:10E400000DD01A4A1C491B4840F63E330AF026FF3D
:10E4100085F31188BFF36F8F0323184602DF204670
:10E42000FDF754FE84420ED0104A1149114840F6BF
:10E4300041330AF013FF002383F31188BFF36F8F7A
:10E440000323184602DF236A13B12046FFF7BEFC00
:10E4500094F86A306FF3000384F86A30002003F008
:10E4600063FC00209EE700BF09BB0000EF3F0200F5
:10E4700068410200C13A0200744102000A460146A6
:10E48000014810F0BEBE00BF342100200A460146FC
:10E49000014810F019BF00BF3421002008B5124810
:10E4A000124B01224FF4D07110F069F9104B032286
:10E4B000181D242110F063F90E4B0722181D0821A6
:10E4C00010F05DF901F000FB0B4B002018600B4BC6
:10E4D0001B221A800A4B4FF4A4721A80094A0323A4
:10E4E0001370094A137008BD200F0020C8210020B6
:10E4F00008220020CC210020E0220020182D00203E
:10E50000162D0020172E0020162E002010B50C46C8
:10E5100070B1134A134914484FF4E8630AF09EFEA1
:10E52000002383F31188BFF36F8F0323184602DFA4
:10E530000E4B0022012102209C60FCF773FB70B19E
:10E54000074A0B49084840F246730AF087FE002349
:10E5500083F31188BFF36F8F0323184602DF10BDCA
:10E560008A410200F8460200C13A02007C05002000
:10E57000573E020008B50C4B00229860114601205E
:10E58000FCF750FB70B1094A09490A4840F272731E
:10E590000AF064FE002383F31188BFF36F8F032317
:10E5A000184602DF08BD00BF5C0500208A4102005A
:10E5B000573E0200C13A020038B5044610F81C3B31
:10E5C000002B2DD0184D6369A86073B1174A184904
:10E5D000184840F25B730AF041FE002383F3118870
:10E5E000BFF36F8F0323184602DFAB68A3610022DD
:10E5F000114B636111460C4B0120FCF713FB70B10A
:10E600000A4A0E490B4840F262730AF027FE0023C3
:10E6100083F31188BFF36F8F0323184602DF38BDE1
:10E62000BDE83840FFF7A6BF6C0500208A41020014
:10E6300085400200C13A020075E50000573E020025
:10E6400008B583685A68537FDB09014604D0BDE8EA
:10E6500008400831F2F7CCBE074A0849084840F2A2
:10E66000B7630AF0FBFD002383F31188BFF36F8FBC
:10E670000323184602DF08BD8A4102002B4D020029
:10E68000C13A020010B50C46B0B1FDF749FD844215
:10E6900012D0FDF729FD84420ED0084A08490948E6
:10E6A00040F27A630AF0DAFD002383F31188BFF3A6
:10E6B0006F8F0323184602DF10BD00BF8A4102009E
:10E6C000C3410200C13A020010B50C4670B1124AB3
:10E6D0001249134840F28D630AF0C0FD002383F312
:10E6E0001188BFF36F8F0323184602DF2046FDF722
:10E6F00009FD84420ED0084A0A4909484FF4D26302
:10E700000AF0ACFD002383F31188BFF36F8F03235E
:10E71000184602DF10BD00BF8A410200F846020021
:10E72000C13A02001442020010B50C4670B1124A00
:10E730001249134840F283630AF090FD002383F3EB
:10E740001188BFF36F8F0323184602DF2046FDF7C1
:10E75000D1FC84420ED0084A0A49094840F2866337
:10E760000AF07CFD002383F31188BFF36F8F03232E
:10E77000184602DF10BD00BF8A410200F8460200C1
:10E78000C13A020014420200014810F01FB800BF55
:10E79000C8210020014910F033B800BFC821002073
:10E7A00002494FF4D07210F043B800BF200F002090
:10E7B0002DE9F7430668304F05463046FFF7F0FF76
:10E7C00005F15C08294612F0E0FC286E01AA4146DA
:10E7D00010F06AF84FF6FF790446ECB9D6F85431D8
:10E7E00006F5AA756BB9254A254926484FF4F46306
:10E7F0000AF034FD84F31188BFF36F8F03231846AA
:10E8000002DF0023D6F85401C6F85431294610F02F
:10E81000B7FB03B0BDE8F08397F8412097F84010AC
:10E82000531CDBB2082B08BF0023994210D1134AB6
:10E830001549144840F28C730AF010FD002383F34D
:10E840001188BFF36F8F0322104602DF1B80FFDEAB
:10E8500007EBC20127F83290019A4A6012682260E1
:10E86000019A1460286E87F8413001AA414610F0E1
:10E870001BF80446B1E700BF782200208A4102005D
:10E8800026420200C13A02001F42020002464FF433
:10E89000D07101480FF0C9BF200F002001480FF0D0
:10E8A00095BF00BF0822002001490FF0A9BF00BF9B
:10E8B0000822002070B505460E4610F077FD04468C
:10E8C00030B3164A92F8211092F820004B1CDBB2AC
:10E8D000042B08BF002398421DD002EBC10022F890
:10E8E0003150466082F82130237833B10C4B00223E
:10E8F000012103209C60FCF795F994F93930002B35
:10E9000001DB002070BD2946204602F0ABFFF8E78E
:10E910006FF01500F6E76FF06800F3E7BC22002007
:10E920008C05002038B50C4608BB10F03FFD0546AD
:10E93000F8B11A2C07D8042C03D90F4BE340DB079E
:10E9400005D4122411E0292C01D03B2CF9D1214609
:10E95000284611F060FB044638B995F93930002B90
:10E9600003DA0146284602F07DFF204638BD022426
:10E97000FBE70C24F9E700BF20003804034B1B8899
:10E980000380034B1B880B80704700BF182D0020AD
:10E99000162D0020024B1880024B00201980704772
:10E9A000182D0020162D0020024B1870024B00205D
:10E9B00019707047172E0020162E002038B5002041
:10E9C000FFF764FF00F11C02014604460320FDF737
:10E9D000EBFB0546B0B110F1780F13D040F2C563E0
:10E9E000104A114911480AF039FC11482A46002101
:10E9F0000AF034FC002383F31188BFF36F8F0323E5
:10EA0000184602DF0B4A4FF6FF7323850023138459
:10EA1000094AC4F88830A2F84030BDE83840FFF712
:10EA20003DBD00BF8A41020060420200C13A0200BF
:10EA300078420200BC22002078220020014B187886
:10EA4000704700BF172E0020014B1878704700BF99
:10EA5000162E002038B58B6808601D682B780C4690
:10EA6000A3B16B6973B10C4A0C490D4840F24D33A8
:10EA70000AF0F4FB002383F31188BFF36F8F0323A5
:10EA8000184602DF074BAC616B6138BDBDE838400A
:10EA90000846FFF7D5BD00BF8A410200854002004D
:10EAA000C13A020041E60000F8B51646028D1D4647
:10EAB0004FF6FF739A4204460F460ED1104A114991
:10EAC000114840F293330AF0C9FB002383F3118805
:10EAD000BFF36F8F0323184602DF2046C4E9437655
:10EAE000A4F8145111F00FFA94F8803113F00100DA
:10EAF0001EBF6FF3000384F880316FF08B00F8BD08
:10EB00008A41020090420200C13A020070B5174DDE
:10EB1000044695F8203095F821209A421BD035F80C
:10EB2000330005EBC30610F041FC7168A0B1D4308E
:10EB300011F0B5F895F8203095F821209A4206D0CA
:10EB40000133DBB2042B08BF002385F82030013CE1
:10EB500014F0FF04DDD170BD0B7960F301030B717C
:10EB60004FF6FF70FDF74AFAE4E700BFBC22002031
:10EB70002DE9F743314B80F870111A68304FDFF8F8
:10EB8000C480DFF8C490904204BF00221A60038D55
:10EB9000A0F85A31182380F858310446012111F0A9
:10EBA000BBF9204600F0F6FF04F1D40011F060F844
:10EBB000204610F0EDFB054615BB228D234B00943B
:10EBC0000332D2B201212846FCF738FE10F0FD0FC7
:10EBD0000DD01C4A1E491F4840F2F7630AF03EFB65
:10EBE00085F31188BFF36F8F0323184602DF4FF6BA
:10EBF000FF73FF20238503B0BDE8F043FFF786BF16
:10EC000038460FF0E3FD064668B9124840F231730A
:10EC1000424649460AF022FB86F31188BFF36F8F04
:10EC20000323184602DF294604F17C0230460FF028
:10EC30002CFE204610F0ACFB0546BDE7E02200208C
:10EC4000CC2100208A4102002E4202000DE5000086
:10EC500033420200C13A02002DE9F047154FDFF8B8
:10EC60005880DFF8589006460C460CB9BDE8F0878E
:10EC7000304610F08DFB82460028F7D038460FF062
:10EC8000A5FD054668B90E4840F25D534246494627
:10EC90000AF0E4FA85F31188BFF36F8F0323184657
:10ECA00002DF06F17C0251462846013C0FF0EDFDE3
:10ECB000E4B2DAE7CC2100208A4102002E420200B1
:10ECC000C13A020001490FF09BBD00BFCC210020DA
:10ECD000014B93F8410070477822002070B5094B32
:10ECE00093F8404093F84150AC421FBF057003EBCE
:10ECF000C40633F834300B801DBF73681360186886
:10ED0000002070BD7822002010B5084B93F84040D9
:10ED100084421FBF03EBC40033F834300B804368D8
:10ED20001ABF13601868002010BD00BF78220020B1
:10ED3000094A92F8403092F84110994209D052F8AD
:10ED400033000133DBB2082B08BF002382F84030C8
:10ED500070470020704700BF7822002038B5124A63
:10ED600092F8414092F84050631CDBB2082B08BF78
:10ED700000239D4210D10D4A0D490E4840F29C538C
:10ED80000AF06CFA002383F31188BFF36F8F03221C
:10ED9000104602DF1B80FFDE02EBC40522F83400C0
:10EDA000696082F8413038BD782200208A41020033
:10EDB00007430200C13A0200F8B5577905460E46EE
:10EDC00014466FB9214A2249224840F2A9530AF059
:10EDD00045FA87F31188BFF36F8F0323184602DFCC
:10EDE000237903F00302032A4FF6FF7228D19542DC
:10EDF00005D02846FFF74AFD214611F0B9F93368DE
:10EE0000A34207D1284610F0D1FA2146BDE8F840C8
:10EE100000F076BE73B10D4A0F490E4840F2BE5362
:10EE20000AF01CFA002383F31188BFF36F8F0323CA
:10EE3000184602DF21462846BDE8F840FDF7DEB857
:10EE4000954204BF6FF301032371F3E78A41020087
:10EE50000E430200C13A02001A43020001F003030C
:10EE600070B503F1280603F15205C1F34001F60025
:10EE7000ED000446CE40CD401E22002158300CF05B
:10EE8000A8F9134B1A88134B2046198810F0BAFCC6
:10EE90004523B6B2ADB2A4F85A304FF01B13A4F814
:10EEA0005E502366A4F86460A4F8666010F097FCD6
:10EEB000AE4203D1B4F85C30B34203D0012384F8EE
:10EEC000743070BDA36DB3F11B1FF7D1F9E700BF1C
:10EED000162D0020182D0020F8B505460F461646C1
:10EEE00000F092FD044668B9284A294929484FF4A0
:10EEF00031730AF0B3F984F31188BFF36F8F0323E2
:10EF0000184602DF321F201D092A2ED8DFE802F042
:10EF10000512152D2D2D2D182D1B11F0F5FBE37964
:10EF20007B732146284610F074FF284611F098FEA6
:10EF30002046F8BD11F000FCF1E711F006FCEEE709
:10EF400011F00CFCEBE795F8203197F84E2043B117
:10EF5000D5F830315B0704D597F84D1011F011FC4E
:10EF6000DDE7114611F003FCD9E7084A0A490948D0
:10EF700040F2DF230AF072F9002383F31188BFF314
:10EF80006F8F0323184602DFC9E700BF2643020044
:10EF9000D7430200C13A02002B4D0200F8B50646E5
:10EFA0000C4600F029FD28B9204600F039FD032366
:10EFB000A372F8BD042221463046FFF78DFF0822D8
:10EFC0008118054604F143000CF0F8F805F1100132
:10EFD000042206F1AC000CF0F1F8A5690023A3614E
:10EFE0006DB9104A1049114840F2F6230AF036F97B
:10EFF00085F31188BFF36F8F0323184602DF0323C5
:10F000002F792B71338DEB8005F11C01204611F017
:10F0100063FB2C2F03D1286829460FF0A5FF04239A
:10F02000C6E700BF2643020063430200C13A020064
:10F03000F8B51F468B7A05460C4616460D2B00F296
:10F04000FD80DFE813F00E001500190044004700B2
:10F05000570057005C008C00C500C900CD00EC00D3
:10F06000F00026B90B7A062B04D10B23A372F8BD4E
:10F07000002EFCD10223F9E7012EF8D1314610F021
:10F08000CBFE284610F0F1FA284611F05AF9082272
:10F09000391D04F121000CF091F83B7B84F82930F4
:10F0A0007B7B84F82A30082207F10E0104F13B0033
:10F0B0000CF084F8042207F1160105F1A8000CF009
:10F0C0007DF821462846BDE8F840FFF767BF002ECF
:10F0D000CDD1F6E7032E0BD0042EC8D10623032290
:10F0E00081F8203081F84D2081F84E300723BDE7AC
:10F0F0000523BBE73246BDE8F84010F0BEBB002E4A
:10F10000B5D100F079FC0028F0D00D222146284628
:10F11000FFF7E2FE284611F0F0FD94F82030062BB0
:10F120000CD10121A172284610F085FE284610F06E
:10F13000A3FA2846BDE8F84011F007B9242B96D071
:10F14000444A4549454840F277330AF087F886F348
:10F150001188BFF36F8F0323184602DF87E7022E63
:10F1600085D18E6900238B616EB93A4A3C493B4890
:10F1700040F20F330AF072F886F31188BFF36F8FF5
:10F180000323184602DF032737712B8DF380237A80
:10F19000052B09D106F11C0011F0D7FA21462846AB
:10F1A000BDE8F84010F045BB062B02D11A2333719D
:10F1B000F4E7284A2849294840F21E330AF04EF85D
:10F1C000002383F31188BFF36F8F384602DFE5E732
:10F1D000002E7FF44CAFE1E7002E3FF446AF46E748
:10F1E000072E7FF444AF012110F016FE284610F0E0
:10F1F0003CFA2146284600F0FFFB08B90C2335E70E
:10F200000B2221462846FFF767FE40F60D33638147
:10F2100095F88E306FF3C30385F88E3027E7002E04
:10F220007FF425AFE5E7082E7FF421AF40F20233EB
:10F230004B8190F88E306FF30413EDE7054A0649D1
:10F24000064840F2D3430AF009F8002383F31188FB
:10F250007FE700BF264302002B4D0200C13A0200A7
:10F260006343020070B58C69002306460D468B612E
:10F270006CB9214A2149224840F2B51309F0EEFF4A
:10F2800084F31188BFF36F8F0323184602DF95F8CC
:10F290002130DB072DD523792C2B0ED0164A1949A6
:10F2A00017484FF4DC7309F0D9FF002383F311886A
:10F2B000BFF36F8F0323184602DF1D232371338DA5
:10F2C000E38095F82830237796F87730C3F302036C
:10F2D000A37796F87630C3F302036377206821465C
:10F2E0000FF042FE95F821306FF3000385F82130CE
:10F2F00070BD01232371F1E76743020063430200FD
:10F30000C13A0200A443020070B591F821304C6A62
:10F310009B0706460D460FD46CB10123237120686C
:10F3200021460FF021FE95F821306FF3410385F857
:10F33000213000236B6270BD6CB90C4A0C490D483A
:10F340004FF4EF7309F08AFF84F31188BFF36F8FD6
:10F350000323184602DF03232371338DE38004F176
:10F360001C01304611F03BFBD9E700BF67430200A8
:10F3700063430200C13A0200F8B5CE6905460C4667
:10F380006EB9264A2649274840F2A33309F066FFA2
:10F3900086F31188BFF36F8F0323184602DF10F046
:10F3A0002EFD10B90723A372F8BD10F030FD0646FC
:10F3B000606268B9194A1C491A4840F2AD3309F035
:10F3C0004DFF86F31188BFF36F8F0323184602DFCA
:10F3D000637BE66966610027172BE7610FD1311D5A
:10F3E000284611F000FA41F60303638128463146AE
:10F3F00010F00FFD2846BDE8F84011F031BC074A77
:10F400000A4908484FF4727309F028FF87F31188FE
:10F41000BFF36F8F0323184602DFE7E7674302005D
:10F42000C9430200C13A0200DA4302002B4D020038
:10F43000F8B5CE6905460C466EB9394A39493A489D
:10F4400040F27D1309F00AFF86F31188BFF36F8F36
:10F450000323184602DF637B162B03D195F939305D
:10F46000002B18DA10F0CBFC10B90723A372F8BDFB
:10F4700010F0CDFC0646606268B9294A2B492A483B
:10F480004FF4C47309F0EAFE86F31188BFF36F8F5F
:10F490000323184602DF637BE66966610027162BAB
:10F4A000E7612ED194F8203095F89421C3F3C2037C
:10F4B00063F3C50285F8942194F8202095F89431DF
:10F4C00062F3020385F8943194F8203095F87620A1
:10F4D000C3F3801363F3C30285F87620311D204601
:10F4E00011F061F90221284610F096FC0223A37264
:10F4F0002846314610F08DFC2846BDE8F84010F053
:10F5000028BF074A0A49084840F2A31309F0A6FE9B
:10F5100087F31188BFF36F8F0323184602DFE7E7F5
:10F5200067430200C9430200C13A0200DA43020005
:10F530002B4D0200F7B50C461946A37A0546164630
:10F54000092B00F2F480DFE813F00A000F005900E5
:10F550005D00F200F2009000E900B300D700002E39
:10F560004ED10123A3724BE0204611F02FF994F8FD
:10F57000202095F89431C2F3C200C3F3C2010140C8
:10F58000C3F30203C2F30200034043EAC10322F0C3
:10F590003F02134384F8203095F93930002B0CDBFF
:10F5A00094F8203013F0380F01D05A0705D194F8A1
:10F5B000203023F03F0384F820300221284610F049
:10F5C0002BFC012E1CD195F83930DB0906D02146E1
:10F5D000284603B0BDE8F04010F0FCB940F23343D8
:10F5E000544A5549554809F039FE002383F31188E0
:10F5F000BFF36F8F0323184602DF01E0002EE6D031
:10F6000003B0F0BD022EFBD190F93930002B0EDB98
:10F61000484A4B49494840F2534309F01FFE002332
:10F6200083F31188BFF36F8F0323184602DF454928
:10F6300094F82030086849686A4603C295F8762035
:10F64000134303F0070308336B44284613F8081CE0
:10F65000134661F3061385F8763002210623A37260
:10F6600003B0BDE8F04010F0E6BB032EC8D1204641
:10F6700011F0CCF82146284610F002FA0646204642
:10F6800000F0CEF926B9284611F0EFFA082369E711
:10F6900094F82830282B01D185F8503195F8763030
:10F6A000C3F3020262F3061385F87630092359E7A3
:10F6B000002EA5D1678D0FF0E6FFC01B03049FD479
:10F6C00084F8286094F82D2094F82C10284610F027
:10F6D000A6F9064648B12146284610F0FAF994F8F2
:10F6E000213060F3410384F8213094F8213066F32F
:10F6F000000384F82130D1E7042E81D12146FFF7A1
:10F70000B1FD21462846FFF7FFFD284611F0F5FA26
:10F710000021284611F092FA002323E7002E7FF4FF
:10F720006FAF214603B0BDE8F040FFF725BE40F2C1
:10F73000095355E7674302002B4D0200C13A02000E
:10F74000F4430200C82B0200F7B51F468B7A05462A
:10F750000C461646092B00F21781DFE813F00A0069
:10F760000A00110015011501150146000D01BE002A
:10F77000FB00002E37D103B0BDE8F04010F0FCB81C
:10F78000032E30D190F83930DB091ED091F82030AB
:10F790008549086849686A4603C295F8762013438C
:10F7A00003F0070308336B4413F8081C134661F396
:10F7B000061385F8763041F6060363810221284658
:10F7C00003B0BDE8F04010F036BB784A784979487C
:10F7D00040F2892309F042FD002383F31188BFF32F
:10F7E0006F8F304602DF03B0F0BD052E68D0062EC5
:10F7F00034D0022EF7D190F93930002B0EDB6B4A52
:10F800006D496C4840F2CA2309F028FD002383F3B8
:10F810001188BFF36F8F0323184602DF02212846A9
:10F8200011F009FA3946204610F0F0FF214628462B
:10F8300010F026F90646204600F0F2F826BB94F8B0
:10F840002D202AB195F8763062F3061385F87630CC
:10F85000284610F086FD0823A372AFE7002111F0BF
:10F86000EAF9D5F8303123F48073C5F830311A2322
:10F8700084F82830204600F0D3F894F8213043F083
:10F88000010384F8213011E00021284611F0D3F95A
:10F8900094F828300BB185F8503194F8203094F862
:10F8A0002120DB0963F3000284F8212095F87630EB
:10F8B000C3F3020262F3061385F876300923CBE71F
:10F8C0003946204610F068FF94F84E3084F828300E
:10F8D0000021284611F0AFF9CCE7002E83D14F8DDF
:10F8E0000FF0D1FEC01B03043FF57DAF94F82D202F
:10F8F00094F82C10284610F092F808B321462846B8
:10F9000010F0E7F894F8213060F3410384F82130D7
:10F910003146284611F08FF984F82860012394F8C5
:10F92000212063F3000284F8212095F87630C3F398
:10F93000020262F3061385F876300923A37252E7B8
:10F940003146284611F077F994F9203084F8286080
:10F95000DB0FE4E7042E7FF446AFFFF783FC21467C
:10F960002846FFF7D1FC284610F05DFD002128460F
:10F9700011F064F90023E1E7002E7FF434AF03B007
:10F98000BDE8F040FFF754BD084A094909484FF463
:10F99000597309F063FC002383F31188BFF36F8F61
:10F9A0000323184602DF1EE7C82B0200674302004C
:10F9B0002B4D0200C13A0200F443020038B54568FD
:10F9C000044665B9094A0A490A48612309F046FC18
:10F9D00085F31188BFF36F8F0323184602DF616838
:10F9E0002046BDE838400EF00BBF00BF0B440200BC
:10F9F00044440200C13A0200024B1868003818BFA4
:10FA000001207047AC05002010B504480EF0DEFE62
:10FA1000044604300FF028FE204610BDAC0500203F
:10FA200038B5856904466DB90B4A0C490C4840F25B
:10FA30001D1309F013FC85F31188BFF36F8F0323A7
:10FA4000184602DFA3691A792C2A04D02C221A71D5
:10FA5000A36922691A6038BD0B4402004F440200BA
:10FA6000C13A020038B5856904466DB90D4A0E49A0
:10FA70000E4840F22B1309F0F1FB85F31188BFF318
:10FA80006F8F0323184602DFA3691A792C2A07D146
:10FA900001221A71A169BDE8384008680FF064BA04
:10FAA00038BD00BF0B4402004F440200C13A0200BF
:10FAB000014910F050B900BFA4050020014910F021
:10FAC0004AB900BF9C05002010B50A4B06225868B1
:10FAD00050210EF054FE084B0122586850210EF0C0
:10FAE0004EFE064BBDE81040586804222C210EF053
:10FAF00046BE00BFA40500209C050020AC050020E8
:10FB0000084601490EF07CBEAC05002038B5B0F8BF
:10FB1000F24003461546FCB1A1421AD310F0EDFBAA
:10FB2000044668B9134A1449144840F2F31309F023
:10FB300095FB84F31188BFF36F8F0323184602DF10
:10FB4000237A0A2B13D194F820306FF073002B70B6
:10FB500038BD641AA0F8F240B3F8020120B1814226
:10FB600005D2401AA3F8020100231846EFE722232A
:10FB7000EBE700BF0B4402002E450200C13A020031
:10FB8000034B0B44B3FBF1F3A0F80831704700BFFF
:10FB9000FF59620270B5D0F84851044645B9C4F81F
:10FBA0004851D4F84C01084D40B9C4F84C0170BD1F
:10FBB000286829464568FCF7E3F9EFE70668294617
:10FBC0000EF01EFE3046EFE7AC0500202DE9F047B1
:10FBD0001F46D0F83031BDF820A0099E894699070C
:10FBE0000546904614D50920FFF762FF0446002819
:10FBF00054D0037A082B11D1A0F828804785A0F8AB
:10FC00002CA02846214610F048FB0020BDE8F087D4
:10FC100090F93930002B3FDB0820E5E7092B2BD189
:10FC2000A0F82690A0F828804785A0F82CA0CEB197
:10FC30003388038773884387B3888387F388C387B0
:10FC40003389A0F840307389A4F8423095F93930EF
:10FC5000002BD6DA2846FEF7A3FD0146284601F020
:10FC600001FECEE70E4A4FF0FF33C0E90E23A0F8A5
:10FC700040304FF6FF73E7E70A4A0B490B4840F262
:10FC8000F63309F0EBFA002383F31188BFF36F8F8B
:10FC90000323184602DFB4E71A20B7E70C20B5E7C4
:10FCA0000000FFFF0B4402002B4D0200C13A02008E
:10FCB0002DE9F041537F06460F46144613BBFF2340
:10FCC000D377304610F019FB40B1E27FC37A9A42F5
:10FCD00000F08C80037B002B40F08880304610F0D1
:10FCE000B6FF002800F0A880E27FC37A9A427DD058
:10FCF000037B002B7AD1224639463046BDE8F041DD
:10FD000001F0B4BCD37F1E2B08D84C4A52F82330E4
:10FD100023B104F11C0098470028D2D0E37F022BC6
:10FD200001D10123E7E7304610F0E7FA05463046F7
:10FD300010F08DFF002D7CD0E37FE97A002866D09B
:10FD40009942C27A14D18A4240D0037B002B3DD124
:10FD5000072903D1427B94F8203016E01129F9D00D
:10FD600023463A4629463046BDE8F04100F06CBDD6
:10FD7000297B61B19A4229D0027B3ABB072BE9D09B
:10FD8000112BEDD194F82020437B9A420CE0072BF5
:10FD90000CD194F82030697B994229D1072A15D0DB
:10FDA000037B9BB9437B8B42DAD10FE0112B0FD140
:10FDB000697B94F82030C91A18BF0121112A04D098
:10FDC000027B12B9427B9A420BD1C1B91F230BE0CF
:10FDD000B3F10D0118BF01219A42F6D0037B002B2D
:10FDE000F3D10029BCD0242386F85031BDE8F0813E
:10FDF000072A04D0027B12B9427B9A42F3D12346F0
:10FE00003A4601463046BDE8F04101F0E5BB994273
:10FE1000A6D02A7B002AA3D1072B06D16A7B94F8AF
:10FE200020309A427FF47DAF9AE7112BF6D00D2B4C
:10FE3000F8E70028E3D174E703465CE724330200C7
:10FE400070B505460C46FFF7DFFD064660B9344A3B
:10FE500034493548962309F001FA86F31188BFF337
:10FE60006F8F0323184602DF237A013B311D0B2BD2
:10FE700033D8DFE803F006191E2432323232322939
:10FE8000322D084610F01BFB1323E372F3796373E2
:10FE9000314628460FF0BDFF237A0A2B2CD0284686
:10FEA000BDE8704010F055BA284610F036FB092323
:10FEB000EBE7204610F0BBFB6661FF23E5E7084651
:10FEC00010F0D3FB0C23E0E7204610F0BFFBF3E774
:10FED000284610F05AFD1523D7E7114A1349124856
:10FEE000D12309F0BBF9002383F31188BFF36F8F8F
:10FEF0000323184602DFC9E76B8DB5F88C1140F279
:10FF0000E242534342F2107202FB013101392846AA
:10FF1000B1FBF3F1BDE8704089B210F01FBA00BF29
:10FF200060440200D7430200C13A02002B4D020098
:10FF30002DE9F04105460C46904610F08BFE28B1A5
:10FF40000323A37200273846BDE8F08121462846E6
:10FF5000FFF752FD07460028F2D021462846FFF75A
:10FF600053FD064668B9284A2849294840F20C43FF
:10FF700009F074F986F31188BFF36F8F03231846D5
:10FF800002DF237A013B311D0B2B2DD8DFE803F074
:10FF9000061F2C232C2C2C2C2C2C2C27084610F044
:10FFA00097FAFF23E372F3796373314628460FF023
:10FFB00030FF284610F054FE0423A372B8F1000F5E
:10FFC000C1D0284610F099FE0023A372BBE7284653
:10FFD00010F0BBFAE5E7084610F047FBE1E72846DA
:10FFE00010F0E8FC6661DCE7074A0A49084840F27D
:10FFF000524309F033F9002383F31188BFF36F8F65
:020000021000EC
:100000000323184602DFCEE760440200D743020014
:10001000C13A02002B4D020038B50B7A013B044671
:100020000D460B2B29D8DFE803F00606280D2828FB
:100030002828281D2826012229462046BDE83840C8
:10004000FFF776BF90F818313BB90122FFF770FF38
:1000500010B1012384F8183138BD10F04EFE002392
:10006000AB72F9E710F049FE0023AB7295F820302F
:1000700084F85031F0E70022DEE7084A08490948D1
:1000800040F2025309F0EAF8002383F31188BFF32A
:100090006F8F0323184602DFDEE700BF60440200D3
:1000A0002B4D0200C13A02002DE9F0418C69002776
:1000B00006460D468F619CB90FF0A9FE044680B933
:1000C000294A2A492A484FF4C07309F0C7F884F333
:1000D0001188BFF36F8F0323184602DF2471FFDE00
:1000E00001274FF0030884F80480338DE3802B7AD6
:1000F000042B04F11C0124D00C2B2CD0022B2ED16C
:100100006B7A072B0BD0092B0DD1304610F033FA48
:1001100047BB20682146BDE8F0410EF025BF2846C8
:1001200010F0EFF9F4E7F6230F4A1249104809F0EE
:1001300095F8002383F31188BFF36F8F404602DFE9
:10014000E6E76B7A0C2B03D1304610F0A2FADFE71A
:1001500040F20313E8E7304610F041FCD8E740F2E4
:100160009F13E1E7BDE8F0816044020063430200B1
:10017000C13A02002B4D020038B50B7A013B044610
:100180000D460B2B5ED8DFE803F006150B235D5DF3
:100190005D5D5D325D3A4B7A072B01D0132B05D1A3
:1001A000204610F040F90023AB7238BD242384F8B8
:1001B0005031F5E74B7A072B01D0092BF6D195F892
:1001C0002030DB07ECD529462046FFF76DFFE7E737
:1001D0004B7A0C2BEAD18B69002BF4D10FF00FFE78
:1001E0000028F0D1204610F0B4F80423DCE710F02A
:1001F0001AF90023AB72162384F85031D5E74B7AF5
:10020000152B16D10FF0EBFA18B129462046FFF74F
:100210004BFF204610F007F90023AB7220460FF089
:1002200072FF0028C1D120460421BDE838400FF0FC
:1002300002BE072BBAD1D0F8303123F02003C0F82A
:100240003031E6E7074A084908484FF4107309F0CF
:1002500005F8002383F31188BFF36F8F032318463B
:1002600002DFA2E7604402002B4D0200C13A020007
:1002700038B50B7A013B05460C460B2B4DD8DFE811
:1002800003F00606060A4C4C4C4C4C1C4C2BBDE8AB
:1002900038400FF09EBF90F8183133B90FF099FF36
:1002A00010B1012385F8183138BD0C234B7200239F
:1002B0008B61BDE83840FFF75FBFFFF79DFB10B9CA
:1002C0000123A372F0E721462846FFF7B9FD162364
:1002D00084F820300223F4E7D0F830319B0617D59C
:1002E0000FF011FFA0B9284610F025F80028E7D13B
:1002F00021462846FFF780FB0028E1D0042128464C
:100300000FF08AFD21462846FFF79AFD0323D8E720
:10031000284610F088F80023D3E7084A084909481E
:1003200040F2C32308F09AFF002383F31188BFF340
:100330006F8F0323184602DFB6E700BF6044020058
:100340002B4D0200C13A02002DE9F0410C4619463E
:10035000A37A05461646042B00F2C780DFE803F0B7
:10036000030849666900002E5ED10123A3725BE099
:10037000022E59D1CB7863720C2B2FD013D8022BBD
:100380002FD0082B22D0614A6149624840F20143D4
:1003900008F064FF002383F31188BFF36F8F0323FA
:1003A000184602DF14E0122B12D0142BEBD110F000
:1003B0002BFB042128460FF02FFD28460FF093F960
:1003C00084F820002046FFF72BFB01E010F0DFF857
:1003D00021462846BDE8F041FFF71EBE10F06DF93A
:1003E000F6E7204610F03DF9082128460FF014FDED
:1003F000EEE7CEB9237A0A2B0DD0444A4649454848
:100400004FF4A36308F02AFF86F31188BFF36F8FC0
:100410000323184602DF284610F06FFC0023A37266
:1004200094F8203085F85031BDE8F081002EFBD1E2
:10043000CEE7012EF8D1237A0C2BF5D10FF08BF9F2
:1004400094F82030042140EA030728460FF0F3FC1B
:10045000A6690023FFB2A3616EB92C4A2F492D482B
:1004600040F2724308F0FAFE86F31188BFF36F8FF3
:100470000323184602DF33792C2B0ED0234A284958
:10048000244840F2754308F0E9FE002383F3118805
:10049000BFF36F8F0323184602DF57B9012333716F
:1004A000306831460EF060FD284610F026FC00232F
:1004B0005CE7032737712B8DF380237A0C2B06F131
:1004C0001C080DD0114A1749124840F27E4308F02B
:1004D000C5FE002383F31188BFF36F8F384602DF18
:1004E0004146284610F07BFADAE7084A08490948ED
:1004F00040F27E5308F0B2FE002383F31188BFF36D
:100500006F8F0323184602DF8EE700BF60440200AE
:100510002B4D0200C13A0200A044020063430200D6
:10052000A4430200BC44020070B50C461946A37AED
:1005300005461646042B00F29680DFE803F003031D
:100540000A177500002E7ED12146BDE87040FFF7E6
:100550008FBE052E77D1237A032B01D00A2B72D1BF
:1005600021462846BDE87040FFF706BE012E6AD13D
:10057000CB786372023B172B53D801A252F823F0B9
:10058000F5050100230601002306010023060100F2
:1005900023060100ED05010023060100E10501002D
:1005A0002306010023060100E705010061050100A3
:1005B0002306010023060100230601001B0601009B
:1005C0002306010061050100230601001506010054
:1005D0002306010023060100230601006105010036
:1005E0000FF0FFFFBCE710F068F8B9E720460FF006
:1005F00084FFB5E740F22A33204A2149214808F018
:100600002DFE002383F31188BFF36F8F0323184659
:1006100002DFA5E710F0FBF9A2E7204610F0BCF8D6
:100620009EE740F24333E7E76EB9237A042B0BD100
:100630000FF0E5FB38B121462846FFF735FD284687
:100640000FF0F1FEA67270BD0C4A0D490D484FF433
:100650005C7308F003FE86F31188BFF36F8F0323EA
:10066000184602DFEFE7054A0549064840F28E3397
:1006700008F0F4FD002383F31188EEE760440200E4
:100680002B4D0200C13A020038B58B7B05460C4663
:1006900063B30FF032FE84420DD0154A1549164857
:1006A000522308F0DBFD002383F31188BFF36F8F23
:1006B0000323184602DFA36983B11B792C2B0DD1CC
:1006C0000B4A0E490C48572308F0C8FD002383F35A
:1006D0001188BFF36F8F0323184602DF28460FF0FF
:1006E000AEFD2046BDE83840FFF768B938BD00BF11
:1006F000E144020020450200C13A020032450200F6
:1007000038B505460FF0F9FD037A013B04460B2B83
:100710001ED8DFE803F0171717171D1D0611111754
:100720001D170146002228460FF067FA2146284689
:10073000BDE83840FFF7A8BF01460022284610F068
:100740004DFAF3E70146002228460FF067FDEDE77A
:10075000074A084908484FF4E47308F07FFD002376
:1007600083F31188BFF36F8F0323184602DFDDE7A1
:10077000E14402002B4D0200C13A020038B50546A3
:100780000FF0BBFD044668B9094A0A490A484FF40C
:10079000EA7308F063FD84F31188BFF36F8F0323BE
:1007A000184602DF0023A5F8F2300123A37338BDF9
:1007B000E144020087450200C13A020038B590F8D2
:1007C000F0300446032B28D8DFE803F00823022387
:1007D000022902D1002384F8F03038BD012914D059
:1007E00003290ED00029F8D10FF087FD0028F4D09E
:1007F000057A2046FFF784FF0A2D14BF0123032347
:10080000E9E70FF0B2FD0223E5E7BDE83840FFF766
:10081000B5BFBDE838400FF0B8BD084A08490948DF
:1008200040F2562308F01AFD002383F31188BFF32A
:100830006F8F0323184602DFCFE700BFE1440200B9
:100840002B4D0200C13A020038B50C461146A36197
:100850001A46237A2161013B05460B2B1FD8DFE89E
:1008600003F0060606061E1E161A1A061E06214666
:100870000FF0CFFCA36923B11B792C2B1CBF0023E5
:10088000A36121462846BDE83840FFF7FDBE21465A
:100890000FF097F9EEE7214610F080F9EAE7084AF1
:1008A0000849094840F23D1308F0D8FC002383F3BF
:1008B0001188BFF36F8F0323184602DFDAE700BF0A
:1008C000E14402002B4D0200C13A020010B543681A
:1008D0000468034A03F0EF032240C1E9002310BD7E
:1008E0002FCF87F770B58C69002306460D468B61C4
:1008F0006CB9164A1649174840F2071308F0AEFCC7
:1009000084F31188BFF36F8F0323184602DF192386
:1009100022792371338DE38095F8203023776BB9EA
:100920002B8DE3836B8D2384AB8D63842C2A0CD1B8
:1009300020682146BDE870400EF016BB738DE3833E
:10094000B38D2384B6F88C31EFE770BD9A45020071
:1009500063430200C13A0200F8B58C6900230646E1
:100960000D468B616CB9104A104911484FF4507311
:1009700008F074FC84F31188BFF36F8F03231846CB
:1009800002DF032327792371338DE38004F11C01F7
:1009900028460FF044FF2C2F05D120682146BDE8E2
:1009A000F8400EF0E1BAF8BD9A4502006343020038
:1009B000C13A020038B50D4604460FF034FD2B7ADB
:1009C000092B0FD194F93930002B06DB074B1A683D
:1009D000944207D100221A6004E020460FF0BEFBCB
:1009E0000028F3D00023AB7238BD00BFE022002006
:1009F000F8B5CD69002307460C461646CB618DB984
:100A0000FFF702F8054668B9254A2649264840F20C
:100A10000A3308F023FC85F31188BFF36F8F03239B
:100A2000184602DF102E05F1040014D0112E29D033
:100A30001EB3072E2DD01A4A1C491B484FF4497388
:100A400008F00CFC002383F31188BFF36F8F03239E
:100A5000184602DF03E0014620460FF00BFFEB795A
:100A60006373294638460FF0D4F9237A092B15D140
:100A70003846BDE8F84010F0F3B8014620460FF0C4
:100A800047FFECE794F8202094F821100FF079FE4E
:100A9000E5E7014620460FF024FDE0E7F8BD00BF82
:100AA0009A450200D7430200C13A02002B4D0200D2
:100AB00038B58B6905460C4673B11F4A1F4920485B
:100AC00040F2623308F0CAFB002383F31188BFF3BE
:100AD0006F8F0323184602DF0FF099F92C23A061D2
:100AE000037194F83420012384F823300023236316
:100AF0004AB1238DB3FBF2F313FB02F3E28C9BB2FA
:100B00009A4298BF2385238F228D9A4222BF40F2BA
:100B1000E2425343236328460EF0B5FDAB8D063306
:100B20001844A084002221462846FFF761FF4FF6B3
:100B30000B73638138BD00BF9A450200DC4502009B
:100B4000C13A02002DE9F041DFF8DC80D8F800302E
:100B500005460C462BB1984203D00123A372BDE891
:100B6000F08128460FF0E7FB0028F6D1284610F068
:100B700068F807460028F0D121462846FEF73CFFDA
:100B80000028EAD028460EF07EFD012106462846C0
:100B900010F051F8E686E66984F83470C8F8005021
:100BA000E761CEB921462846FEF72EFF064698B9E2
:100BB0001E4A1F491F4840F22F1308F04FFB86F3CF
:100BC0001188BFF36F8F0323184602DF04212046EC
:100BD0000FF025FEF379FFDE311D20460FF01FFEDA
:100BE000F3796373314628460FF013F9237A092B02
:100BF00002D128460FF0ADFB95F83930DB0902D061
:100C000004236381ABE7094A0B490A4840F29B136E
:100C100008F024FB002383F31188BFF36F8F0323B5
:100C2000184602DF9BE700BFE02200209A45020041
:100C3000D7430200C13A02002B4D020038B50C46E2
:100C4000054610F05AF8237A092B05D1044B1A688F
:100C5000954204BF00221A600023A37238BD00BF72
:100C6000E022002070B51F4B1A6805460C46C2B141
:100C7000904216D002238B720FF0ECFF064628BB81
:100C800021462846FEF7B8FE00B34FF47263238472
:100C9000214628460FF014FF2046FEF7E3FEA6612A
:100CA00070BD208D698D1D608842628DA38D06D137
:100CB000A98D914203D1B5F88C219A420BD02146DF
:100CC0002846FFF749FE0423A372E9E72046BDE862
:100CD0007040FEF7A5BE2046FEF7C4FE0023A361C8
:100CE0000523F1E7E0220020F8B50C461946A37A67
:100CF000054616460C2B00F2F480DFE813F00D00D9
:100D000027005A005D006A0075008F00F200920013
:100D100095009900E000E40036B9237A082B04D04E
:100D2000092B04D10123A372F8BD0A23FBE7724A01
:100D30007249734840F2CE3308F090FA86F3118876
:100D4000BFF36F8F0323184602DFEDE7012EEBD1CF
:100D500020460FF0BAFDE18C228DA08D638D94F8B2
:100D60003460052902D9B2F5486F08D940F61E73E0
:100D7000238421462846BDE8F8400FF0A1BE9142E9
:100D8000F4D8B3F5FA7FF1D2A0F10A0189B240F6A6
:100D90007647B942EAD801339BB25343B3EB800F95
:100DA000E4D2B242E2D321462846BDE8F840FFF73C
:100DB00059BF012EB8D8F6E7002EB5D10FF01FF8B5
:100DC00008B90323AFE721462846FFF7C5FD0423F2
:100DD000A9E7032E06D0042EA6D10F2384F82130D4
:100DE0000623A0E705239EE7002E9DD190F9393018
:100DF000002B06DBA66121462846BDE8F8400FF02F
:100E000040BE94F820302BB921462846BDE8F84072
:100E10000FF000BE0F2384F82130AAE7002E83D103
:100E2000A7E7002E80D1EFE7002E7FF47DAFE2E749
:100E3000022E7FF479AF90F83930C3F3C012DB098A
:100E400017D184F84C200FF005FF08B10D236AE795
:100E500021462846FEF7D0FD0028F7D02146284637
:100E60000722FFF7C5FD21462846BDE8F840FFF7F9
:100E7000E5BE20460FF06BFD20460FF0E3FDA0B16C
:100E80002846A68C0EF0FFFB361AB6B247F6FE7364
:100E90009E4212D82046FEF7C3FD0B23A3722146C3
:100EA0002846BDE8F8400FF049BE1E2385F85031B2
:100EB00028460FF022FF002335E72823F6E7002E0F
:100EC0007FF432AFEBE7002E7FF42EAF0EF097FFEA
:100ED00000283FF429AF21462846BDE8F840FFF737
:100EE000E7BD054A0549064840F22D5308F0B6F91A
:100EF000002383F3118823E79A4502002B4D02005B
:100F0000C13A0200F8B50C461946A37A05461646C2
:100F1000062B00F2C380DFE803F0041DC1C120549A
:100F20009900CEB9237A092B05D121462846BDE880
:100F3000F840FFF707BE5F4A5F4960484FF4F5731A
:100F400008F08CF986F31188BFF36F8F03231846DE
:100F500002DF01E0002EE8D0F8BD032E2FD0042ED2
:100F60001FD0022EF8D120460FF0F1FC20460FF0E2
:100F700069FD014658B928460FF05DFE1E2385F82D
:100F8000503121462846BDE8F840FFF713BD3146F1
:100F900028460FF050FE2046FEF742FD0623A372BE
:100FA000DAE7D0F8303123F00203C0F830311A23E9
:100FB00084F8203021462846FFF794FCE1E74B797E
:100FC000F6E7002EC8D10FF0B6F908B10523E6E721
:100FD00021462846FEF710FD0028F7D03146284666
:100FE0000FF029FEE769E661E7B921462846FEF7DA
:100FF0000BFD0746B0B92F4A3149304840F22F1354
:1010000008F02CF986F31188BFF36F8F032318467D
:1010100002DF042094F8202094F821100FF0B1FB97
:10102000F379FFDE94F8202094F82110381D0FF09A
:10103000A8FBFB796373394628460EF0EAFE237A53
:10104000092B9ED128460FF084F99AE7002E83D110
:101050000EF019FBA38CC01A03043FF57DAF314697
:1010600028460FF0E8FD214628460FF043FD237A7D
:10107000092B07D094F8226076B92046FEF7F2FCDF
:10108000A6617EE728460FF06CF9237A092BF1D18F
:1010900094F82030002BEDD0002389E7054A06495B
:1010A00006484FF4357308F0D9F8002383F311880C
:1010B0004AE700BF9A4502002B4D0200C13A0200E8
:1010C000D743020070B5D37F012B05460C4630D1C3
:1010D0008B7A012B03D013F0FD0F1AD170BD02F1F2
:1010E0001C0120460FF049FC2846268C0EF0CBFA56
:1010F000361AB6B247F6FE739E4202D80223A37296
:10110000ECE7282385F8503128460FF0F6FD002340
:10111000F5E70A4A0A490B4840F2271308F09EF8FF
:10112000002383F31188BFF36F8F0323184602DF78
:10113000D4E7242380F85031E7E700BFFC450200E4
:101140002B4D0200C13A020038B58B7A012B0546BF
:101150000C4604D0022B03D093B90123A37238BDEF
:101160000EF091FA238CC01A0304F8D404F1220182
:1011700028460EF094FA28460FF0BFFD0023EDE755
:10118000074A0849084840F2271308F067F8002387
:1011900083F31188BFF36F8F0323184602DFDEE766
:1011A000FC4502002B4D0200C13A020070B5D0F898
:1011B000F85004466DB91F4A1F4920484FF4027386
:1011C00008F04CF885F31188BFF36F8F032318469E
:1011D00002DF94F80431012B03D1022384F800319B
:1011E00070BD29462046FEF707FC0028F5D02946A9
:1011F0002046FEF709FC064668B90E4A10490F481A
:101200004FF4E87308F02AF886F31188BFF36F8F64
:101210000323184602DF311D28460FF062F9F379E7
:101220006B73314620460EF0F4FD0123AB730023AF
:10123000D4E700BF3A46020087450200C13A0200E7
:10124000D7430200F8B5D0F8F85004466DB92F4ADC
:101250002F4930484FF4FC7308F000F885F31188EB
:10126000BFF36F8F0323184602DF94F80431012B7C
:1012700003D1012384F80031F8BD29462046FEF74A
:10128000BBFB0028F5D029462046FEF7BDFB0646ED
:1012900068B91E4A20491F484FF4E87307F0DEFF83
:1012A00086F31188BFF36F8F0323184602DF2046B1
:1012B0000FF023F82B7A027A9A4206F104071BD02A
:1012C000082A1BD1092B14BF2A22232294F820318B
:1012D000B3B1D4F830315B0712D594F80711384612
:1012E0000FF04FFAF3796B73314620460EF091FD03
:1012F0000123AB730023BDE72322E7E72A22E5E7BA
:10130000114638460FF033FAECE700BF3A460200C8
:1013100087450200C13A0200D743020038B58B7BF3
:1013200005460C466BB3D0F8F83099420DD0154AFB
:1013300015491648772307F091FF002383F311889E
:10134000BFF36F8F0323184602DFA36983B11B79B4
:101350002C2B0DD10B4A0E490C487C2307F07EFF45
:10136000002383F31188BFF36F8F0323184602DF36
:1013700005F1F8000FF055FC2046BDE83840FEF7B7
:101380001DBB38BD3A46020020450200C13A0200AA
:101390003245020038B5D0F8F8502B7A013B0446AC
:1013A0000B2B25D8DFE803F01F1F1F1F06061015A3
:1013B000151F1A1F002229460EF0DAFA2946204688
:1013C000BDE83840FFF7AABF002229460EF039FCDD
:1013D000F4E7002229460FF018FCEFE70022294627
:1013E000FFF7B2FEEAE7002229460EF024FFE5E708
:1013F000074A084908484FF4E07307F02FFF00231D
:1014000083F31188BFF36F8F0323184602DFD5E7FC
:101410003A4602002B4D0200C13A0200022938B5BB
:1014200004460D460AD0042924D0012921D1D0F840
:10143000F830F3B1BDE83840FFF7ACBFD0F8F85052
:10144000002380F805316DB90D4A0E490E4840F26F
:101450001B2307F003FF85F31188BFF36F8F03236E
:10146000184602DF00230122A4F80231AA7384F88F
:10147000003138BD0FF0FDFB84F80051F9E700BFE3
:101480003A46020087450200C13A0200F8B590F8DA
:10149000003104460D461646052B00F28480DFE835
:1014A00003F00961277E037E032906D1002384F817
:1014B000003102E011B104296CD0F8BDD0F8F85029
:1014C000002DFAD02B7A90F8060194F839C0102B31
:1014D00013D83D4A012101FA03F73A40E2B917F463
:1014E000386F0AD00A2B23D03BBBF37F85F84C30F2
:1014F0002046BDE8F840FFF759BE344A3449354824
:101500006A2307F0ABFE002383F31188BFF36F8FCC
:101510000323184602DF2B7A0A2B09D0002BE4D0D4
:10152000002384F805312046FFF734FF0323BEE78C
:101530002046FFF72FFF0523B9E708B90123F0E79D
:101540001CF0800F09D0012811D120460EF0D5FEE5
:101550000028F3D0FF23C372F0E7012807D1F37FFF
:1015600084F807312046BDE8F840FFF76BBE02283B
:10157000A3D120460EF0C1FE2B7A027A9A4203D004
:10158000082A05D1092B03D1232384F8503194E78D
:101590002A23FAE70FF06DFB84F800518DE7BDE8D0
:1015A000F840FFF73BBF094A09490A4840F2FE23C9
:1015B00007F054FE002383F31188BFF36F8F0323DA
:1015C000184602DF79E700BF7FF401003A460200C7
:1015D0002B4D0200C13A020038B50C461146A361FA
:1015E0001A46237A216105460C2B28D8DFE803F040
:1015F0000A0707070717171B1F1F072307002146A6
:101600000EF010FEA36923B11B792C2B1CBF002305
:10161000A36121462846BDE83840FFF77FBE21463A
:101620000EF07CF9EEE721460EF0F3FAEAE72146E8
:101630000FF0D8FAE6E72146FFF744FDE2E7084A53
:101640000849094840F2391307F008FE002383F3E4
:101650001188BFF36F8F0323184602DFD2E700BF64
:101660003A4602002B4D0200C13A02002DE9F0413A
:1016700005460F4616461C46C3B1D37F1B2B33D8F5
:101680001D4990F839200FFA83FC01EB4303D2097E
:101690005B78012494401C4008D011F81C400A2CAF
:1016A00004D10FF036FB28460EF0C6FE2046FEF7AA
:1016B00005FA0446F0B100230360D5F8FC30ABB95D
:1016C000C5E93E00314628460FF00FFB214628466B
:1016D000FFF724FED5F8F81061B133463A462846A4
:1016E000BDE8F041FFF778BF0024DFE71860C5F8D8
:1016F000FC00E7E7BDE8F0817A46020010B50C4631
:1017000070B10B4A0B490C4840F2892307F0A6FD43
:10171000002383F31188BFF36F8F0323184602DF82
:1017200094F874316FF3000384F8743110BD00BF76
:10173000B2460200F1460200C13A020008B570B19B
:10174000074A0849084840F2812307F087FD002333
:1017500083F31188BFF36F8F0323184602DF08BDA0
:10176000B2460200F8460200C13A0200012810B554
:101770000C4612D1FAF7B8FC84420ED0074A084949
:10178000084840F2792307F069FD002383F31188AC
:10179000BFF36F8F0323184602DF10BDB24602006D
:1017A00004470200C13A02002DE9F843099D9DF863
:1017B00020900646288D4FF6FF71884290461F46BE
:1017C00041D031462846FDF76FF900283BD12C78EF
:1017D0000134E4B22C706CB91C4A1D491D4840F21A
:1017E000262307F03BFD84F31188BFF36F8F03239B
:1017F000184602DF184A05F11C03D360174B178106
:10180000C2E9006882F80A909A600022114601201D
:10181000F9F708FA70B10D4A11490E4840F2332326
:1018200007F01CFD002383F31188BFF36F8F0323A0
:10183000184602DFFF20FDF769F92846FF21BDE8C1
:10184000F843FDF709BABDE8F88300BFB2460200CD
:10185000EE400200C13A0200CC250020B405002071
:10186000BA3D020010B5038E88B04BB390F87431C6
:1018700013F0010424D143F0010380F87431114BBB
:101880000690CDE90443CA1C0123CDE90243CDE90A
:1018900000442346D2B2032120460DF007FB10F08E
:1018A000FD0F0DD0084A094909484FF4F67307F0B7
:1018B000D5FC84F31188BFF36F8F0323184602DF32
:1018C00008B010BDFD160100B2460200334202000E
:1018D000C13A0200054BFF221A705A709A70DA70F2
:1018E0001F221A71024B25221A707047192E0020F0
:1018F000182E00202DE9F04380EA0104264E2748E7
:10190000032540F6020C48F220074FEA14290CFB8D
:1019100009FE07FB09F90EEA000E09EA06094EEA7C
:10192000090E5FFA84F80EEB0E240EEB042E0CFB6E
:1019300008F407FB08F808EA0608044044EA08042B
:1019400004EB042804EB08244FEA1E4EC4F30744BA
:1019500044EA0E2404EB0414013D0C4415F0FF0589
:10196000A4B2D2D125206140B1FBF0F400FB1414E5
:10197000C4F3C405E0B2555D04F0070445FA04F46D
:10198000E40707D45943BDE8F043C1F307411046CB
:101990000FF0F1B9BDE8F083408408001021020087
:1019A0000C4870B50C4C00232826411E10F833203B
:1019B000072A9FBF7243A55C6FF34515A55411F824
:1019C00033206FF3000201F833200133082BEDD1EF
:1019D00070BD00BF0B2F0020E0250020194B1A78A6
:1019E0006FF300021A7093F828206FF3000283F857
:1019F000282093F850206FF3000283F8502093F8CA
:101A000078206FF3000283F8782093F8A0206FF31A
:101A1000000283F8A02093F8C8206FF3000283F837
:101A2000C82093F8F0206FF3000283F8F02093F8B9
:101A300018216FF3000283F81821034B00221A705B
:101A4000704700BFE0250020802E00202DE9F843DC
:101A5000884615460AB1FF231370154F0024A7F1DD
:101A6000020900F0010619F83430DA071CD5C3F377
:101A70004003B34211D106224146384609F08EFB9D
:101A800010B9E0B2BDE8F8833DB119F83430DB0796
:101A900003D42B78FF2B08BF2C700134082C07F1DE
:101AA0000807E0D1FF20EDE7002DF2D1F5E700BFF8
:101AB0000C2F00202DE9F0411A4D1B4EDFF86C80F1
:101AC0000024AF1E17F83430D90721D598F800202C
:101AD00015F8013C4AB1072B07D828225343144A72
:101AE000D35C5A0701D5DB0612D5124A17F83430F9
:101AF00011780120A04001431170C3F340035178D5
:101B0000A3400B43537029460622304609F056FB8A
:101B10000134082C06F1060605F10805D2D1BDE80E
:101B2000F08100BF0C2F00204C2F0020092F002037
:101B3000E02500204A2F00202DE9F843134E144DD4
:101B4000002405F1FF384FF02809B71E09FB04F304
:101B500018F80330DA070FD53A780121A1400A437B
:101B6000C3F380133A707A78A340134329460622C0
:101B700030467B7009F022FB0134082C06F1060682
:101B800005F12805E2D1BDE8F88300BF202E002032
:101B9000E125002038B5054600200DF0FAFA04468C
:101BA000F8B92878FF281ED02246691CFFF74EFF9F
:101BB000072814D80D4A02EBC0035B78072B06D820
:101BC00028250B496B43CD5C64F34515CD5412F8C1
:101BD00030306FF3000302F83030E0B238BD022439
:101BE000FBE70C20FAE72046F8E700BF0A2F0020A9
:101BF000E025002007282DE9F041044688461746D5
:101C00000ED91A4A1A491B484FF48C7307F026FB69
:101C1000002383F31188BFF36F8F0323184602DF7D
:101C20002823154D6343EB5C13F001060DD10F4AD9
:101C30001249104840F2191307F010FB86F311887F
:101C4000BFF36F8F0323184602DF282202FB04F341
:101C500002FB0451EB5CC3F3801388F80030384674
:101C60000622BDE8F041013109F0A8BA334702006D
:101C70006E470200C13A0200E025002079470200C9
:101C800010B5044600200DF07DFA30B90CB1012CDE
:101C900005D1044B00201C7010BD0C20FCE7122065
:101CA000FAE700BF092F00204FF47A735843014B25
:101CB00018607047DC25002010B50446FFF770FE61
:101CC0000D4B00221A700D4B0D4A1A600D4B4FF050
:101CD000FF304FF0FF31C3E90001FFF77FFE2CB169
:101CE000BDE810400849094810F0EBBABDE81040C3
:101CF000064810F0F4BA00BF092F0020DC250020B0
:101D0000A0BB0D00F0100020651F0100C0100020D6
:101D1000034A044B002814BF10461846704700BF02
:101D20004A2F00201E2E002070B5A0B10C4B1D685C
:101D30004FF4004440F2E73000214FF47A72002360
:101D4000E5FB0401EEF71CFABDE8704002460B46C5
:101D5000044806F0B5B9BDE87040024810F0BFBABB
:101D6000DC250020C0100020094B10B500241C7099
:101D70005C7008B1FFF79EFE064B1C705C70064B52
:101D80001B781BB1BDE81040FFF7D6BE10BD00BFE9
:101D90004A2F00201E2E0020092F00202DE9F04F91
:101DA00087B0019010F03BFC4FF47A73A0FB030660
:101DB00003FB0166019BC40B44EA4644F60B002B6F
:101DC00040F08E805F4BD3E90023B3F1FF3F08BFA3
:101DD000B2F1FF3F00F084805B490968A21A66EB0C
:101DE00003038A4273F10003ACBF4FF001094FF0C7
:101DF0000009564DDFF858A10027A8464FF0280BE0
:101E00000BFB07F318F80330DA0757D5B9F1000FC9
:101E100001D1980752D40BFB07F318F80330590788
:101E200021D5EA7D4B4B02A903EB021303F110020B
:101E3000084612F801CD01F801CB9A42F9D105F11B
:101E40001E0109F00BFA70B1434A4449444840F27C
:101E5000F32307F003FA002383F31188BFF36F8F96
:101E60000323184602DF0BFB07F318F803301A07A9
:101E70001CD502A9E81D09F0F1F970B1364A3749BD
:101E8000374840F2013307F0E9F9002383F3118862
:101E9000BFF36F8F0323184602DF02AB6B6206228B
:101EA0001946504609F08AF9C5F824A00BFB07F241
:101EB00018F8023043F0020308F802300137082F07
:101EC00005F128050AF1060A9AD1B9F1000F02D0EE
:101ED0001C4BC3E90046019B2BB907B0BDE8F08F4E
:101EE0004FF0010985E70020FCF70AFA04460028B4
:101EF000F3D094F86A305B07EFD594F82630072BBF
:101F0000EBD8FF238DF8083094F8293004EB8303D5
:101F100002A9DE6A04F128000FF049F8727805463C
:101F20000232314609F04AF9002DD6D02946204622
:101F30000DF038F99DF80830FF2BCED084F8293009
:101F4000CBE700BFF0100020DC250020E0250020BA
:101F5000502E0020892E002033470200BA3D020097
:101F6000C13A020070B50120FFF718FF0A4B1D6847
:101F70004FF4004440F2E73000214FF47A7200231E
:101F8000E5FB0401EEF7FCF8BDE8704002460B46A5
:101F9000024806F095B800BFDC250020C0100020E4
:101FA000072870B504461ED8282343430F4DEB5C29
:101FB0001A07C3F3C00015D5C3F340069B070DD421
:101FC0000B4A0C490C484FF44A7307F047F986F363
:101FD0001188BFF36F8F0323184602DF282303FB0A
:101FE0000455686A70BD0020FCE700BFE0250020B2
:101FF000334702008A470200C13A0200072810B5A1
:1020000003460CD828214843064A145CC4F38000D8
:10201000640703D501FB032202F11E0010BD00205E
:10202000FCE700BFE02500202DE9F84F8A46144662
:102030000AB1FF231370184F002507F1FF3B00F092
:1020400001064FF0280808FB05F85FFA85F91BF830
:102050000830DA071DD5C3F38013B3420FD106222F
:102060005146384609F09AF880B144B11BF808305F
:10207000DB0704D42378FF2B08BF84F800900135D8
:10208000082D07F12807DCD14FF0FF094846BDE8CD
:10209000F88F002CEED1F2E7E12500202DE9F34185
:1020A000074600200DF075F8044600283ED1387828
:1020B000FF283DD007F101080DF107024146FFF767
:1020C000C5FC072829D99DF80760072E2CD8194D83
:1020D0003A7815F8363005EBC60062F34103414605
:1020E0000622023005F8363009F068F838782246C2
:1020F0004146FFF799FFF30007282B4411D8587089
:1021000028230D4A5843135C43F02003135415F859
:10211000363043F0010305F83630E0B202B0BDE8D6
:10212000F081FF225A70F2E70724F6E70C20F5E76A
:102130002046F3E70A2F0020E02500202DE9F04F8C
:10214000804685B000208A4693460DF01BF8002893
:1021500040F08880C1460DF10F0219F8010B494685
:10216000FFF762FF07287FD99DF80F50072D7DD814
:1021700005EB85073E4CFF0028266E43781C06229F
:102180004946204409F01AF898F80010A25DA319F6
:1021900061F38612504610210193A2550CF05CFBAE
:1021A000A25D102160F382025846A2550CF054FB48
:1021B000A25D019B00F0010060F3C30212F0040F66
:1021C000A25539D150B1F81D10225946204408F0CB
:1021D000F5FF282303FB054300225A6207F118008C
:1021E00006220021204408F0F4FF28236B434946CF
:1021F000E25C22F01202E254002298F80000FFF79D
:1022000025FC07289CBF1B4B03EBC0034FF02802A3
:1022100098BF5D7002FB05F598BF0123625D88BF22
:1022200000235B0143F0010322F0210213436355B5
:10223000002005B0BDE8F08F0F490A78DA750F4B22
:102240009D54531C0B704FF0FF3303EB02130C4AE9
:102250000AF11001134411F8012D03F8012F514523
:10226000F9D1AFE70C20E4E71220E2E70720E0E72E
:10227000E02500200A2F0020802E0020812E002043
:10228000892E00202DE9F84F804600200CF07AFFBF
:10229000044600285AD1C146224619F8010B494686
:1022A000FFF7C2FE0728054652D8282303FB00F299
:1022B000284FB918BA5C53072CD5DFF89CB091F8B9
:1022C00017A09BF80060B21E062A1ED8013EF6B287
:1022D000B2451AD02148102200EB061100EB0A107B
:1022E00008F06CFF3A46282303FB04F17818795C68
:1022F00011F0010F24D0490722D5D17DB1421FD161
:10230000174B80F817A003F80A409BF80030013BF8
:102310008BF80030002298F800004946FFF796FB42
:1023200007289FBF0F4B03EBC003FF225A702823DF
:102330005D4300207B5D6FF300037B55BDE8F88FA4
:102340000134082C02F12802CED1DEE70C20F5E79B
:102350000220F3E7E0250020802E0020892E0020B7
:10236000812E00200A2F002038B51D465B7903F02E
:10237000C003402B17D119B10022FFF755FE0246CA
:10238000072A10D82824084804FB02F3C35CDB07A3
:1023900009D5182314FB0234294620440622BDE83F
:1023A000384008F00BBF38BDE025002038B50D4699
:1023B0000146002211F8010BFFF736FE072801D96C
:1023C000022038BD1823282414FB0034074B1C447A
:1023D000062120460CF040FA0028F1D006222146C2
:1023E000284608F0EBFE0020EBE700BFE0250020C8
:1023F00010B50C460146002211F8010BFFF714FE40
:1024000007280AD8064B282202FB00330622596A05
:10241000204608F0D3FE002010BD0220FCE700BFDC
:10242000E025002038B5044600200D460CF0AAFE39
:102430000246E0B9214611F8010BFFF7F5FD072828
:1024400017D81DB1012D0AD0122038BD28220A4B01
:1024500050431A5C65F304121A540020F5E7282350
:10246000054A5843135C43F010031354F5E70C205E
:10247000EBE70220E9E700BFE025002007289FBF27
:1024800028235843034B185C94BFC0F3C0000020BE
:10249000704700BFE0250020024B1B780370024804
:1024A000704700BF802E0020892E002038B51F4BBA
:1024B0001B78834204460ED81D4A1E491E4840F22E
:1024C000793306F0CBFE002383F31188BFF36F8FBF
:1024D0000323184602DF194B1D5D072D0ED9144A40
:1024E0001749154840F27B3306F0B8FE002383F30A
:1024F0001188BFF36F8F0323184602DF2823114A88
:102500006B43D35C13F001040DD1094A0E490A480C
:102510004FF45F7306F0A2FE84F31188BFF36F8F50
:102520000323184602DF284638BD00BF802E002056
:102530003347020011490200C13A0200812E0020F7
:102540002E490200E025002005490200072870B549
:1025500004461AD828230E4E4343F35C13F00105BA
:102560000DD10C4A0C490D4840F2873306F076FE37
:1025700085F31188BFF36F8F0323184602DF2823EA
:102580005C43305DC0F3401070BD0020FCE700BF2D
:10259000E02500203347020079470200C13A0200DB
:1025A000F0B51378FF2B25D1134D00236E1E28277D
:1025B00007FB03F4345D14F0010F16D0C4F380144C
:1025C000844212D1002415F804E011F804C0E64555
:1025D0000BD10134062CF6D1137028225343F05C42
:1025E000430707D5C0F30010F0BD0133082B05F1F8
:1025F0002805DDD10120F7E7E1250020024B1878FE
:10260000003818BF01207047092F00201FB5079B15
:10261000D3E9002090470128044611D00DF10F01A5
:102620000DF10E000CF0A7FC002300939DF80F2085
:10263000044B9DF80E000121F9F700F9024BDC6014
:1026400004B010BD4D260100382700201FB50DF144
:102650000F010DF10E000CF08EFC9DF80F209DF87F
:102660000E00002301320093D2B2034B0221F9F78E
:10267000E5F805B05DF804FB192701002DE9F043EA
:102680008DB006460F460DF12E000DF12F0190463C
:1026900099460CF070FC9DF82F509DF82E00009785
:1026A00000240135CDE90744CDE90589CDE903448E
:1026B000CDE901443346EAB201210CF0DCFB10F015
:1026C000FD0F0AD0064B9DF82F20DC609DF82E00F0
:1026D000044B00940121F9F7B1F80DB0BDE8F08387
:1026E000382700204D260100019B024A3121FFF7C7
:1026F000C5BF00BFF926010070B5059D0446F9F776
:10270000ABFC2B462046034ABDE870400621FFF78C
:10271000B5BF00BF0D260100014805F07DBA00BF1E
:102720002027002008B50122002102480FF0EAFC12
:10273000002008BD20270020024BA0F2A462C3E9BC
:10274000002070473827002008B50CF0C7FB014B6C
:10275000986008BD3827002008B5094BD3F8402100
:1027600032B10020C3F84001D3F84031F9F70AF83C
:102770000120F8F7A9FABDE808400220F8F7A4BA4A
:1027800000B0004038B570B11F4A2049204840F2DF
:10279000EB3306F063FD002383F31188BFF36F8FE3
:1027A0000323184602DF1B4B1B4C1B7822789A42EE
:1027B0000ED0154A194916484FF47C7306F04EFDA9
:1027C000002383F31188BFF36F8F0323184602DFC2
:1027D0002378134D01332370124C2B7822789A42C0
:1027E0000ED1094A10490A4840F2F63306F036FD88
:1027F000002383F31188BFF36F8F0323184602DF92
:102800002B78237038BD00BF34490200F84602001F
:10281000C13A02007C2F00207D2F00207349020066
:10282000812F0020802F00208E49020070B5184EA5
:10283000184D33782A789A4204460ED1164A174921
:10284000174840F2D73306F009FD002383F31188BF
:10285000BFF36F8F0323184602DF33782B70114EBE
:10286000114D8CB933782A789A420DD10A4A0F4912
:102870000B4840F2E23306F0F1FC84F31188BFF319
:102880006F8F0323184602DF33782B7070BD00BFB3
:102890007F2F00207E2F002034490200B54902001E
:1028A000C13A02007C2F00207D2F0020DA4902006F
:1028B00038B5184C184D23782A789A420ED1174A09
:1028C0001749184840F2834306F0C8FC002383F3FD
:1028D0001188BFF36F8F0323184602DF2B78237014
:1028E000114B059A9A60002211460120F8F79AF9D7
:1028F00070B10A4A0D490B4840F2894306F0AEFC1C
:10290000002383F31188BFF36F8F0323184602DF80
:1029100038BD00BF7C2F00207D2F002034490200ED
:10292000F5490200C13A0200C4050020573E0200EA
:102930002DE9F04FDFF840A1DFF840B19AF8003000
:1029400017464F4A12789A428BB00E4605D14D4B2E
:102950004D4A1B7812789A427BD0FB68D7F80090DA
:102960001B68D3E90121DC6891422CBFC4EB010450
:10297000C4EB020409EB040525F07F45DBF80010E9
:1029800028460CF0ADFA10F400005FD03F4A4049F1
:1029900013780978994232D13A4B3B491B78097830
:1029A00099422CD0137801334FF00008DBB213703A
:1029B0004146384BCDF8008042464046F8F73EFF8E
:1029C00010F0FD0F1BD0344A3449354840F27543AE
:1029D00006F044FC88F31188BFF36F8F0323184679
:1029E00002DF2D4A2D492E4840F2234306F036FCE3
:1029F00088F31188BFF36F8F0323184602DF5EB19F
:102A0000337F9A0708D443F002033377F168B36940
:102A1000CBF80050304698479AF80030CBF8005079
:102A20000133DBB28AF8003000221E4B0892079374
:102A3000FB6806931C4BCDE90222CDE90423CDE9C6
:102A400000424B46114610460CF015FA0BB0BDE89B
:102A5000F08FC368D0F800901B68D3E90121DC68CF
:102A600091422CBFC4EB0104C4EB020409EB040542
:102A700025F07F450746CFE7812F00205027002013
:102A8000802F00207C2F00207D2F00207F2F002012
:102A90007E2F00202D280100344902003240020020
:102AA000C13A020085270100B1280100F0B5664D4A
:102AB000AB6889B00746EBB12B68DBB1FF230DF1A2
:102AC0000A008DF80A300EF0C1F9044690B1C368CF
:102AD000BB4229D16B682968E06803AA984706467B
:102AE00000286AD1237FE16843F002032377204660
:102AF000A369984709B0F0BD0DF10A00F9F70CFC85
:102B0000F0B9224600212046FFF712FF30F0020301
:102B1000F0D04E4A4E4940F2B4434E4806F09EFB78
:102B2000002383F3118872E00DF10A00F9F7F4FB3A
:102B300006460028E5D0037F9807F5D1304602E02D
:102B4000037F9907D8D1C368BB42D5D1864224D12F
:102B5000237FE16843F0020323772046A369984767
:102B6000FF230DF10A008DF80A300EF06FF90446CC
:102B70000028BFD0C368BB42ACD0344A3649354880
:102B800040F2CE4306F06AFB002383F31188BFF3C3
:102B90006F8F0323184602DF9CE72C4A2F492D48EC
:102BA00040F2BE4306F05AFB002383F31188BFF3C3
:102BB0006F8F0323184602DFCAE7AB68296800203D
:102BC000984716F10B0F36D1FF268DF80B600DF1EB
:102BD0000B00F9F7A1FB0446F8B92B680793012312
:102BE00028600093CDE904000690039BD5E901011C
:102BF00004AAF9F755FB00287FF47CAF134A184963
:102C0000144840F2FB4306F029FB84F31188BFF31C
:102C10006F8F0323184602DF6CE7237F9A07D6D411
:102C2000E26829689142D2D143F00203237720461B
:102C3000A3699847C9E78C363FF45CAF034A09495A
:102C400040F2FD4369E700BF5427002034490200E9
:102C500032400200C13A0200284A0200104A020033
:102C60004C4A0200514A020010B515480FF0A4F872
:102C700010B3144B00249C6000F046FA00281ADBC5
:102C8000224621460120F1F72DFA224601210B2090
:102C9000F1F728FA224621461820F1F723FA0120FD
:102CA000F1F7F0F90B20F1F7EDF91820F1F7EAF957
:102CB0000EF090FB204610BD6FF01200FBE700BF46
:102CC000742802005427002010B403460348826889
:102CD00014688AB21946234610BC184774280200AB
:102CE00030B40446064883685D688AB225B121463F
:102CF000AC46002330BC60476FF0850030BC7047A5
:102D00007428020037B51B4B044668B99D680DB1A5
:102D1000196879B9FF258DF807500DF10700F9F70B
:102D2000FBFAC8B903B030BD1A688242F2D19D687F
:102D30001DB101460020A847ECE70F4A0F49104893
:102D400040F28B1306F08AFA85F31188BFF36F8F78
:102D50000323184602DFDDE7037F9B07DDD4C1684C
:102D60000CB18C42D9D1037F43F00203037783690E
:102D70009847D0E754270020344902005D4A0200FA
:102D8000C13A020038B50446F9F7B8FA0546002CF6
:102D90002DD11F4DAC686CB91E4A1F491F484FF416
:102DA000E57306F05BFA84F31188BFF36F8F03239A
:102DB000184602DF2C680023AB602B6034BB002078
:102DC000F9F7C6FA2046F9F759FB044668B9114AE3
:102DD000134912484FF4FE7306F040FA84F3118849
:102DE000BFF36F8F0323184602DF002038BD68B998
:102DF000084A0C49094840F2C51306F02FFA85F33A
:102E00001188BFF36F8F0323184602DF2468D6E7CB
:102E10005427002034490200734A0200C13A0200DC
:102E2000874A0200644A0200262810B504460BD0E7
:102E300027280BD025280BD1022001F03BFA204691
:102E4000BDE8104001F03CBA1A20F6E75020F4E744
:102E50000A2802D802304000EFE7272801D80330C3
:102E6000F9E7084A0849094840F26E2306F0F6F9E6
:102E7000002383F31188BFF36F8F0323184602DF0B
:102E8000DDE700BF344902002B4D0200C13A0200C9
:102E900008B50146114801F097F901F0B1FA08B9F7
:102EA00001F076FA01F0ACFC0EF0B6FA00F06EF923
:102EB00000280EDA0A4A0B490B4840F2EA2306F0D2
:102EC000CDF9002383F31188BFF36F8F03231846D6
:102ED00002DFBDE808400020FFF754BF610E02008A
:102EE000344902008E4A0200C13A020008B5014688
:102EF0000F4801F069F901F083FA08B901F048FAC6
:102F000000F044F900280EDA0A4A0B490B4840F257
:102F1000F92306F0A3F9002383F31188BFF36F8F21
:102F20000323184602DFBDE808400020FFF72ABF50
:102F3000610E0200344902008E4A0200C13A0200CA
:102F40002DE9F04F87B083461E460DF11700FF2391
:102F50009DF8409002928A468DF817300DF076FF6A
:102F60000446B8B1D0F8008000250DF117000DF02F
:102F70006DFF074600284DD003680393414618466D
:102F80000BF0AEFF039B00F4000000281CBF984626
:102F90003D46EAE7414B9B68002B54D00025324662
:102FA000029BCDF8009051465846F9F779F906464C
:102FB00068B93B4A3B493C4840F2373306F04EF98A
:102FC00086F31188BFF36F8F0323184602DFB9F130
:102FD000000F1CD1002D5FD1002C14BF25463546B3
:102FE000324621462846FFF7A3FC30F002030ED0FC
:102FF0002B4A2E492C4840F2493306F02FF9002382
:1030000083F31188BFF36F8F0323184602DF6FF03D
:1030100076043DE0214B9B68002BC0D1002DBED132
:10302000B9F1000FBAD1B4420DD01D4A20491E4853
:1030300040F26E3306F012F989F31188BFF36F8FF7
:103040000323184602DFF268144B3046C3E9002B15
:10305000C3F808A0029B984704460DF117000DF035
:10306000F5FE0246A0B10021FFF762FC30F002033A
:103070000ED00B4A0D490C4840F28E3306F0EEF8A4
:10308000002383F31188BFF36F8F0323184602DFF9
:10309000204607B0BDE8F08F2C46A1E7542700205A
:1030A000344902006E4A0200C13A02003240020076
:1030B000974A020070B506468AB00D4601220021EB
:1030C00004A80FF01FF80F4B019300240323694657
:1030D00030460394029306F0A9F9002810DB4FF460
:1030E0000046214640F2E7304FF47A720023E5FBB8
:1030F0000601EDF745F802460B4604A804F0B0FDC2
:103100000AB070BD450F020008B5012002F0AAF90F
:10311000044900234B60CB6001238B60BDE808406D
:1031200006F084B96427002010B50C4B1A780AB158
:10313000002010BD0120187002F094F94FF4FA71CC
:103140000446FFF7B7FF0028F3D1204606F0C5F983
:103150000228EDD06FF00400EBE700BF822F0020C3
:1031600008B5094BBFF35B8F53E8002F511C43E8B0
:1031700000100028F8D1BFF35B8F002A01DC02F0B9
:1031800079F9002008BD00BF6027002008B50C4B6E
:103190001A68002A10DDBFF35B8F53E8002F511E21
:1031A00043E800100028F8D1BFF35B8F012A01DC4F
:1031B00002F076F9002008BD6FF07700FBE700BF52
:1031C00060270020014B33F810007047DC35020007
:1031D00037B505460DF090FE962001F087FA0023E2
:1031E00018461A46194601F0E5F90120F9F714F8D6
:1031F000044668B9254A2649264840F29B4306F012
:103200002DF884F31188BFF36F8F0323184602DF74
:1032100004F11C0001F0AAF801F0DEF870B11B4ABD
:103220001D491C4840F29F4306F018F8002383F321
:103230001188BFF36F8F0323184602DF1748294612
:1032400000F0C2FFFFF7DAF948B10DF10700FFF710
:1032500023F9002201469DF8070001F051FB01F01F
:1032600021FB0021044608460EF0E0F80021054647
:1032700008460EF0D7F82C44CB34201A01F0CCFAD3
:1032800003B0BDE8304001F0FFBA00BFC84A0200F9
:103290000B4B0200C13A0200134B0200C136010081
:1032A000814208B51AD00B7ADB0724D5134B136083
:1032B000FFF756FF00280EDA114A1249124840F271
:1032C000544305F0CBFF002383F31188BFF36F8FC6
:1032D0000323184602DF6FF00A0008BD0B7B01EBE9
:1032E00083010B691B7803F00F03012B14BF6FF0F0
:1032F0008B000020F1E76FF08B00EEE73310020047
:10330000C84A02008E4A0200C13A020010B50446C3
:103310000DF002FE01F0A0F92046FFF7B9FD0C4BBD
:103320000021012208469C60F7F77CFC70B1094A35
:1033300009490A4840F2AA5305F090FF002383F39D
:103340001188BFF36F8F0323184602DF10BD00BF43
:10335000D4050020C84A0200573E0200C13A0200CC
:1033600010B50C4630B90F4800F02EFFBDE81040F4
:1033700001F00EB8FFF70AFF00280EDA0A4A0B49DF
:103380000B4840F27A4305F069FF002383F311886C
:10339000BFF36F8F0323184602DF2046BDE81040BD
:1033A000FFF7F0BC610F0200C84A02008E4A02001B
:1033B000C13A0200084B042210B5981828210BF0DE
:1033C000DEF9064B00249C810222214604480EF0BF
:1033D00099FE204610BD00BFA4270020942700209E
:1033E0007C27002010B5044605480BF0EFF9034692
:1033F00018B100205870636010BD6FF00B00FBE740
:10340000A427002038B52A4C237B627B9A4211D036
:1034100054F8235075B1274804F048FC237B627BA5
:103420009A4205D00133DBB2032B08BF002323737C
:10343000284638BD20480BF0C9F905460028F7D1C9
:103440001C484FF42032002304F00AFC68B11B4AE8
:103450001B491C4840F2B91305F000FF85F31188A1
:10346000BFF36F8F0323184602DF124804F01EFCDF
:10347000237B627B9A420FD1104A134911484FF4C3
:10348000DF7305F0EBFE002383F31188BFF36F8F2A
:103490000323184602DFCBE754F823200133DBB2C5
:1034A000032B08BF00232373002AE5D01546BFE78E
:1034B000942700207C270020A4270020C84A02006F
:1034C000BA3D0200C13A02005F3E0200F8B503783F
:1034D00042789A4205460E46DCB21DD0104A00EBF7
:1034E0008407507B92F80CC07968431CDBB2032B35
:1034F00008BF00239C4506D042F8201053730948AA
:1035000004F08AFB00210134E4B2022C08BF00243D
:10351000012379602C70337005EB84056868F8BD71
:10352000942700207C27002073B5057AC5F3021587
:103530000446002D95FAA5F0B0FA80F008BF4FF0D0
:10354000FF3000F101060DD1374A3849384840F2C2
:10355000B55305F083FE85F31188BFF36F8F032306
:10356000184602DF237AC3F302114A1E0A4062F3AF
:103570000613237206F12400FFF756FC00230DF119
:10358000070104F10C008DF80730FFF79FFF054697
:1035900068B9254A2749264840F2BE5305F05EFE29
:1035A00085F31188BFF36F8F0323184602DF284687
:1035B00000F0E2FE2B7803F00F03022B2AD00DF16E
:1035C000070104F11800FFF781FF064668B9164AA3
:1035D000194917484FF4B96305F040FE86F3118886
:1035E000BFF36F8F0323184602DF9DF8073023B126
:1035F0000622A91CB01C07F0E1FD21460F4800F08F
:10360000E3FD962001F072F8002002B0BDE87040A2
:1036100000F0BCBF0A48214600F0D6FD02B0BDE86C
:1036200070400DF008BF00BFC84A0200254B0200E1
:10363000C13A02002F4B02002A4B0200D131010097
:10364000E30F020013B50446FFF78AFD00280EDAE7
:10365000144A1549154840F2AF2305F0FFFD002339
:1036600083F31188BFF36F8F0323184602DF104ADC
:1036700010491148009400230BF0E4FC80B177302E
:103680000ED0084A0D49094840F2B22305F0E6FD84
:10369000002383F31188BFF36F8F0323184602DFE3
:1036A00002B010BDC84A02008E4A0200C13A0200B0
:1036B0006919000061330100A1320100C93E020016
:1036C0002DE9F04F89B0044600F090FEC0B200280A
:1036D0007BD000F0ABFE054600F0D2FF804600F044
:1036E000D9FF01F055F9074601F03CF9EDB2064665
:1036F00000F08CFF0DF010FC002D68D017F0FF07D4
:103700006ED0F0B2FEF7D2FE8DF81F000120F8F760
:1037100083FD054668B9644A644965484FF4BF6350
:1037200005F09CFD85F31188BFF36F8F03231846C6
:1037300002DF237B95F81CB004EB83030BF00F0B27
:103740001E69B24605F11C011AF8029B09F00F032D
:10375000012B0CBF08360026BBF1030FC9F3801202
:103760005FFA88F84FEAD9193CD16B7F0C2B2ED128
:103770006EBB0DF11F03CDE9008320465346CDE912
:1037800004120DF06AFCDDE9041258B349482146E1
:1037900000F01AFD0DF04FFE237E04EB8303D86981
:1037A00000F0EAFD00F018FE60B13F4A424940488F
:1037B00040F2116305F052FD86F31188BFF36F8F5D
:1037C000584602DF09B0BDE8F08F0DF0A5FB39487F
:1037D000214600F0F9FC09B0BDE8F04F00F0D8BD7B
:1037E000FF2091E72B7F03F00F03052BEFD16B7FB9
:1037F000222BECD16368002BE9D093F8205015F010
:103800000205E4D10DF11F03CDE90283CDE9009655
:10381000534620460DF04DFC0028D8D00420F8F780
:10382000FBFC0028D3D02548214600F0CDFC00F059
:10383000AFFD00F0D1FD68B11B4A1F491C484FF491
:10384000CB6305F00BFD85F31188BFF36F8F032366
:10385000184602DF626892F8203043F0010382F8D4
:103860002030F8F7F3FC172303714FF6FF73C38082
:103870008460054600F0BEFF286101F00DF80021CC
:10388000044608460DF0D2FD241A6C6157B19DF82C
:103890001F306B76F8F7DAFC2946E86028680BF0F1
:1038A0006FFB8FE7FF23F4E7C84A02000B4B0200CF
:1038B000C13A0200E30F0200134B02000D33010076
:1038C000F8B505460DF028FBF8F7CAFD044668B9BF
:1038D0001F4A2049204840F2493305F0BFFC84F3D9
:1038E0001188BFF36F8F0323184602DF1B49A279AB
:1038F0000978012361F300022370194BA271194A60
:103900001B881278A3802272DBB195F91D30002B41
:1039100017DA95F85B3003F00703022B16D0042B5F
:103920000CBF4FF4BC77282700F0A2FF064600F03A
:10393000A5FF361AE6602B6BC4E9043700232B631E
:10394000AB632846BDE8F840FFF7A2BA1827EBE7BB
:10395000684B0200F2430200C13A0200842F0020AB
:103960001A2D0020832F0020044A00231380044ACC
:103970001370044A1370044A137070471A2D002004
:10398000842F0020852F0020832F002038B50D467E
:10399000044630B91E4800F017FCBDE8384000F07E
:1039A000F7BCFFF7F3FB00280DDA1A4A1A491B4847
:1039B000AC2305F053FC002383F31188BFF36F8F12
:1039C0000323184602DFE2682389518A01330B443E
:1039D0005382F8F745FD044660B90E4A10490F4876
:1039E000B42305F03BFC84F31188BFF36F8F0323EE
:1039F000184602DFA27901232370002363F300023B
:103A0000A380A27123722846BDE83840FFF7BAB9F7
:103A1000C1380100684B02008E4A0200C13A020020
:103A2000F2430200F8B505460120F8F7F5FB06461B
:103A300068B91B4A1B491C4840F2852305F00EFC5F
:103A400086F31188BFF36F8F0323184602DF95F8C2
:103A50005B70B5F84E4007F007070021384600F0CC
:103A600015FC95F87230BA001B07E1B242F0010272
:103A700010D50431C9B2082000F04EFC00F0E8FC7B
:103A80003946024605F173000DF0D7FCBDE8F84059
:103A900000F06CBC082000F03FFC06F11C00F5E7CC
:103AA000684B02000B4B0200C13A020038B50446D5
:103AB0000DF022FA962000F019FE94F85A2094F89E
:103AC0005B00C2F3C003002102F0070200F0070010
:103AD00000F070FD2046FFF7A5FF00F07DFC70B1FF
:103AE0001D4A1E491E4840F2392305F0B7FB00234A
:103AF00083F31188BFF36F8F0323184602DF00F0B2
:103B0000D1FE054694F85B00012100F007000DF09E
:103B10008DFC94F85B3003F007030544022B05F19C
:103B2000A30516D0042B0CBF4FF4BC73282394F8C4
:103B30005A00C0F3C00100F007001D440DF072FCF4
:103B4000281A00F069FE21460648BDE8384000F01A
:103B50003BBB1823EBE700BF684B0200134B02008E
:103B6000C13A0200693B01002DE9F341044600F02F
:103B70003DFCC0B2002852D000F058FCC6B200F0A4
:103B800045FD0DF0C0F9B24A1388012001331380BE
:103B9000F8F742FB054660B9AE4AAF49AF48FF238C
:103BA00005F05CFB85F31188BFF36F8F0323184684
:103BB00002DF002E00F0768194F87230190705F1CB
:103BC0001C0806D500F044FC03220146404607F0DD
:103BD000F5FA94F87230297F03F00102C1F38001F5
:103BE00091421AD082F0010262F3000384F872302D
:103BF00094F91D30002BBEBF94F8203043F004032D
:103C000084F8203094F872305A0713D4D4E917019D
:103C100001AA0AF041FE064698B900273AE00DF0E5
:103C200072F98F48214600F0CFFA02B0BDE8F041AA
:103C300000F0AEBB6FF3820384F8723000F000FC3A
:103C4000EBE794F87130019A1A44507950B194F826
:103C50007220D70606D5D4E92921013241F10001AD
:103C6000C4E9292194F870200344DBB2934202D2C4
:103C700084F87130D1E74AD10022206EA4F8702078
:103C800004F15C010AF010FE019B1B683360019B8C
:103C90001E60019F2A7F94F87230C2F3C002C3F302
:103CA00040039A4240F0FC800320F8F7B5FA002860
:103CB00000F0F68094F8723083F0020384F87230DA
:103CC0006B7F002B00F0EC8094F8723018072ED434
:103CD0000126644B00221A70634B012201A9204681
:103CE0001A700DF07CFA2B7FD90640F1ED809620FA
:103CF00000F0FCFC94F85B0000F0070000F046FCCC
:103D00005A48214600F060FA00F0BEFDEBE0514A4F
:103D10005749524840F2D53305F0A0FA002383F307
:103D20001188BFF36F8F0323184602DF75E700F099
:103D3000BFFD064668B9474A4E4948484FF47C7370
:103D400005F08CFA86F31188BFF36F8F03231846B2
:103D500002DF00F0CBFD484E00BBD4F88330D4F82E
:103D60008720134328D12B7F03F00303032B23D198
:103D700000F06AFB4278272A01461DD80332D2B2EE
:103D8000404607F01BFAD4F88330D4F88720013B73
:103D900042F1FF32C4F88330C4F88720D4F883306E
:103DA000D4F88720013342F10002C4F883300123A4
:103DB000C4F8872033708BE70223294833702146EB
:103DC00000F002FA00F0E4FA00F006FB002857D1F8
:103DD00000F04EFD18B900F03FFD00F043FD002F4C
:103DE00000F0B2800026A2894FF6FF739A420ED1EE
:103DF000184A224919484FF4CF7305F02FFA0023CF
:103E000083F31188BFF36F8F0323184602DFA08965
:103E10003946FAF7A3FFAEB194F872301B0707D505
:103E200000F016FB6A7FC11C05F11F0007F0C6F900
:103E3000F8F70CFA03232B71A3892868EB80294635
:103E4000F8F716FA02B0BDE8F041F8F721BA00BF62
:103E50001A2D0020684B02000B4B0200C13A0200F1
:103E6000C1380100852F0020842F0020AD3A0100C9
:103E70002B4D0200893E0200832F0020AC4B020034
:103E8000344A354935484FF4887305F0E7F9002383
:103E900083F31188BFF36F8F0323184602DF97E780
:103EA000002616E72E4B1A780AB902221A701E78DD
:103EB000013EF6B201A920461E700DF090F9002EC9
:103EC00045D00026374612E7019B1A78D2063FF507
:103ED0000EAF5B78002B7FF40AAF2248214600F03A
:103EE00073F90DF0A8FA019994F872200B7862F337
:103EF000C3030B7094F872300A78C3F3400363F382
:103F000082020A7020460DF041F900F065FA70B1A6
:103F1000104A1149114840F28F1305F09FF9002310
:103F200083F31188BFF36F8F0323184602DF00F07D
:103F30009FFC18B900F090FC00F094FC002F7FF477
:103F400052AF002E7FF468AF02B0BDE8F081374673
:103F5000C3E700BF684B0200134B0200C13A0200E6
:103F6000852F0020C138010013B50446FFF7F8F88B
:103F700000280DDA194A1A491A484C2305F06EF93F
:103F8000002383F31188BFF36F8F0323184602DFEA
:103F9000E2682189536A144801FB0333D16A0B4458
:103FA000916A8B4294BFD362D162104A1049009447
:103FB00000230BF047F878B177300DD0074A0D4950
:103FC00008485D2305F04AF9002383F31188BFF305
:103FD0006F8F0323184602DF02B010BDC24B0200F0
:103FE0008E4A0200C13A0200AB0E0200D91A00004C
:103FF0008D390100C93E0200054B0022C3F8082597
:104000004FF48032C3F84423C3F80423704700BF41
:1040100000B00040044A1378591C1170012013B9F4
:10402000024A106018467047862F002000B00040FA
:1040300038B50D4C257865B90C4A0D490D482C232F
:1040400005F00CF985F31188BFF36F8F0323184631
:1040500002DF2378013BDBB22370012013B9064A4B
:104060005060184638BD00BF862F0020174C020054
:104070005C4C0200C13A020000B00040014BD3F892
:104080000405704700B00040024B00F5A87043F8EB
:104090002010704700B000404FF08053D3F830211B
:1040A000511C09BF4FF07043D3F8343193F8E02F1F
:1040B000D3F8E83F08BFC3F30313062A05D1033B37
:1040C000042B02D8024AD05C70470020704700BF22
:1040D000664C0200124B10B500220224C3F80025E2
:1040E000C3F800450F4CC3F80445C3F80805C3F8EE
:1040F0000C150D480D49C3F81005C3F8141501211E
:10410000C3F80012C3F80021D3F80041C3F804211A
:10411000D3F80441C3F80821D3F80821196010BD71
:1041200000F0004000000101602A00204C2800201F
:10413000174B10B50024C3F800450224A1421549CD
:10414000C3F800454FF00074C1F8044514BF12498C
:104150001249C3F80415C3F808051148C3F80C0543
:10416000C3F810250F4AC3F814250022C3F8002213
:10417000C3F80021D3F80011C3F80421D3F80411C7
:10418000C3F80821D3F8082101221A6010BD00BF2E
:1041900000F0004000F001400100000101000101B9
:1041A000602A00204C280020044BD3F8103123B1A2
:1041B000034B044A1B681068184770470010004002
:1041C0006C2B0020682B002038B5044601200D46DA
:1041D000EFF766FF084B1D60084B1C60084B102270
:1041E000C3F80423074B0222C3F88021BDE83840FE
:1041F0000120EFF747BF00BF682B00206C2B002089
:104200000010004000E100E008B50120EFF748FF92
:104210001B4B0022C3F818254FF08053D3F83021F0
:10422000511C09BF4FF07043D3F8343193F8E02F9D
:10423000D3F8E83F08BFC3F30313062A05D1033BB5
:10424000042B02D80F4AD35C2BB9FFF725FF10B916
:10425000FFF722FF50B10A4AD2F8743723F0807377
:1042600023F0010343F08073C2F87437064B4FF418
:104270009052C3F800284FF41052C3F8042808BD28
:10428000001000406B4C020000F00140054B02287A
:104290000CBF04220322C3F8102540F20122C3F808
:1042A0005026704700100040014BC3F80C057047C2
:1042B00000100040014BC3F8080570470010004093
:1042C000084B00F07F00C3F85405D3F8182522F0FE
:1042D0000072C3F81825D3F8182542F00072C3F80D
:1042E00018257047001000400A4A0023C2F82C35F8
:1042F0000123C2F83035C378C2F824354378817879
:104300001B0443EA0163017843EA0123C2F81C3528
:10431000704700BF00100040C2F38203A3F1020CFB
:10432000DCF1000302F0030243EB0C03013A1B062D
:10433000022A98BF43F4801300F00F001843094B82
:10434000094A40F48070C3F81405D3F818050240F8
:10435000C3F81825D3F81825114341F44031C3F8A8
:1043600018157047001000400000F8FE014BC3F81C
:104370000405704700100040014BC3F80405704766
:1043800000100040014B01221A60704700100040ED
:10439000074A4FF41063C2F8083501235360D36015
:1043A000A2F5F0320021C2F800121361704700BF7D
:1043B00000F00140074B0022C3F80021D3F80011A0
:1043C000C3F80C21D3F80C11C3F81021D3F8103125
:1043D000704700BF00100040034BD3F800010038C5
:1043E00018BF0120704700BF00100040034BD3F8F6
:1043F0000C01003818BF0120704700BF00100040BA
:10440000034BD3F85005B0FA80F04009704700BF65
:1044100000100040044B40F20312C3F83425C3F8E7
:104420003805C3F83C15704700100040034BD3F823
:104430000004003818BF0120704700BF0010004082
:1044400000487047642B002000487047602A002015
:10445000004870475C290020F0B5474C474E25784E
:10446000474F9DF814C0C6F86875EB0003F1804310
:1044700007F50047964603F5F83305F10C0234378B
:104480000129C6F86C3507EB85074FEA8506D1B2DE
:1044900049D101282FD14AF25A0249F64043BCF1D2
:1044A000020F18BF134603F2F5134FF47A72B3FBF1
:1044B000F2F3C90001F1804101F5F831314AC1F848
:1044C0001075C1F8142506F1804202F51042D2F8A9
:1044D000401599428ABFD2F840150123CB1AC2F881
:1044E0004035264B4FF41062C3F804256B1C03F0D3
:1044F00001032370F0BD4AF25A0349F64040BCF173
:10450000020F18BF184642F2B84241F24A53BEF1B8
:10451000020F18BF134600F5FA7018444FF47A736F
:10452000B0FBF3F3C5E7DFF860C050B1C90001F19B
:10453000804101F5F8312D23C1F81075C1F814C57B
:10454000C1E741F24A5242F2B843BEF1020F0CBF3A
:104550001046184600F521424FF47A735332B2FBED
:10456000F3F2131DCA0002F1804202F5F832C2F8DC
:104570001075C2F814C5A6E7872F002000F001408F
:104580000C11004000100040041000401FB5084B03
:104590000322C3F8002200230090CDE901331A461C
:1045A00019460120FFF758FF05B05DF804FB00BF76
:1045B0000010004030B50446074885B00325C0F818
:1045C00000520020CDE9013000920B462246012125
:1045D000FFF742FF05B030BD00100040054B03223D
:1045E000C3F8002203F5F0334FF41062C3F8082536
:1045F000704700BF00100040034B0022C3F81C218D
:10460000D3F81C31704700BF00100040034BD3F8B3
:104610001C01003818BF0120704700BF0010004087
:10462000F0B50024062707FB04F3D518D658A300DD
:1046300003F1804303F580530134C3F80066AD886D
:10464000C3F82056082CEED1024B40EA0120C3F8F3
:104650004006F0BD00100040034AD2F8403623F077
:10466000FF03C2F84036704700100040034B0022A1
:10467000C3F81421D3F81431704700BF0010004074
:10468000034BD3F81401003818BF0120704700BF56
:1046900000100040014BD3F8100470470010004098
:1046A000044BC3F86005D3F8002242F04002C3F87F
:1046B0000022704700100040034B0022C3F828215D
:1046C000D3F82831704700BF00100040054B4FF46D
:1046D0008022C3F8482303F5A033034AC3F8082512
:1046E000704700BF00B00040C001700E034B044A89
:1046F0001B7803F5A87342F823007047872F00202A
:104700000090004030B5A2F5742305463248A3F569
:104710001073834288BF02F1E872304B304884BF87
:1047200002F5D43202F5A5724FF00104B2FBF0F0AD
:104730004FF00002DC60C3F804254FF00402C3F818
:1047400010254FF00202C3F80825264AC3F8400599
:1047500088BF01F1FF31C2F848154FF48021C2F83B
:10476000441302F5A0322049C2F84015C2F844357E
:104770004023C2F804355DB34FF48013C2F804350A
:104780001A4B00220421DC60C3F80425C3F810157D
:10479000C3F808251C60164A03F5B033C3F850254A
:1047A00002F5FE42C3F8542502F59A72C3F8582563
:1047B00002F5AF32C432C3F85C25A2F5AF32C03A7D
:1047C000C3F8602502F5AF32C832C3F8642530BDA6
:1047D0004FF40013D2E700BFBFBDF07F0080004060
:1047E00040420F0000B0004048B10040009000403F
:1047F0000C110040014BD3F84805704700B0004051
:10480000044A01235360136102F58052536013611F
:10481000704700BF00800040044BC3F8440503F517
:10482000B8334FF08862C3F8042570470080004019
:10483000064B074AC3F8482502F5DE424032C3F86A
:104840004C25044AC3F80425704700BF00F001401E
:104850000011004080000004014BD3F8440570476C
:1048600000800040014B1860704700BF58290020AD
:10487000014B1868704700BF58290020014BD3F83E
:104880004005704700800040024B4FF00062C3F8C3
:104890000425704700F00140014BD3F848057047EC
:1048A00000800040014BD3F848057047008000406D
:1048B00010B50C4C0223C4F80433D4F804316BB1A6
:1048C0000223C4F80833084B4FF40042C3F8802198
:1048D000D4F80801B0FA80F0400910BD0CF071FD69
:1048E000EBE700BF00F0004000E100E0034BD3F82D
:1048F0000004003818BF0120704700BF00F00040DE
:1049000010B5154BD3F8042503F56043013A032491
:10491000C3F80045C3F80405C3F80815C3F810250B
:104920000E4AC3F814250022C3F80021D3F8001161
:10493000C3F80421D3F80411C3F808214020D3F8A8
:104940000831FFF7ADFEFFF7B7FE054B4FF400024D
:10495000C3F8042510BD00BF001000404828002007
:1049600000F00140014BD3F80004704700F0004014
:1049700008B5FFF7A1FE054B0022C3F8002503F59B
:1049800080334FF40002C3F8082508BD00F0004052
:1049900010B5114BD3F828310BB9002010BD0F4CC6
:1049A0000123C4F80433D4F800318BB10123C4F8D7
:1049B00008330B4B4FF40042C3F88021D4F8043184
:1049C000002BEAD0D4F80801B0FA80F04009E5E7FE
:1049D0000CF0F7FCE7E700BF0010004000F00040DB
:1049E00000E100E00139012908B509D80B201AB10E
:1049F000BDE80840EFF746BBBDE80840EFF750BB05
:104A0000074A084908482D2304F028FC002383F3B3
:104A10001188BFF36F8F0323184602DF08BD00BF64
:104A2000704C02002B4D0200C13A020008B591B152
:104A30000139012914D90B4A0B490C48412304F0D0
:104A40000DFC002383F31188BFF36F8F0322104600
:104A500002DF184608BD1820BDE80840EFF734BB58
:104A60000B20F9E7704C02002B4D0200C13A020006
:104A7000012908B508D0022906D049B90C4B4FF0DE
:104A80008072C3F8002108BD094B4FF40062F8E7BB
:104A9000084A094909487B2304F0E0FB002383F31B
:104AA0001188BFF36F8F0323184602DFEBE700BFC7
:104AB00000E100E0704C02002B4D0200C13A020000
:104AC000032810B504460DD90F4A10491048292370
:104AD00004F0C4FB002383F31188BFF36F8F03231B
:104AE000184602DF0B4B1C5D64B9074A0A490848A7
:104AF0002C2304F0B3FB84F31188BFF36F8F0323DF
:104B0000184602DF204610BDB74C0200FE4C0200E2
:104B1000C13A02002D4D02001E4D0200013810B5B1
:104B20001C46042847D8DFE800F0031C252E3D0072
:104B3000042907D1214B02219C600020BDE81040D0
:104B4000F6F770B84C231E4A1E491F4804F086FB36
:104B5000002383F31188BFF36F8F0323184602DF0E
:104B600010BD032904D1194B01219C600846E5E7DB
:104B70006323E8E7042904D1154B02219C6001203E
:104B8000DCE77A23DFE7032903D0042906D0A0233A
:104B9000D9E7104B01219C600220CFE70E4B022188
:104BA0009C60E3E7042904D10C4B02219C600320A4
:104BB000C4E7B823C7E7BE23C5E700BF340600201B
:104BC000B74C02002B4D0200C13A0200240600201F
:104BD0001406002004060020F4050020E40500204F
:104BE000104B30B5012200245A60C3F80405C3F805
:104BF0000041C3F804411A60D3F8001131B9D3F869
:104C0000041119B9D3F804150029F5D15A60D3F865
:104C100004110029E8D1D3F80455002DE4D0C3F8DD
:104C2000041530BD00E0004070B54169867A0B4D37
:104C3000044659B1437ADB0706D42C2303FB065301
:104C40005B6A1B689B689847002363612C202146A0
:104C500006FB0050BDE870400DF046BAA8070020E2
:104C6000024B2C2202FB0030704700BFA807002037
:104C7000827A064B2C2101FB02339A6A1B7F1B337D
:104C8000801A23F00303B0FBF3F07047A80700205D
:104C900038B5074B827A2C2404FB02335B6AD3E9D4
:104CA00001240C601568FFF7E3FF04FB005038BDDA
:104CB000A80700202DE9F04F85B00546684603910E
:104CC00090461C4691469B460DF0ABFCDDE9006723
:104CD000EFF3118A202383F31288BFF36F8F6B8B5E
:104CE000002B42D02A8B9A4226D900220023284644
:104CF00002F060FF0446F8B18AF31188BFF36F8FAA
:104D0000039B002B4ED032463B4668460DF0ADFC6F
:104D1000A27A2A4B2C2101FB023320465B6A1B68D6
:104D200003A91D68DDE90023A847606100283AD186
:104D30002046FFF779FF2AE0698B4B1E6B838AF3CD
:104D40001188BFF36F8F2B7F2A8BAC6A1B3323F044
:104D50000303521A02FB0344184B194AEB1A9B1027
:104D60005343A3722B7FE372CAE78AF31188BFF320
:104D70006F8F54EA08040FD14FF00009CB464A4622
:104D80005B46284602F016FF04460028B8D10024EE
:104D9000204605B0BDE8F08F03F0D8FC094B8342F4
:104DA000EDD1E9E763610023012263602281238260
:104DB000039A63696282E360EAE700BFA807002004
:104DC000A38B2EBA1812002070B50C4C2C2500B9FC
:104DD00070BD037A4668013BDBB20372002BF7D14A
:104DE000C3604360837A05FB03431B6A13B1984792
:104DF0003046ECE7FFF718FFFAE700BFA8070020EE
:104E000013280ED8084A12F8103053B102EB4002B2
:104E1000527832B108684343002093FBF2F30B60F1
:104E200070476FF015007047314D0200054B0122AD
:104E3000C3F8002590F8861009B1DA6070471A604F
:104E40005A607047007000402DE9F0410D7905F07F
:104E50001F03072B21D80C780B2C1ED8DFE804F099
:104E6000070707071D061D1D20221D2404244A785C
:104E7000032A1BD0042A10D10022488844F20A06D3
:104E8000B04256D014D844F20306B0424DD044F29A
:104E90000506B0424BD000284BD06FF0150042E021
:104EA0000524E4E70624E2E70724E0E70122E4E73B
:104EB00044F21406B0423ED044F22806B0423CD040
:104EC00044F20F06B042E8D103201D4F8E7997F8C7
:104ED000A8C04FF0010808FA03FE15F020055FFA9C
:104EE0008EFE14BF2CEA0E0C4CEA0E0C87F8A8C0FC
:104EF0001F44497987F8A0104FEA02324FEA0311A4
:104F000042EA042201F1804101F5E04142EA004217
:104F100018BF454642EA05520020C1F81825C1F8DD
:104F20001465C1F81005BDE8F0810020CDE701202F
:104F3000CBE70220C9E70420C7E70520C5E700BF8B
:104F400038020020F7B50D464FF0FF335B484FF0B5
:104F5000FF3202F085FE6E68731EFE2B44D80023DC
:104F60005748584F1A4626FA03F111F0010126D08E
:104F700017F803C0BCF1000F36D000EB031E6C7CA9
:104F8000DEF81815003C18BF012421F0807141EAB9
:104F90000461CEF8181503F151010901013240F8FE
:104FA00001C0D2B20133082BDDD12B7C083B062B8C
:104FB0001AD8DFE803F0111925192119230000EB95
:104FC000031CDCF8184524F08074CCF8184503F174
:104FD000510424010151E5E700233949012AC1F8B0
:104FE000F0356B7C0ED97BB16FF01504334802F0BD
:104FF00013FE204603B0F0BD0223EEE70323ECE7E7
:105000000123EAE7082BEFD8C1F8F43529685300EB
:1050100011B1898901FB0333E96899424AD3284BCE
:10502000A968C3F82C162F46C3F830260FCF264C9C
:1050300004F174060FC63B683360002626672B68B0
:1050400027469BB30FCB04F1880585E80F00656701
:10505000A4F8986050B3BFF35B8F57E8003F47E870
:105060000062002AF9D1BFF35B8F1849D4F8885049
:10507000174A4FF400400F463146E5FB007100230C
:105080003846EBF77DF80022CDE90001002304F15A
:10509000080003F0C3FD0F484FF0FF324FF0FF331D
:1050A00002F0DEFD00B12067246F9FE70648FFF79E
:1050B000BDFEF0E76FF00B0498E700BF7802002018
:1050C00000700040D8020020380200203F420F004C
:1050D00040420F009002002010B50E4B0024C3F890
:1050E0000441D3F80421C3F81041D3F8102112224F
:1050F000C3F804230720EEF7C5FF2246012107204D
:10510000EEF7F0FF0448836C13B9403002F084FDE1
:10511000002010BD0070004038020020F8B53C4B64
:10512000D3F80421002A66D00021C3F80411D3F873
:105130000421384C01229A60C3F80015A66F94F838
:10514000A8703742254606D1636FC3B93248BDE81F
:10515000F84002F061BDD3F82C16F6B213461E4299
:1051600008D01F4205D0B1F90020002ABCBF0022A0
:105170000A8002315B009BB29F42F0D2E4E7D4F890
:105180008C30B4F898202BB124499847012814D0CA
:10519000022828D0B4F89830B4F894209A4222D942
:1051A0000133A4F898301A4BD3F82C26D3F83416D0
:1051B00089B202EB4102C3F82C26D4F8883023B917
:1051C000BDE8F8401348FFF731BEBFF35B8F55E8E9
:1051D000003F5A1E45E800210029F8D1BFF35B8F3C
:1051E000012BEDDCF8BDD4F88830002BAED00C4894
:1051F0000DF05CFAAAE7D3F810110029F2D0C3F839
:105200001021D3F8102101229A601A605A60E9E750
:10521000007000403802002090020020AC02002004
:1052200040020020084B70B5C31A0D4607499B1079
:1052300004465943064840220CF02EFA2B460146FC
:105240002046BDE870401847B42B0020B76DDBB690
:105250004C28020073B50C4C0C4A4023041B0093ED
:105260000D460B460A49A4106143064609480CF056
:105270003FFA011E05DA30462B4602B0BDE8704009
:10528000184702B070BD00BFB42B00205B170200AE
:10529000B76DDBB64C280200002270B50121044630
:1052A0001046EEF71FFF0F4801F03EFC0E4B9842F0
:1052B00015D101F049FC26690C49304604F0A3F8E9
:1052C00000280BDB012535642469084904F11C0022
:1052D00004F099F8002801DBE564002070BD6FF050
:1052E0000400FBE7495401000000AD0BB833020095
:1052F0007FB500220123CDE9022304ABCDE90433BD
:10530000094ACDF800D06B46CDF804D00CF01EFA57
:10531000002805DB4FF480420023684602F0A0FC21
:1053200007B05DF804FB00BF7317020010B5074C0F
:1053300023782BB94FF4A5700CF039FD01232370AD
:10534000BDE81040002001F011BC00BF882F0020F4
:1053500010B5EFF31184202383F31288BFF36F8F0E
:10536000074A136823F00201DB07116002D4012011
:105370000CF05CFC84F31188BFF36F8F10BD00BF8D
:10538000042C002030B4104B0C2202FB00330146E9
:105390000020D3E90E529863EFF31180202484F3A8
:1053A0001288BFF36F8F1C6C04F0C00444F0020439
:1053B0001C6480F31188BFF36F8F1DB12B46034827
:1053C00030BC184730BC7047B42B00204C2802007A
:1053D00010B4EFF31182202383F31288BFF36F8F91
:1053E0001748016841F002040460C80707D482F33B
:1053F0001188BFF36F8F012010BC01F0B7BB4FF0D5
:105400008041D1F80C04D1F80C14C907EFD5EFF3A3
:10541000118083F31288BFF36F8F0A490B6C03F07E
:10542000C00343F002030B6480F31188BFF36F8F56
:1054300082F31188BFF36F8F002010BCFFF7A2BF6B
:10544000042C0020B42B002010B1012804D0704798
:10545000034B1B6C5B0701D1FFF794BF704700BF84
:10546000B42B0020024AC3B21C2003FB002070476B
:10547000B42B0020094BBFF35B8F53E8002F42F0A1
:10548000010143E800100028F7D1BFF35B8F9307B9
:1054900002D4012001F06ABB704700BF042C002039
:1054A00010B5EFF31184202383F31288BFF36F8FBD
:1054B000074A136823F001019B07116002D4012001
:1054C0000CF0B4FB84F31188BFF36F8F10BD00BFE5
:1054D000042C00202DE9F0413849BFF35B8F0746CB
:1054E000012251E8003F41E800200028F9D1BFF334
:1054F0005B8F33B9324933484B60CB608A6003F02D
:1055000095FF7B1E012B2BD8012F07D14FF0804335
:10551000D3F81C3403F00303012B21D00CF022FF3D
:105520000546F8B9284B1B78E3B14FF080430222BF
:10553000C3F808230646DFF894804FF08044D4F87F
:105540001824D4F81834D20315D503F00303012B23
:1055500001D0012F0FD155B386F31188BFF36F8FA0
:10556000BDE8F081EFF31186202383F31288BFF3A7
:105570006F8F0125DFE7ADB1304605F048FDD4F867
:105580001835002BDBD1D4F80421002AD7D0C4F879
:105590000431D4F804310123C4F81835C8F8803137
:1055A000A360CCE70021212003F0B2F8E7E74FF039
:1055B00080430222C3F80423D2E700BFB02B0020AF
:1055C000A02B0020D02B00208B2F002000E100E03A
:1055D00008B507480CF0F0FB38B10648EEF788FF35
:1055E0000448EDF741F8002008BD6FF01200FBE71A
:1055F0009C280200F95501000A2838B5074D0446D9
:1056000004D1AB680D215B6828469847AB68034816
:105610005B68E1B29847204638BD00BF9C28020075
:10562000EFF31182202383F31288BFF36F8F0A4BAD
:10563000D3F8001161B10021D3F80805C3F80011B7
:10564000D3F80031C0B282F31188BFF36F8F704777
:105650006FF00A00F7E700BF00D00040F0B5034646
:1056600010469C7893F803C0EFF31182202585F350
:105670001288BFF36F8F1F7893F801E0E41B04EAF0
:105680000C04A04288BFA0B23E180CEA06063D46B4
:105690001E7082F31188BFF36F8F0A188A4216D1E9
:1056A00077450CD1EFF31182202181F31288BFF3EB
:1056B0006F8F1978597082F31188BFF36F8F1B7940
:1056C000241AA34222BF064B01221A60F0BD5E19C4
:1056D0000135767901F8016B05EA0C05DEE700BFBC
:1056E00000D00040DB432DE9F04713F001050E46E2
:1056F000144604D02248FFF7B1FFBDE8F0879AB303
:10570000EFF31188202383F31288BFF36F8F0D20EE
:10571000EEF7DAFC07460D20EEF7C2FC88F311889D
:10572000BFF36F8FDFF85CA0DFF85C80CAF8005130
:10573000DAF800314FF400590123CAF80030254649
:10574000C8F88091DAF8003183B1FFF769FF031ED2
:10575000C8F88091F6DB013DADB27355002DF1D153
:1057600017B10D20EEF78EFC2046C6E7EFF311804F
:10577000202383F31288BFF36F8F05F048FCE1E725
:10578000382C002000D0004000E100E02DE9F0417D
:10579000124F0D46144607F1450814B92046BDE8DE
:1057A000F0814FF0FF334FF0FF32384602F058FAE5
:1057B000224629464046FFF751FF0646384602F08A
:1057C0002BFA3EB94FF0FF324FF0FF33044802F09E
:1057D00047FAE6E7A41BA4B23544DEE7082C002014
:1057E000202C002038B5194C0122114620460CF01F
:1057F00089FC0122002104F118000CF083FC40F226
:105800000743A4F848304FF0706323630C2384F8F7
:10581000343000250E4B84F84550A4F84650D3F898
:10582000042542F00102C3F804250121C3F8005108
:10583000D3F80021C3F804132A4619600D20EEF7AF
:1058400051FC0D20EEF71EFC284638BD082C002028
:1058500000D0004010B5FFF7E3FE002820DB174B17
:1058600093F8322093F8314093F83310141B31EA47
:105870000404C0B20DD193F8472093F8464093F842
:105880004810141B31EA04040BD10D4B01225A605D
:105890000EE09C180132114084F8350083F8321074
:1058A00010BD9C180132114084F84A0083F847105B
:1058B0000448BDE8104002F0AFB900BF082C00203A
:1058C00000D00040202C0020024B0B60012313600D
:1058D000704700BF5C2C0020004870471434020061
:1058E00010B5012211460748074C0CF00BFCFCF7E1
:1058F00019FF0CF01BFA20600CF014FA6060002015
:1059000010BD00BF642C00205C2C0020F0B587B0D7
:105910000E4615460CF006FA2946074630460BF0AF
:1059200060FFC8B3B6FBF7F307FB1363A3BBB5FB7C
:10593000F7F407FB14547CBBAF4222D84FF0FF3280
:105940004FF0FF33164802F08BF90BF079FA02ABF7
:1059500001461022C0B12146184605F03AFC01224A
:105960008DF814200F4ACDE900200F48CDE90365DA
:10597000FCF7E2FE6846EBF757FF0446084802F0E2
:105980004BF9204607B0F0BD184605F022FCCDE9E2
:1059900003650BF002FFF0E76FF01504F1E700BFBD
:1059A000642C00209B170200645E010038B5037B65
:1059B00004460BB1FCF7C8FE0125A368032B06D8EB
:1059C000124AD2F80034DB07FBD5002038BD23682B
:1059D0006068196801F0F2FC63680433636023684F
:1059E00004332360A368043BA360237B0135002BB1
:1059F000E3D02846EBF794FF0028DED0034AD2F824
:105A00000034D907FBD50120E0E700BF00E00140EA
:105A100070B50D4686B01946284616461C460BF052
:105A2000E0FE60B345EA04039B0728D1FCB14FF0C8
:105A3000FF334FF0FF32134802F012F90BF000FA77
:105A40000346CDE9026502A804949BB101238DF8B9
:105A500014300D4BCDE9003041F64C50FCF76CFE94
:105A60006846EBF7E1FE0446064802F0D5F820460A
:105A700006B070BD8DF81430FFF798FFF3E76FF0B4
:105A80001504F4E7642C0020AD59010038B54568D1
:105A90002B69B3B11035284601F054FB044680B998
:105AA0000146284601F01AFB084B98420BD10849E1
:105AB0002246284601F0FAFA224605210620EEF792
:105AC00011FB002038BD6FF00400FBE70000AD0BB8
:105AD000D55A0100430970B507D10B4B596821B164
:105AE00001250C68094E854001B970BD8A682A40BD
:105AF00002D04B68304698471CB1236821461C46AB
:105B0000F2E72346FAE700BF7C2C00206028020061
:105B10002DE9F043476840F20636D0063B7B87B05C
:105B200002EA060654BFC2F34010032001F01F052D
:105B3000B6F5837F144645EA43158DF8030042D03D
:105B40000FD8062E18D007D8B6B1022E3DD06FF070
:105B5000150007B0BDE8F083B6F5807FF7D10126C8
:105B60000AE040F20222964231D0B6F5407F30D0B2
:105B7000B6F5007FEBD1022622032CD57A680123EB
:105B80008B40C2F808353B696BBB05F01F026D09FD
:105B900076D1920002F1A04284F48031D2F800372D
:105BA000C1F30041C4F3404423F4E16344EA4104F7
:105BB00023F007031C4344EA800444EA0624C2F8A5
:105BC00000470020C5E70726D6E70426D4E70526C8
:105BD000D2E70326D0E7630341BF01237A688B40F5
:105BE000C2F80C35CFE710370DF1020229463846CE
:105BF00001F062FA14F4403F80460CD12946384641
:105C00000CF086F8214B9845DBD19DF80210384600
:105C100001F0A2FAD5E701AB4FF0000903AA29462B
:105C20003846CDE90439CDE90199CDF80C9001F061
:105C300017F9164B98428AD114F4003315D09DF809
:105C400003308DF80E3084F48034C4F300444B46A6
:105C500003AA294638468DF80C608DF80D4001F0F6
:105C6000AFF90A4B9842CDD071E7CDE9043303AACE
:105C70000DF1030329463846039301F0F1F8F0E7EC
:105C800002F5E07253F82230FFDE00BF0000AD0BDA
:105C9000F0B54068057B01F01F0444EA451405692E
:105CA00087B0002D60D0B2F5001F00F1100506D1BD
:105CB000214628460CF02EF8002007B0F0BD01AEBA
:105CC0000027B2F5800F0197776038D1B3F1007FDC
:105CD00014BF052304238DF804300023CDE90463A9
:105CE0000393836823FA01F111F0010119D1B2F194
:105CF000A07F16D104F01F03620903F5E07339D1C8
:105D00004FF0A04252F82330DB070AD40DF103060E
:105D100032462146284601F0CFF9184B984219D057
:105D2000029603AA2146284601F09AF8144B98429D
:105D30001DD101222146284601F01AFABCE7B3F131
:105D4000C06F05D0B3F1007F14BF01230223C2E767
:105D50000323C0E73146284601F004FA084B984275
:105D6000DED06FF00B00A8E76FF08500A5E76FF0BD
:105D70001500A2E751F82330FFDE00BF0400AD0B91
:105D80000000AD0B2DE9F0435B4E5C4F00EB810151
:105D900040F2FF15814202D10020BDE8F083046883
:105DA00014F4804FC4F3C32CC4F3080340F0908074
:105DB000640C16F80CC0AB4208BF4FF0FF33192C2F
:105DC00000F28980DFE804F00D13191C1F251C87E1
:105DD0008787873663878787878787878787667BF5
:105DE0007E81C2F80C355C1C5ED10430D2E7C2F86B
:105DF00014355C1CF9D000245FE0C2F80835F2E7E6
:105E0000C2F81035F5E75C1CC2F80835EDD0002467
:105E100004E05C1CC2F80C35E7D001245FEA531E95
:105E20005CD14FF001084FF0A04E08FA03F9CEF80C
:105E30000C950AE0C2F80835BCF1000FD9D15C1C02
:105E4000D3D00024A0464FF0060CD0F8009009F4FF
:105E5000004EBEF1000F1CBF4FF00008012403F0FC
:105E60001F0E5B0942D14FEA8E0E0EF1A04EC9F310
:105E70004129DEF800373B4043EA890343EA0C231B
:105E800043EA080343EA4403CEF80037ADE7C2F81B
:105E90000C35D1E7C2F86035B3F1FF3F0468A4D0F8
:105EA000C4F30044002CB8D05C091BD101244FF08E
:105EB000A04E04FA03F8CEF80885A046C5E7C2F85C
:105EC0006435E9E7C2F86835E6E7C2F86C35E3E720
:105ED0006FF0150061E76FF085005EE70023C3F8FF
:105EE0000C35FFDE0023C3F80835FAE70EF5E07E37
:105EF000002353F82E30F4E7BC4D0200F0F8FCFF0D
:105F000002480021C2E90001002070470024F4008B
:105F1000F7B50646002201211C20EEF7E3F875686C
:105F2000AF6B01AA002138460BF04AFD041E07DAC8
:105F3000002201211920EEF7D5F8204603B0F0BD6C
:105F4000019B3A6819791868FFF71CFF0022044684
:105F500001211920EEF7C6F8002CEEDB00212C6899
:105F60000A464FF0A0474FF0010C02F5AC7354F80D
:105F7000230000280BDB43092AD1D7F80435C3409E
:105F800013F0010318BF0CFA02F30B43D9B201322C
:105F9000042AEAD1002301247268906A04FA03F209
:105FA0000A420CBF01220022D20320F81320013341
:105FB000042BF1D100231A4605F10801284601F00F
:105FC000DBFA054B984214BF6FF00F040024B4E7CE
:105FD0000023D3F80435FFDE0000AD0B2DE9F341BB
:105FE0000022064601210220EEF77CF80220EEF79F
:105FF00049F8776835693C680021C4F800152E60BF
:10600000D7F80C8001AA40460BF0DAFC0028C0F259
:10601000CC80019BD8F8002019791868FFF7B2FEF0
:106020000028C0F2C2806B7A012B26D1AB7A032BF9
:1060300023D1E87A08B101281FD12A7A12B1022AA5
:106040001BD10E226B687168B3F5164FD1F800C0F2
:1060500000F0AE8032D8B3F5165F00F0AC8018D8EF
:10606000B3F5966F00F0A9800AD8B3F5967F00F0DB
:10607000A780B3F5167F00F0A6806FF0850094E04E
:10608000B3F5166F00F0A280B3F5965FF5D15B4BC8
:1060900041E0B3F5E14F00F09C8008D8B3F5615FB3
:1060A00000F09980B3F5964FE7D1554B33E047F6B2
:1060B00012218B42E1D14FF400032CE0B3F5613F94
:1060C00000F08B8015D8B3F5963F00F089800AD890
:1060D0004DF6C0218B4200F08580B3F5614FCCD1E5
:1060E0004FF46B0317E0B3F5E13FC6D14FF0EB730C
:1060F00011E0B3F5612F78D008D842498B4277D0B0
:10610000B3F5E12FB9D14FF0E86304E03E498B428B
:10611000B3D14FF080533169CCF8243573681B68D4
:106120000243C3F86C250B1DD5E9010183E8030088
:106130007B68990712D505F1180001F04DF9334B32
:10614000984258D1287E04F10C0204F590710BF0AE
:1061500063FD2B7E0120984000F07EFC0823C4F8EC
:1061600000353B7A53B9C4F81031D4F810316B695B
:10617000C4F834350123C4F8383523607B689A07A6
:106180005CBF4FF48073C4F804337B68DB0644BF04
:106190004FF48003C4F804332B69C4F8443500205D
:1061A0000123C4F84805A360E36002B0BDE8F081B4
:1061B0004FF41D03AFE7164BADE74FF49E23AAE75C
:1061C0004FF4A033A7E74FF41C33A4E74FF41D238B
:1061D000A1E7104B9FE7104B9DE74FF06C739AE7D8
:1061E0000E4B98E74FF4650395E74FF0706392E725
:1061F0004FF080638FE76FF00400D6E700B0130024
:1062000000A04E0090D0030040420F000000AD0BF4
:106210000050270000C0750000F03A0000903A01DD
:106220002DE9F041044607690D460CF09BF84FF04C
:106230002008B0B92C4B1B789BB1642660680BF02A
:1062400087FCF0B901200BF0E5FC013EF6D10021FE
:10625000212002F05DFAF0E786F31188BFF36F8F1B
:10626000F5E7EFF31186314688F31288BFF36F8F9D
:1062700060680BF06DFC80B986F31188BFF36F8FF7
:10628000EFE7EFF31186314688F31288BFF36F8F83
:1062900060680BF05DFC0028DED03B691D70626811
:1062A00038691368C3F844050120C3F84805002085
:1062B000C3F82001D3F82051C3F858015268D3F82D
:1062C0005801D20608D5626812680820C2F8000595
:1062D0004FF48002C3F8042301229A6081F31188ED
:1062E000BFF36F8FBDE8F0818B2F002070B50123C5
:1062F00083400E4ABFF35B8FDC4352E8001F01EA84
:10630000040542E80056002EF7D1BFF35B8F4FF42F
:10631000803282400648C0F80823BFF35F8FBFF386
:106320006F8F0B4214BF0120002070BD942C002001
:106330000010014070B40E49D1E90034D01AC318DE
:1063400044F1000422F07F46C1E90034A6F50013B1
:10635000B3F5400F09D2074B1B681A0A1B069C199C
:10636000054B42F10005C3E9004570BC02F066BB75
:1063700008110020982C00201011002011B3BFF349
:106380005B8F0123104A834052E800CF4CEA030C94
:1063900042E800C10029F7D1BFF35B8F0B4A4FF4ED
:1063A00080338340C2F80433094BBFF35B8F1B6813
:1063B000BFF35B8FC340DB0742BF064B4FF4003295
:1063C000C3F80021704700BF942C0020001001404A
:1063D000902C002000E100E00D4B1868010A000637
:1063E000BFF35F8F0B4BD3F80435181841F1000150
:1063F000B3F5801F0AD2084BD3E90023904271EB1A
:10640000030303D210F1807041F10001704700BF17
:10641000982C002000100140101100202DE9F04FB1
:1064200085B016461F469DF840A00446FFF75EFF64
:106430000190FFF7D1FFB04271EB070354D23E4BFE
:10644000301A67EB0101984271F100014FD23B4BCA
:1064500003EB0413D3E902239F4208BF96425ED0A8
:1064600037494FF4803804F1500508FA04F8AD00BC
:10647000C1F848832046ADB20BF0B1FB26F07F4B4C
:1064800005F1804504F5A87305F58835DC464FF025
:1064900003090293029A2CF07F4341F82230C1F89D
:1064A0004483D1F80435274A6FF00200C01A6044D3
:1064B00020F07F40904232D9286868B1D1F8043585
:1064C0000393A3EB0B0020F07F40B0F5000F26D91B
:1064D00020460BF084FB039BBAF1000F07D109EBB8
:1064E000030C09F10109D5E7BAF1000F09D06FF0EB
:1064F000150520460199FFF741FF284605B0BDE884
:10650000F08F0123104ABFF35B8FA34052E8000FC6
:10651000184342E800010029F8D1BFF35B8F074917
:106520000E98230101EB0412C8500F9B5360C2E97F
:1065300002670025DDE700BF01008000F8100020A1
:1065400000100140FDFF7F00902C00207FB51C4C07
:106550001C4BC4F80833C4F848331B4B00254FF0DC
:10656000FF304FF0FF31C4F80855C3E902014FF482
:106570008033C4F80433154B02264FF40032012156
:10658000C4F804631120C3F880212A46EDF7AAFD60
:106590001120EDF777FD0E4A0123A36023601360FD
:1065A0000C4B0D4A0093CDE9015500232846FFF717
:1065B00035FF3046FEF78EFF284604B070BD00BFA1
:1065C0000010014003000F00F810002000E100E07F
:1065D000942C002035630100FFFF7F002DE9F74375
:1065E0002F4CD4F8043399070BD5D4F8043143B1B8
:1065F0002C4A0023C4F80431D4F804311368013361
:106600001360D4F80433DA0329D5BFF35B8F264B2C
:1066100053E8002F22F0010143E800100028F7D1D1
:10662000BFF35B8FD30702D4D4F84031BBB1002550
:10663000C4F84051D4F84031FFF7CEFEEFF3118299
:10664000202383F31288BFF36F8F184BD3E90267BF
:10665000B042B94106D282F31188BFF36F8F03B005
:10666000BDE8F0834FF0FF384FF0FF39C3E90289EE
:10667000D3E900101D604FF48033C4F84833C4F8E8
:106680004051D4F8403182F31188BFF36F8F002955
:10669000E5D0009032463B4628468847DFE700BFFA
:1066A00000100140982C0020902C0020F8100020B1
:1066B00030B5431C124C85B005D08442A8BF0446B7
:1066C000012CB8BF0124FFF787FE0E4B0C4DD3E918
:1066D0000013401AB0F5000F10D22218AA4228BFAA
:1066E0002A4652184FF0000007490091CDE90100F9
:1066F00043F10003FFF792FE05B030BD2A46F0E7F4
:10670000FFFF7F00081100203563010008B5FFF787
:1067100063FE024B1B68C01A08BD00BF08110020B1
:106720004FF0704393F8E02F062A09D1D3F8E83FE1
:10673000C3F30313033B042B02D8024AD05C704717
:1067400000207047EE4D0200024AD2F80034002BC0
:10675000FBD0704700E0014010B50BF04CFA40B19F
:106760004FF080538E4AD3F82433C3F30423C2F886
:106770004035FFF7D5FF10B18A4B8B4A5A670BF0B3
:106780003AFA48B14FF080534FF08042D3F8443288
:10679000C3F34233C2F83C35FFF7C2FF30B1834A3E
:1067A000D2F8FC3023F08073C2F8FC300BF023FAEF
:1067B00040B14FF080430022C3F80C21C3F81021F0
:1067C000C3F83825FFF7ACFF20B14FF08043032218
:1067D000C3F8A025FFF7A4FF60B1754B0522C3F8ED
:1067E00010260122C3F888260022C3F818263F226B
:1067F000C3F814264FF08053D3F83021511C09BF41
:106800004FF07043D3F8343193F8E02FD3F8E83FDA
:1068100008BFC3F30313062A4DD1033B042B03D84F
:10682000644AD35C002B46D04FF08052624BD2F8C2
:106830000414C3F82015D2F80814C3F82415D2F8AC
:106840000C14C3F82815D2F81014C3F82C15D2F87C
:106850001414C3F83015D2F81814C3F83415D2F84C
:106860001C14C3F84015D2F82014C3F84415D2F80C
:106870002414C3F84815D2F82814C3F84C15D2F8DC
:106880002C14C3F85015D2F83014C3F85415D2F8AC
:106890003414C3F86015D2F83814C3F86415D2F86C
:1068A0003C14C3F86815D2F84014C3F86C15D2F83C
:1068B0004424C3F870250BF09EF948B14FF0805383
:1068C0004FF08042D3F8583203F04F03C2F8E43E51
:1068D0000BF091F948B14FF08043D3F80024D20770
:1068E00044BF6FF00102C3F800244FF08053D3F887
:1068F0003021062A26D1D3F83431033B042B02D8A9
:106900002E4AD35C63B12E4AD2F83C3743F48063FD
:10691000C2F83C374FF08053D3F83031062B11D1F9
:106920004FF08053D3F83431033B042B02D8254A6F
:10693000D35C3BB14FF01023D3F808224FF08043D3
:10694000C3F858254FF01023D3F80022002A03DBA8
:10695000D3F80432002B22DA1B4901234FF0102018
:10696000C1F804351524FFF7EFFEC0F80042FFF729
:10697000EBFEC0F80442FFF7E7FE0023C1F8043540
:10698000FFF7E2FEBFF34F8F0849104BCA6802F4CD
:10699000E0621343CB60BFF34F8F00BFFDE710BD34
:1069A0000030014000C007400DF0ADBA00ED00E03E
:1069B00000500040E94D020000C00040E44D0200DC
:1069C00000100040DF4D020000E001400400FA0525
:1069D00030B50468CCB1BFF35B8FB4FA84F3C3F174
:1069E0001F03DBB201229A4024EA020250E8005F52
:1069F000A54204D140E8002CBCF1000FF6D1BFF352
:106A00005B8FE6D102480B7030BD0248FCE700BF47
:106A10000000AD0B0200AD0B10B50368CB40DB07E7
:106A200014D401238B400268BFF35B8F43EA020159
:106A300050E8004F944204D140E8001CBCF1000F24
:106A4000F6D1BFF35B8FEED1014810BD0148FCE7E2
:106A50000000AD0B0400AD0B014BC3F804057047FB
:106A600000F00140F7B5044618B1012823D003B067
:106A7000F0BD4FF080430222C3F808230122DA6000
:106A8000C3F80401D3F80431064601238DF807301A
:106A900042F210754FF08047D4B1012CE7D1D7F8FE
:106AA0000C3403F48033AEBB83B301200BF0B2F897
:106AB000013DF4D12AE04FF080430022C3F80803DF
:106AC0005860C3F80021D3F800310DF10706DCE768
:106AD000D7F8183403F480333EB9002BC7D0012017
:106AE0000BF098F8013DF3D1C1E7D7F8182402F074
:106AF00003023260002BBAD09DF80700012803D1B1
:106B00000BF088F8013DC7D1012CB0D1054B002214
:106B10005A71ACE7D7F80C2402F001023270002B56
:106B2000EAD1F3E79C2C0020044B1A7922B9012208
:106B300018609A8002487047024870479C2C0020D9
:106B40000000AD0B0C00AD0B08B5074B1B682BB15B
:106B50000020EDF7B9FA08B9EDF794FA4FF0804349
:106B60000022C3F8182508BD9C2C002038B5B0B110
:106B7000012855D14FF080420023C2F80031D2F8ED
:106B80000021304A03F18043012119602E4B1B681C
:106B9000002B50D04FF08043C3F8040340E04FF087
:106BA0008043D3F81814D3F81824C8032AD502F068
:106BB0000303012B04D013B10020FFF753FF002380
:106BC0004FF08042C2F818350023C2F80431D2F8E1
:106BD00004311E4AD2F8FC0040F08073C2F8FC3049
:106BE0001B4B1C6844F0010119605D685968491B22
:106BF000B1F50A5FFAD31C60C2F8FC000823154AFD
:106C00000220BFE7D3F81424D107D8D5D3F81C2429
:106C10009207D1D40C4A12681AB10222C3F8042395
:106C200038BDD3F80421002AFBD00022C3F8042188
:106C3000D3F80431F4E71368002BFCD00023136071
:106C40001368EDE7000100409C2C002000ED00E0FF
:106C5000001000E00401004010B54FF08043D3F86D
:106C600000216AB10022C3F80021D3F800210122DB
:106C7000C3F80823114B587910B95A711B6898470B
:106C80004FF08043D3F8042172B10022C3F80421ED
:106C9000D3F80421D3F81824D3F81824920704D188
:106CA0000122C3F818259A6010BD0222C3F80823F8
:106CB000024BBDE810401B68012018479C2C0020A7
:106CC00070B500F108030C4C34F81330DA050546B2
:106CD0000E4607D5C3F3432304EBC30254F8333005
:106CE00052689847A3682BB1E26831462846BDE850
:106CF0007040184770BD00BF6006002010B4C0B2DD
:106D0000114A083032F81030D9051BD5C3F343219E
:106D100023F4F85322F8103002F10E04002034F866
:106D2000023F13F4807F03D0C3F34323994209D079
:106D300001302028F3D1002342F83130034810BC41
:106D4000FFF76ABE10BC704760060020B80600203E
:106D5000F0B5054600200446012607468C420BD1BB
:106D6000114BD3F87C2132B10022C3F87C21D3F837
:106D70007C3140F00040F0BDE3B29B0003F580722F
:106D80009B0806FA03F31D420BD002F1804202F584
:106D9000C042D2F800C0BCF1000F02D017601268E8
:106DA00018430134DAE700BF00600040CBB202466E
:106DB000083308460C4931F81330990611D5990764
:106DC0000FD410685B0B01219940C0F808131268BA
:106DD00002EB8303D3F8102522F00302C3F8102539
:106DE000704700210AF077BF60060020F7B5CDB2EA
:106DF000174E0835074636F81530DB070C4624D504
:106E0000FFF7D4FF36F815309A0606D55B0B3A68C3
:106E100003F5A273002142F823102046FFF76EFF0E
:106E2000002301A826F8153001940AF001FF019B08
:106E300000EB8300074BD0F80027134043F0020318
:106E4000C0F80037044803B0F0BD0448FBE700BFBA
:106E500060060020F0F8FCFF0000AD0B0400AD0B55
:106E60002DE9FF41136807460C461546FBB1CEB22B
:106E7000DFF83C81083638F8162002F02202222A78
:106E800022D00022CDE900228DF80E208DF80F20AF
:106E90000DF10E010DF10F0220460AF0D3FE38F875
:106EA000163023F0020343F0010328F816306B6814
:106EB0004BB393F800C05A683D4EE3B2083336F83E
:106EC0001310880702D5B2B13A481FE021F0200123
:106ED000C904C90C26F813106AB1BCF1030FF3D82A
:106EE0006A68386852681278BCF1000F11D102F557
:106EF000A27240F822C036F8132022F01C0242EAA7
:106F00008C0226F81320AB6843BB2B4804B0BDE8C5
:106F1000F08100EB820041EA4231D0F810E52EF01A
:106F2000030EC0F810E53F6807EB820741F020012F
:106F3000D7F8100526F8131020F4473020F44070DD
:106F4000C7F810052002D7F810E500F4F85040EA21
:106F50000C4040EA0E00C7F81005CCE7D3E9006703
:106F60002046FFF7CBFE002ECFD0114DD5E90023F0
:106F7000964203D19F4201D1002209E00F480DF152
:106F80000F01FFF725FD0C4B9842BFD19DF80F2054
:106F900045F83260E4B205EBC20308345F6035F8AF
:106FA000143043EA422343F4807325F81430ACE7ED
:106FB000600600200400AD0B0000AD0BB8060020F9
:106FC0002DE9FF4107460C461E4612B3CDB2DFF84D
:106FD000D080083538F81530980701D4990621D4A7
:106FE00013F01C0F02D05378012B1BD001238DF816
:106FF0000F300023CDE900230DF10F01931C204633
:1070000001320AF01FFE38F8153043F0030328F868
:107010001530002E42D0E1B2214D083135F8112053
:10702000930703D41F4804B0BDE8F08196F800E050
:10703000D7F800C022F020020EF5A270D20400237F
:10704000D20C4CF8203025F8112096F801C0BCF184
:10705000000F23D03868B67800EB8E004FEA0C4C56
:10706000D0F8103523F4981323F4F853C0F81035F2
:10707000230203F4F8530CF4403C3605D0F81075A5
:1070800043EA0C0306F4801642EA4E32334342F0E0
:1070900020023B4325F81120C0F810350248C2E712
:1070A000600600200400AD0B0000AD0B014BC3E9EE
:1070B0000212704760060020C9B20831044B33F851
:1070C0001130990643BF5B0B0248137002487047AA
:1070D000600600200000AD0B0400AD0B70B5164D2E
:1070E00095F8604006462CBB2146402205F1100071
:1070F00004F06FF830682E6D21468E420ED10023C9
:10710000C0F87C31D0F87C3140F30730ECF7BAFF9F
:1071100001230A4885F86030AB6570BDCBB29B0097
:1071200003F580727C2B08BF845001F1010108BF78
:107130008358E2E70248F0E7600600200000AD0B4C
:107140000C00AD0B034B93F86000003818BF012012
:10715000704700BF600600200148FFF75DBC00BF1C
:10716000B40600200148FFF733BC00BFB40600207E
:1071700073B503680C46D3F804130029A4BF4FF07D
:107180000041C3F80413E3B21D49083331F813304A
:1071900099061AD513F0020617D15B0B9C000568FF
:1071A00004F580716E50695801682144D1F810458A
:1071B00044F00104C1F810452AB10168012202FA25
:1071C00003F3C1F8043302B070BDC3F38203042B90
:1071D00012D0052B12D001A801940AF029FD019AC2
:1071E000D0F81035D34003F00103991C204602B0BB
:1071F000BDE870400AF06FBD0321F7E70221F5E713
:10720000600600202DE9F347544B554FD3F8040393
:10721000396DC0B240F00040FFF79AFD051E18DA44
:107220000023F96D009368460AF064FD4FF00108F1
:1072300097F85C30DA075AD4396D4FF00040FFF709
:1072400087FDF96D68460AF055FD0028F0D125F05C
:1072500000450124002D69D102B0BDE8F08794FA01
:10726000A4F4B4FA84F4E00804F1080304F007027B
:1072700037F813901DF80030019408FA02F223EA5F
:1072800002030DF8003001A80AF0D2FC019B03F5BF
:10729000E0734FEA990150F82360C9F3820A4B0763
:1072A000D146C6F3014626D520465146FFF708FDD4
:1072B00001A801940AF0BCFC019B03F5E073F6B24F
:1072C00050F82330C3F301439E4207D100212046EA
:1072D0000AF001FD314620460AF0FDFC01A80194A8
:1072E0000AF0A6FC019B08FA03F3C0F82035009CC5
:1072F000002CB4D1A0E7022E0CD1032120460AF0C5
:10730000EAFC0AF00503012BE8D149462046FFF7C5
:10731000D7FCE3E7022120460AF0DDFCBAF1030FB7
:10732000F3D0032EDAD1BAF1020FEDE795FAA5F307
:10733000B3FA83F304FA03F29B0003F1804303F5ED
:10734000C04325EA0205D3F81005D3F81015C0F3A1
:107350000420C1F30141FFF7B3FC7BE7006000406C
:1073600060060020044AD2F80034DB07FBD5016038
:10737000BFF35F8F704700BF00E001404FF08053C4
:107380001A69B0FBF2F302FB130373B9084B022234
:10739000C3F80425C3F80805D3F80024D207FBD5A9
:1073A00000220448C3F8042570470348704700BF13
:1073B00000E001400000AD0B0A00AD0B10B5054C1C
:1073C0000123C4F80435FFF7CDFF0023C4F80435CA
:1073D00010BD00BF00E0014001460148FFF7F8BAC8
:1073E000C406002030B50446022008730A612068F4
:1073F0000125C0F800554D682068FDB112F0100F4E
:107400000CBFB2253225C0F800539B0012F080005B
:10741000256803F108034FF0010211D01D440D60EF
:1074200023799A40074B92B2C3F804232079800055
:10743000C0B200F1804000F5C83030BD3025E2E731
:10744000EA50FAE70090014070B50B4C0679182518
:1074500005FB06456B6833B9006802210AF07BFC26
:1074600008B101232B73182303FB0644207B023849
:1074700018BF012070BD00BFA42C00202DE9F041F1
:107480000B7FBBB34C7F0F8B91F815C091F816E0C2
:107490008A7E91F81B8003685CB9D1E90065D1E967
:1074A0000241C3F86065C3F86455C3F86845C3F882
:1074B0006C1542EA0822C3F80CC5C3F804E5C3F80A
:1074C0000875C3F8102500680023C0F81031D0F803
:1074D0001021C0F80831D0F80821C0F80C31D0F8DC
:1074E0000C3140F30730ECF7CDFDBDE8F041192039
:1074F000ECF7C8BDDFF87CC00C1F01F1100501F1ED
:107500000C07012654F8043F5A1C20D095F800E0DF
:1075100003F01F024FEA5318BEF1000F1CD0B8F160
:10752000000F03D00023C3F80835FFDE4FF0A04E54
:1075300006FA02F2CEF808259B0003F1A043D3F827
:10754000002702EA0C0242F00302C3F80027BC4203
:1075500005F10105D6D195E7B8F1000F06D14FF03E
:10756000A04E06FA02F2CEF80C25E5E7CEF80CE5BF
:10757000DBE700BFF0F8FCFFF8B50D4D07791824E4
:1075800004FB075494F80CC0BCF1000F0DD1C4E902
:10759000012319B10B7F2375FFF770FF182303FB3D
:1075A0000755044801232B73F8BD0348FCE700BFCF
:1075B000A42C00200000AD0B0C00AD0B70B40C46E9
:1075C0000179266815461A461A4B01EB410103EB77
:1075D000C1010368C3F82065A688C3F82465A668BE
:1075E000C3F82865E668C3F82C6503682668C3F805
:1075F0004065A688C3F84465A668C3F84865E46892
:10760000C3F84C45046805F0010303EB5505C4F8C5
:107610001455D4070CD412F0020403D0002B14BF6D
:10762000082404240568C5F8004270BCFFF7DABEE0
:107630001024F7E7A42C002038B503680579002250
:10764000C3F800220368012204465A6071B1204643
:10765000FFF7FAFE0028FAD023680022C3F80025BD
:10766000054B182202FB053301221A732046BDE8A0
:107670003840FFF7E9BE00BFA42C0020064BD3F82A
:10768000002142B10022C3F80021D3F80031034B9E
:107690001B6801221A60704700900140A42C002052
:1076A00010B5B2211A480AF056FBC106044608D5A7
:1076B000184B1A69520704D55A6812B1996801200B
:1076C0009047A00608D5134B1A69110704D55A68CC
:1076D00012B1996802209047220608D50D4B18690F
:1076E00010F0100003D15A680AB199689047A307B7
:1076F0000DD5074B0022C3F80025064B01221A7353
:107700005A6822B1BDE8104099680320104710BDA7
:1077100000C00140A42C0020014B986864307047E1
:10772000BC2C002038B5EFF31185202383F3128899
:10773000BFF36F8F064B9C680AF051FB85F31188ED
:10774000BFF36F8F2046BDE83840ECF723BC00BF85
:10775000BC2C002038B5094B53F82040013053F8B9
:107760002050A54200D838BD636823B120460AF0F6
:1077700039FB0834F5E723689847FAE7F434020048
:1077800070B52B4B2B4C2C4D012286B003201A7068
:10779000FFF7E0FF01F0C4FA0AF040FB0420FFF716
:1077A000D9FF2646AE4204F1300410D300F0F2FEB9
:1077B000204C224EAC4226D300F000FFEAF73AFEFE
:1077C0001F4A137B23F00103137306B070BD54F8F6
:1077D0000C3C059354F8103C049354F8143C039368
:1077E00054F8183C029354F81C3C019354F8203C84
:1077F000009354E90A2354E90C0100F09BFC54F86F
:10780000303C5E65CDE7D4E90A23B3F1FF3F08BF02
:10781000B2F1FF3F05D052EA0301206803D10AF01C
:10782000AAFD3034C6E73146183001F08DF8F8E78C
:107830008B2F0020382A0200682A0200A5240200AB
:107840009811002008B50348034A0021121A0AF0D3
:10785000E1FA08BDE0080020902F002070B5002359
:1078600086B00122CDE90423134E144D01930F225B
:10787000CDE902321249142303FB005506EBC01672
:1078800004464FF4C07000FB04110E4B00954FF4FA
:10789000A072304600F04EFC737B0B4AEE6023F082
:1078A000040373734FF4046304FB033313442C7415
:1078B0006B6006B070BD00BF18110020BC2C00200A
:1078C00000500020671F0200C0470020BFB5002005
:1078D000FFF740FF2C4B83F308882C4D2C4E6B692F
:1078E0002C4F43F400736B610024E02385F82230B1
:1078F000EC772C766C76AC7685F820406B6A43F496
:10790000E0236B6285F82340ECF71AFBECF776FC7A
:107910004FF0FF33AB62EB62ECF736FDECF792FC15
:107920001D4BB36040F201129A81C3E91A445C67AF
:107930000AF041FA0120FFF70DFF0220174DFFF773
:1079400009FF00F05BFE164B756105930123154995
:107950000094CDE903434FF400623B46CDE9014476
:10796000284600F0E7FB6A7B064622F00402284620
:107970006A730AF03CFD2046FFF770FF3A46314635
:107980002846ECF71DFC00BF0050002000ED00E091
:10799000BC2C002081770100B81200209811002033
:1079A000F34D02008051002038B5064C064DAC4224
:1079B00001D3002038BDD4E9011220460AF02FFA85
:1079C0001434F4E74C0700204C07002038B5064C6F
:1079D000064D0020AC4200D338BD20460AF084FAA0
:1079E0000028F9DB1C34F5E7F80600204C070020DE
:1079F00073B50C46EFF31181202585F31288BFF390
:107A00006F8FC5685DB125602B68C36083690133E2
:107A10008361002081F31188BFF36F8F11E052EA78
:107A2000030603D125606FF00B00F3E7CDE90023D7
:107A30000246083000F0FAFC18B9034B9B685B69FA
:107A4000236002B070BD00BFBC2C00202DE9F341C3
:107A5000044617461E46EFF31188202383F312884D
:107A6000BFF36F8FC368334A7BB1806891688842E7
:107A700019D057EA060318D188F31188BFF36F8F26
:107A80006FF00F0002B0BDE8F081916891F90E101F
:107A900021610133E3609368A36088F31188BFF329
:107AA0006F8F0020EEE72169F2E791F90E1090F94F
:107AB0000E309942A8BF19466FF07E029142B8BFBE
:107AC00011468B422DDD0AF059FA0546CDE90076C4
:107AD00019482246414600F0A9FC0028E1D0EFF306
:107AE0001186202383F31288BFF36F8FA068D0B173
:107AF000236821699C420AD04BB193F90E30994218
:107B0000A8BF19466FF07E039942B8BF19460AF024
:107B100035FA40B10848314600F0F8FC6FF00A0031
:107B2000B0E70025D2E7002DF4D186F31188BFF32A
:107B30006F8FF3E7BC2C00208C2F002038B58368B2
:107B4000044663B3194A926893422BD1C368012B50
:107B500003D9013BC360002038BDEFF3118520231A
:107B600083F31288BFF36F8F016980680AF006FA09
:107B700020460AF0B1FCA06058B190F90E202261B5
:107B80000022C2670AF033FC0948294600F0BEFC17
:107B9000E1E7E06085F31188BFF36F8FDBE76FF0FB
:107BA0001500D9E74FF0FF30D6E700BFBC2C00200E
:107BB0008C2F002037B51146EFF31185202282F378
:107BC0001288BFF36F8F04689CB12368426823F06A
:107BD00003039442036008BF4360012120460AF07A
:107BE00041FA044685F31188BFF36F8F204603B036
:107BF00030BD51EA0302F5D000F10802CDE90013CF
:107C00001046294600F012FC0028EFD1014B9B687A
:107C10005C69EBE7BC2C002038B50446EFF3118516
:107C2000202383F31288BFF36F8F0AF055FC48B10D
:107C30000022C2670AF0DBFB29460848BDE838404D
:107C400000F064BCD4E902329A4218BF0133A36049
:107C5000022104F110000AF08BFDEDE78C2F0020CB
:107C600013B5EFF31181202484F31288BFF36F8FD3
:107C7000846844B1013C846081F31188BFF36F8F45
:107C8000002002B010BD52EA030406D181F311882E
:107C9000BFF36F8F6FF00F00F3E7CDE900230246CB
:107CA000014800F0C3FBECE78C2F002070B50446C0
:107CB000EFF31185202383F31288BFF36F8F6FF0EA
:107CC0000A0620460AF008FC18B1C6670AF08FFBC6
:107CD000F7E7A060022104F110000AF049FD2946EF
:107CE0000248BDE8704000F011BC00BF8C2F00209E
:107CF0001FB5094A92E8030002AB83E803004FF482
:107D000000620093054906484FF0FF3300F070F918
:107D1000002005B05DF804FB7C2B0200C059002058
:107D2000181200202DE9F043DFF8348185B00546B4
:107D30004FF0FF364FF0FF37EFF31189202383F325
:107D40001288BFF36F8FD5F880408CB9022105F1FE
:107D500098000AF0E7F9002860D10023CDE9006718
:107D6000029305F1880249463E4800F0F5FCE3E73E
:107D7000D5F884202368C5F88030944208BFC5F840
:107D80008430D5F8983043F00203C5F89830E368A2
:107D900023F0040343F00103E360636889F311886F
:107DA000BFF36F8F20469847EFF31189202383F3A9
:107DB0001288BFF36F8FE368D90623F0010237D42E
:107DC000E260E3689A071AD5D8F8000023F00203AE
:107DD000E360A0B10268002188B143689C4237D1BA
:107DE000036869BBD8F80420C8F80030824201D18A
:107DF000C8F80430002340F8083BFFF70DFFD5F822
:107E0000983023F00203C5F8983089F31188BFF346
:107E10006F8FDB0590D400F0F9FB8DE705F190043E
:107E20000022012120460AF0BFFB0028F8D194E788
:107E300023F01103E36004F11000FFF7EDFEC0E74B
:107E40000B60D8F80430834208BFC8F80410D1E7AB
:107E500022B11368014610461A46BDE71346F9E7FA
:107E6000DC2C00208C2F002070B5C368C3F34006C3
:107E70009B0705460C460DD50122002104F10800A0
:107E80000AF040F900232360054B65605A681AB96F
:107E9000C3E90044304670BD14605C60FAE700BF7F
:107EA000DC2C0020F8B5C3689A0704460F46C3F3DC
:107EB00040062CD45B071AD40B680BB983680B609F
:107EC000E368DD0744BFA3683B603D684CBF022602
:107ED0000126002D3AD01F4B9B68AB420AD0D5F843
:107EE0009830D807C3F3800214D46FF01206002331
:107EF0003B6025E00AF036FAD5F898300028F0D13A
:107F0000D907C3F3C002F0D552B15B0708D46FF0B4
:107F10000F06ECE7002AFAD1C3F3C003002BF6D119
:107F200000232360D5F8843063B9C5E9204428468E
:107F30000AF013F9E36843F00403E3603B68A360CD
:107F40003046F8BD1C60C5F88440F0E76FF01506B8
:107F5000CDE700BFBC2C00202DE9F041C36803F041
:107F60000503002B07460C4614BF4FF001084FF0E5
:107F7000000822D08668D6F8805025B1AF4201D0E3
:107F80002D68FAE701250122002104F110000AF012
:107F9000B9F8134920460AF038F9E36843F01003B2
:107FA000E3609DB13B68236073B9D6F884303BB978
:107FB000C6E9204430460AF0D0F84046BDE8F081DA
:107FC0001C60C6F88440F5E73C60F3E7D6F88030E3
:107FD0002360D6F88430C6F88040002BEAD1F0E761
:107FE0003B210200014601480AF03AB9181200206C
:107FF000F0B589B004460020C4E920000E9D04F1CC
:108000008800C4E9220004F19000C4E924004DB3C3
:108010002879002840F2011008BF0120C4F8980018
:1080200000204FF0FF364FF0FF37CDE90330CDE9A8
:108030000100CDE906670C4B0094204600F0B8F82B
:1080400055B1296811B120460AF092F96B791BB13C
:10805000237B43F001032373204609B0BDE8F040C1
:108060000AF089B90120D9E7257D010037B50190D3
:108070000846EFF31184202181F31288BFF36F8F3C
:10808000C16811F01E0F16D153EA020508D101A9EB
:10809000FFF708FF84F31188BFF36F8F03B030BD83
:1080A00041F00801C160019981621030034900F07C
:1080B0004BFC0120EEE70020ECE700BFCF210200DF
:1080C00001460148FFF7D2BF18120020F7B50C4651
:1080D000019016461D46EFF31187202383F3128883
:1080E000BFF36F8F08460AF029F855EA060309D155
:1080F00001A92046FFF7D6FE87F31188BFF36F8FE3
:1081000003B0F0BDE368074943F00803E360019B57
:10811000A36204F1100032462B4600F015FC01204A
:10812000EAE700BFCF21020001460148FFF7CEBFBA
:1081300018120020F0B5073285B022F0070204467D
:108140007F320E9D0D9E2573583022F03F02C4E908
:108150001600042500203F2AA673C4E90600A0608B
:108160006573E07301F14007A2F1400605D880F382
:108170001188BFF36F8F284602DFC4E91A768D1885
:1081800000260C9A266702920B9A01920A9A009294
:1081900020462A46EBF7E2FF044B66659B6803B175
:1081A0005B6F6367284605B0F0BD00BFBC2C0020A4
:1081B000F0B587B000250595109D04950F9D03959A
:1081C0000E9D0295DDE912760D9D01950C9D0095A1
:1081D0000446FFF7AFFFB6F1FF3F08BFB7F1FF3F1F
:1081E00005D056EA070305D1204600F0A1F9204644
:1081F00007B0F0BD03493A46334604F1180000F0D9
:10820000A3FBF4E7A524020038B50D4D2B4653F827
:10821000184F9C4200D004B9EC68AB6838B95A7B5F
:10822000D20604D1A26912B9DA897F2A05D89C4204
:1082300002D0204600F0D0FA23466B6138BD00BF63
:10824000BC2C002008B590F90D20437B002A014684
:1082500004DA03F07F0343730AF08FF8044B986845
:10826000431A58425841BDE80840FFF7CDBF00BF50
:10827000BC2C002070B490F90D30427B002B29DB20
:10828000D30627D183692BBB134962F07F02427367
:108290000A4652F8184F944218BF2346CC6923B9B6
:1082A000C0E900242060C8610CE090F90E5093F9F9
:1082B0000E60B5420AD0AE4208DD5A68C0E900320D
:1082C0001060586070BC0020FFF79EBF9C42E7D052
:1082D0001B68E4E770BC7047BC2C00202DE9F0411E
:1082E000002A427B0E460CBF102108211142044691
:1082F0000FD141EA0203D20918D1437308291BD0D8
:108300000120FFF781FFBFF35F8F637B23F06003E2
:108310006373274B9B68A34243D1EFF30583002B84
:108320003FD13046BDE8F041EBF74ABE03F07F0392
:1083300043730AF022F8E1E7A36813B120460AF07C
:1083400024F804F118000AF051F9A56D04F158075A
:10835000AF4211D04FF0000875B128460AF015F869
:1083600005F118000AF042F9C5F87C802846FFF7AD
:1083700081FFA56DAF42EFD10D4DAB689C42BFD1DF
:10838000EFF30583002BBBD00120FFF73DFF094B26
:10839000AB6040F201129A810022C3E91A225A67A7
:1083A000B1E786F31188BFF36F8FBDE8F08100BF9E
:1083B000BC2C0020B812002070B590F90D20437B32
:1083C000002A014604DA03F07F03437309F0D5FF66
:1083D0004B7B154A63F07F0310464B7350F8183FF0
:1083E000D469834208BF002323B9C1E90004216096
:1083F000D1610CE091F90E5093F90E60B5420ED0A8
:10840000AE420CDD5868C1E90030016059609068E7
:10841000431A5842BDE870405841FFF7F5BE9C42F0
:10842000E3D01B68E0E700BFBC2C0020F8B5124B7E
:108430000C461146114A98681060DDE90676EFF3A4
:108440001182202282F31288BFF36F8F9D68284625
:1084500009F0A5FFB6F1FF3F08BFB7F1FF3F06D017
:1084600007493A46334605F1180000F06DFA2046F8
:10847000BDE8F840EBF7A4BDBC2C0020E42C0020A4
:10848000A5240200F8B50446EFF31186202383F3F8
:108490001288BFF36F8F437BDA0649B219D1856921
:1084A000BDB903F07F03437309F067FF437B164AAE
:1084B000817363F07F034373134653F8180F984298
:1084C00018BF0546D0695DB9C4E900300460D461C5
:1084D00011E0A173002086F31188BFF36F8FF8BD00
:1084E00095F90E70B9420BD08F4209DD6B68C4E973
:1084F00000531C606C600120FFF786FE0120EAE754
:10850000A842E1D02D68DEE7BC2C002049B9EFF38A
:10851000058030B9054B5A699B689A4201D0EBF748
:108520004FBD81F31188BFF36F8F7047BC2C0020C3
:1085300010B5EFF31184202282F31288BFF36F8FFE
:10854000427B510704D484F31188BFF36F8F10BDB1
:1085500022F004024273FFF78DFE21460248BDE877
:108560001040FFF7D3BF00BF8C2F0020034648B94F
:10857000EFF3058232B9064A51699268914201D0FF
:10858000EBF71EBD83F31188BFF36F8F704700BFF9
:10859000BC2C0020EFF31181202383F31288BFF35A
:1085A0006F8F054B9A68D37B013BD37381F311889E
:1085B000BFF36F8F704700BFBC2C002038B5EFF3BE
:1085C0001185202484F31288BFF36F8F0A4B9A68B9
:1085D000D37B0133D3730020FFF716FE85F3118898
:1085E000BFF36F8FEFF3118084F31288BFF36F8FA7
:1085F000BDE83840FFF7BABFBC2C0020024B03F1A6
:108600001802C3E906227047BC2C0020F8B5EFF32E
:108610001185202383F31288BFF36F8F194988686F
:10862000437B03F07F03437309F0A7FE8B685A7BFB
:10863000084662F07F025A7350F8182FCC698242C4
:1086400008BF002222B9C3E900042360CB610CE01B
:1086500093F90E6092F90E70BE420ED0B7420CDD57
:108660005168C3E900210B6053600120FFF7CCFD86
:108670002846BDE8F840EBF7A3BCA242E3D012685D
:10868000E0E700BFBC2C002050EA01032DE9F041D7
:1086900005460E4603D1FFF7B9FF00202BE0831CEF
:1086A00071F1FF3329DB09F0B6FF2C18EFF31188C5
:1086B000202383F31288BFF36F8F124F124BB868D9
:1086C0001860FFF7BFFDB86810492A4633461830D6
:1086D00000F03AF9BA68537B43F0100353734046F5
:1086E000EBF76EFC09F097FF201A63EB03030128F8
:1086F00073F10003D1DBBDE8F0816FF00104241AAF
:10870000D4E700BFBC2C0020E42C0020A5240200EC
:10871000B1F1FF3F08BFB0F1FF3F08B506D10A4BEA
:10872000986809F073FE4FF0FF3008BDFFF7ACFF0B
:108730004FF47A7147F6FF730022C0FB0132D80B69
:1087400040EA4240F1E700BFBC2C0020014B986892
:10875000704700BFBC2C0020D3B5DDE90667089C3C
:10876000CDE90067FFF762FE1CB1034B9B685B69B4
:10877000236002B0D0BD00BFBC2C0020044BC01A47
:10878000044BC0105843044B01221A54704700BFD9
:1087900038130020ABAAAAAA8C2F0020C3897F2BF4
:1087A00012D80A4B1B6863B1094B90F90E201B6865
:1087B0009A4209DB437BDB0606D1064BC31A18BF7E
:1087C000012303F0010070470023FAE7EC2C00209E
:1087D000E82C00201811002070B50E4B0E4C1E7CAA
:1087E00006EB460304EBC3040546204609F0FEFEF3
:1087F0000A4B002228469A55FFF7D0FF48B1084B94
:1088000008491A68013A2046D317BDE8704000F0C5
:108810009BB870BDBC2C0020381300208C2F00208A
:10882000EC2C00207D87010038B5EFF31185202363
:1088300083F31288BFF36F8F104B114A9C68106846
:10884000A04206D1FFF7C8FF85F31188BFF36F8FF1
:1088500038BD00211B7C11600A4AD35C002BF3D089
:108860002046FFF79BFF0028EED0637BDB0602D19A
:108870002046FFF7A1FD2046E4E700BFBC2C002006
:10888000E42C00208C2F002008B50648064A074932
:10889000121A09F0C1FABDE80840054A0549064820
:1088A00009F0BABA00000020DC0800202C4E0200BB
:1088B000000000002C4E020000000020034B1B684B
:1088C0000BB9FDF723BF0020704700BFF02C00203C
:1088D00030B570B10B4B5B6898420AD0036843B166
:1088E000D3E90421D0E90445121941EB0501C3E99C
:1088F0000421D0E9003213605A600023C0E900333C
:1089000030BD00BFC806002010B50E4B1C689C424D
:1089100004D1FFF7D3FF6FF0004010BDFFF7CEFF8B
:10892000002CF8D0D4E904321B1A62EBE072B3F1E8
:10893000004F72F10001EEDA002AACBF18460020A9
:10894000EBE700BFC8060020B3F1FF3F08BFB2F15C
:10895000FF3FF8B504461D4616465ED08160EFF332
:108960001187202383F31288BFF36F8F013275F1D3
:10897000FF3324DA2E49D1E900206FF001039B1A5E
:108980004FF0FF3262EB00009E1B60EB0500012EF2
:1089900070F1000301DA01260020C4E90460254ECD
:1089A000D6F800C07568B44508BF4FF0000CBCF1A4
:1089B000000F0DD1C4E900652C6074601CE0FFF766
:1089C0007DFF013645F10005361845EBE070E4E720
:1089D000DCE90420D4E90431934271EB000E1DDA86
:1089E000D21ADCF8043060EB0100CCE90420C4E9C1
:1089F00000C31C60CCF804403368B34209D09C42E9
:108A000007D10D4B1C6824B9FFF77EFF2146FDF707
:108A10004FFE87F31188BFF36F8FF8BD9B1A61EB90
:108A20000001AC45C4E90431C4D0DCF800C0BEE7A5
:108A300050130020C8060020F02C00202DE9F84F2C
:108A4000EFF3118C202383F31288BFF36F8FDFF8CD
:108A5000B0A0DFF8B0902C4FC9F80000DAF80000A1
:108A60000024504508BF00200025D7E90021D9F88F
:108A70000030E04678B3D0E9046C4FEAE37EB342BD
:108A80007EEB0C0B05DAF61A6CEB0E04C0E90464FD
:108A900021E0B21841EBE671C0E90445C7E90021C5
:108AA000FFF716FF88F31188BFF36F8F836898472D
:108AB000EFF31188202383F31288BFF36F8FD9F867
:108AC0000030DAF800009B1B5045C446C9F800305E
:108AD000CBD1D7E900219A1841EBE3730024C7E911
:108AE0000023C9F80040FFF70FFF2146FDF7E0FD26
:108AF00088F31188BFF36F8FBDE8F84FFFF794BE7E
:108B0000C8060020F02C00205013002010B5EFF311
:108B10001184202383F31288BFF36F8FFFF7CEFEFB
:108B2000054A0346D2E90001181841EBE37184F3CA
:108B30001188BFF36F8F10BD50130020F8B50446A5
:108B4000EFF31187202383F31288BFF36F8F02683E
:108B500022B187F31188BFF36F8FF8BDD0E90A36D1
:108B6000581C46F10001022871F1000127D3012BA6
:108B700076F10001BCBF012316465D1E46F1FF36AB
:108B800009F04DFD013041F10001401946EB0101B2
:108B9000012871F1000139DB09F041FD013041F19B
:108BA00000016FF00102401946EB0103121A4FF069
:108BB000FF3161EB030318492046FFF7C5FE236B25
:108BC00001332363236A6BB187F31188BFF36F8F7F
:108BD000236A20469847EFF31187202383F31288F6
:108BE000BFF36F8F54F8185FA542B2D0002DB0D0FC
:108BF000284609F025FC0023EB6787F31188BFF3B3
:108C00006F8F2846BDE8F84009F0F1BB6FF0010214
:108C10004FF0FF33CFE700BF3D8B01002DE9F0415E
:108C200005461C4690461F46EFF31186202383F32A
:108C30001288BFF36F8FB4F1FF3F08BFB2F1FF3F5F
:108C400005D186F31188BFF36F8FBDE8F081531C07
:108C500074F1FF3309DB012A74F10003BCBF012268
:108C6000002412F1FF3844F1FF37284609F0BEFC1A
:108C7000DDE906010023C5E90A012B6303494246E9
:108C80003B462846FFF760FEDBE700BF3D8B010057
:108C900038B50346EFF31185202282F31288BFF323
:108CA0006F8FC160012181600068834206D185F326
:108CB0001188BFF36F8F0024204638BDD0E9003201
:108CC00013605A600023C0E9003309F00BFD294608
:108CD00004460248FFF71AFCEEE700BF8D2F002084
:108CE00073B506460D4609F03DFB78B90B4B9B6802
:108CF0005C6F7CB12A1D09D200200021CDE9000162
:108D000046F00401204609F092F808B9002401E079
:108D10000460041D204602B070BD00BFBC2C0020C2
:108D2000014800F018BA00BF014E020070470B68FE
:108D300001330B60704708B509F071FC4FF47A728B
:108D4000A0FB020302FB0131C00B40EA4140C90B0A
:108D500008BD014640F2E73008B54FF47A720023AF
:108D600000EBC1304914E7F70BFABDE80840FFF704
:108D7000CFBC08B5BDF8081069B9012B0BD110782C
:108D8000012802D0022800D040B9E9F767FAE9F7D4
:108D9000D7F8012008BD6FF00C00FBE76FF0120060
:108DA000F8E700EBC100408840087047F8B503467B
:108DB000FFF7F7FFB0FA80F0C0F11F0003EB800C63
:108DC000CA00DCF81060171D0C4606328DB256B989
:108DD000012101FA00F0D9680143D960CCF81040B4
:108DE000DD539D52F8BDF1000431585AD85303EBBE
:108DF000C0009E52C5805D52F4E710B500EBC1047F
:108E0000E388994202F104010AD1012303FA02F234
:108E1000C36823EA0203C360002340F8213010BD79
:108E2000A28840F8213000EBC20100EBC300CB80E8
:108E30008280F4E708B50346FFF7B3FFB0FA80F28B
:108E4000C2F11F021846BDE80840FFF7D6BF2DE962
:108E5000F843B1FA81F5C5F11F0900EB8908034613
:108E6000D8F810200E46C2B10327D8F81040184693
:108E70002146FFF796FFB04206D34A461846FFF751
:108E8000BCFF2046BDE8F88303EBC404013FE08843
:108E9000C8F8100001D08242E7D1C5F120024FF09E
:108EA000FF349440DA681440EBD094FAA4F2B2FA9A
:108EB00082F2111D53F821402146DFE738B5034601
:108EC000FFF76FFF0D46044611461846FFF769FF8E
:108ED00003EBC5050444600068801846FFF761FF96
:108EE000014423F8314038BD38B50346FFF759FF38
:108EF0000C46A51A511A03EBC404054448006080CF
:108F000003EBC2006C00448023F83210184611466F
:108F1000FFF747FF014423F8315038BD38B5054607
:108F2000FFF73FFF0C46014405EBC1035B88DA07FE
:108F30000AD42846FFF77EFF21462846FFF731FF77
:108F400022182846FFF7BAFF35F83410611A05EBEE
:108F5000C1035B88DB070CD42846FFF76BFF35F8AD
:108F600034102246611A2846FFF7A8FF35F834303E
:108F7000E41A21462846BDE83840FFF717BF61B123
:108F800000680439091A21F007030344C9085A8804
:108F900022F001025A80FFF7C1BF704770B5056823
:108FA00009B9002070BDAB68B3EBD10FF9D90B3113
:108FB000CC0821462846FFF74AFF06460028F0D095
:108FC00001462846FFF7EDFEA04207D93219284690
:108FD000FFF78AFF11462846FFF7E8FE05EBC602B9
:108FE0001046538843F0010353800430DAE72DE93B
:108FF000F84301F1FF3919EA010906680F461446E2
:109000000CD04B420B40042B1A464F4628BF04227B
:10901000994664B900252846BDE8F883042904D898
:10902000BDE8F8431146FFF7B9BF0422F1E7B36882
:10903000B3EBD40FEED904F10B013944891AC908F6
:109040003046FFF704FF80460028E3D009F104050D
:1090500005EBC0057B1E35441D44B5FBF7F57D438C
:10906000A5EB09052C442B1F07349B1B24F0070498
:10907000A41BB0EBD30F4FEAD3074FEAE40408D2A6
:1090800001463A463046FFF72FFF41463046FFF78C
:109090008DFE39463046FFF784FE3844844207D2BD
:1090A00030462246FFF720FF21463046FFF77EFE7E
:1090B00006EBC706738843F001037380ABE7043AFD
:1090C000F0B40446C81D114420F0070021F0070148
:1090D0000E1AF3082060B3FA83F20446C2F12405A5
:1090E00000278360AD0044F80C7F0735C2F12002F1
:1090F000E90804EB820244F8047F9442FBD14A0061
:1091000042F00102428000EBC1045A1A5500078068
:109110006580841920F8311000EBC3036780825307
:109120005A8842F001025A80F0BCFFF73FBE00208F
:10913000704730B50C688B6814B14A689A4202DCFB
:1091400001338B6030BD013A9A4214BF05460025B9
:10915000E5548B68F4E70FB407B504A951F8040B84
:109160000191E9F787FA03B05DF804EB04B07047AA
:109170000CB407B504AB53F8042B0193E9F788FA54
:1091800003B05DF804EB02B07047044608B508462A
:1091900011461A46A047FFF7D9FAEAF7FBFE2DE978
:1091A000F84F9A46D3786F2B81460F461546A3F1A8
:1091B000410B2BD026D8582B0CBF10260A26DDF8E1
:1091C00028803246002348463946E6F7D9FF092A67
:1091D00008F1FF38D4B21ED83034B145E4B277F18B
:1091E000000788F8004001D3D04511D82B789B06A2
:1091F00005D5082E15D1AB7843F00803AB70404677
:10920000BDE8F88F03F0F703702BD5E70826D6E703
:1092100081460F46D5E7BBF1190F94BF3734573459
:10922000DBE7102EEBD1AB7843F01003E6E72DE936
:10923000F0410746884615461E461446B44205D3FB
:109240000EB1601B08E02378002BFAD014F8010B54
:109250004146B8470028F1DABDE8F0810FB407B500
:1092600004A951F8040B0191E9F704FA03B05DF881
:1092700004EB04B07047F0B56423054604260020D3
:109280000A2769B9F0BD9A42B2FBF3F40CD2012B64
:109290000AD048B903FB1422D2B20A24B3FBF4F378
:1092A000013EF0D12E70EDE7303405F8014BB2FBF2
:1092B000F3F4013903FB14220130B3FBF7F3C9B215
:1092C000C0B2D2B2DBB2DCE7A0F13003DBB2092BD3
:1092D00002D80B7000207047A0F16103052B02D863
:1092E0005738C3B2F5E7A0F14103052B01D8373851
:1092F000F7E76FF015007047F7B5054601F001007C
:1093000000EB51069E424FEA510703D90026304632
:1093100003B0F0BD58B128780DF10701FFF7D4FF75
:109320000028F3DB9DF8073002F8013B01350135D9
:109330001744BA42EBD015F8010C0DF10701FFF705
:10934000C3FF0028E2DB9DF807402401E4B214705B
:1093500015F8020BFFF7B8FF0028D7DB9DF80730A0
:109360001C4402F8014BE4E7038B13F0070305D11B
:109370000368002B0CBF002003207047022B05D18F
:10938000408BB0FA80F0400980007047012B05D176
:109390000368002B0CBF0020052070470020704799
:1093A00010B50C4600B111B96FF0150010BD081DC5
:1093B00000F0B7F80028F9D1A368032BF6D9F3E73A
:1093C0002DE9F0410D4607461946281D90461E46D8
:1093D00000F0BBF8044638B13346424629463846C9
:1093E000A446BDE8F0416047BDE8F08110B4EFF35A
:1093F0001182202484F31288BFF36F8F416110BC67
:109400000121E9F715BD38B50C46054658B151B1F3
:109410000B6843B14B6833B11C22002101F0D9FE27
:109420002C61002038BD6FF01500FBE770B50546D4
:109430000E46FFF7B5FF041E14DBEFF31182202365
:1094400083F31288BFF36F8F6B8B2C8B4FF6FF71FA
:109450008B4204F0070407D182F31188BFF36F8FAA
:109460006FF00A04204670BD022C0CD101336B83CF
:1094700082F31188BFF36F8F0023224631462846BE
:10948000FFF79EFFEEE7062C14D8DFE804F0041384
:109490001313041A0400002333606B683BB9C5E959
:1094A0000066ACB902212846E9F7C2FCDAE71E6083
:1094B0006E60F6E782F31188BFF36F8F6FF00404DC
:1094C000D0E782F31188BFF36F8F6FF08504C9E78F
:1094D00082F31188BFF36F8FC4E710B5EFF31182E9
:1094E000202383F31288BFF36F8F048B04F00704EB
:1094F000022C0AD0012C0CBF6FF004006FF0850025
:1095000082F31188BFF36F8F08E0438B013B9BB25E
:10951000438323B92146E9F78BFC204610BD204642
:10952000EEE7034640B1426802F00302022A06D089
:10953000032A04D0012A05D06FF0150070471A687D
:10954000002AF9D000209860704710B54268816009
:1095500002F00302022A03464FF0000407D0032A58
:1095600002D05C60002001E018685C6010BD1868E3
:109570005C600028F6D0FFF78BFBF3E7704770B410
:1095800006688489806A0D0C16FA81F105FB0411C6
:1095900084682468A44670BC60472DE9F0431C46EB
:1095A000C36A1D686D4289B006468846174605F0B5
:1095B00020051CB9204609B0BDE8F083AC42A146A5
:1095C00028BFA9464B466A4641463046FFF7D7FFBB
:1095D0000028F0D16B46484502D1241A8044E8E7C0
:1095E00013F8012BBA4201D10130F4E70120E2E780
:1095F0000B6803F580330B60C0891A0CB0EB134F76
:1096000004BFA3EB02430B60704738B5828903683F
:109610000D0C090C04462D04806A02FB013100F098
:10962000AEFB50B9E26AA389527929462046FFF77A
:10963000B4FF002818BF6FF0050038BD10B5014613
:1096400004460722FF20E8F7F3FFE07110BD03781E
:10965000012B81BF01F1FF31C9185B421940084657
:1096600070472DE9F0410C4605460821C06AFFF716
:10967000EEFF072207462146FF206688B4F80480E3
:10968000E8F7D6FFE379834208D1A8894644C01B96
:10969000B04294BF00200120BDE8F0810020FBE72C
:1096A00038B505460C46FFF7DCFFA0B1A08898B995
:1096B00022884FF6FF739A420DD1E86A0821FFF71E
:1096C000C6FF6288AB899B1AB3FBF0F202FB103035
:1096D000B0FA80F0400938BD0020FCE7F7B5044639
:1096E0000D46C06A0821FFF7B2FF29680746082324
:1096F0002046FFF744FF0646002836D12B683B443E
:109700002B60A28999B2D21B91422ED11A0C03BFB1
:10971000E28902F1FF3203EB0241A3F580312960B7
:1097200008236A462046FFF72AFFE8B9E36A5A7918
:109730006B4613F8011B8A420CD101300828F8D17E
:10974000636805E02B68BDF802201B0C1B04134462
:109750002B600AE069462046FFF7A2FF0028F1D1FE
:1097600029462046E9F772FC0646304603B0F0BDB4
:109770002DE9F043074689B090461E461BB90020EC
:1097800009B0BDE8F0833C688389080C14FA81F1C4
:1097900000FB0314FB6A1D686D4235400CD0B86AAB
:1097A00083682146D3F804902B46C8470028E7D1A8
:1097B000761BE4D02C44A84432464146684601F06A
:1097C000FDFCFB6A1A685979921B0DEB060001F04B
:1097D00000FDD7E90A031B688268214655686A467E
:1097E000A847CDE710B50A46082341680446FFF7AD
:1097F000BFFF08210246E06AFFF729FF63681B1AD2
:109800006360104610BD13B54FF6FF730022044687
:10981000ADF800308DF806308368ADF80420684656
:10982000ADF80230FFF70AFF69462046FFF7DAFF7E
:1098300002B010BD2DE9F04F044695B0C06A082172
:10984000FFF705FF63681B0C1B04054603A92046B0
:109850000393FFF7CDFEDDF80CB0A6895E44761BBE
:1098600006AA0823314620460496FFF788FE021E0A
:10987000C0F2A980E36A06AA5979002312F8010B05
:10988000814240F08F800133082BF7D1A3686268D2
:109890002B449A427ED259462046FFF7B6FE024636
:1098A00091E0BDF81A30360C36041E44049608AA1E
:1098B00004A92046DDF810A0FFF710FF024600289B
:1098C00040F0818008A92046FFF7CBFE18B9019B24
:1098D0005345ECD1DAE7636805930AAA05A9204647
:1098E000059EFFF7FBFE024600286CD1BDF828203C
:1098F000BDF820309A4227D06268059B9A42ECD18D
:10990000B245E4D1BDF82430002BE0D0BDF8227080
:109910004FEA1A431B041F4408A8A368ADF822307D
:10992000FFF78CFEE36ABDF824901E68764206F0CD
:109930002006B9F1000F0ED108A92046FFF752FF0B
:1099400002460028C3D03EE00AA92046FFF789FE60
:109950000028D1D0D4E74E45B04628BFC8460CAA4F
:10996000434639462046FFF70AFE024658BB4346A7
:10997000A1680CAA2046FFF7FBFE41460246E06ABA
:10998000FFF765FEA3680344A360E2B9A9EB0809E9
:109990004744CEE72046FFF736FF024600283FF453
:1099A0007AAF10E0731B06A920460193FFF778FEFB
:1099B00000287FF476AF04A92046E9F747FB02466A
:1099C00000283FF474AF104615B0BDE8F08F0023B7
:1099D0001A46E9F7CDBC2DE9FF471E46037CBDF8CA
:1099E000309004460F469046002B4ED0C06A0821A6
:1099F000FFF72DFEA389A3EB4003B34248D3D4F86D
:109A000004A0CDF804A000254D455146DDF804A082
:109A10000BD96368534520D1BDF80830BB421CD038
:109A20006FF0010004B0BDE8F08702AA01A920464A
:109A3000FFF754FE0028F5D1BDF80830BB4206D12F
:109A400002A92046FFF70DFE08B10135ADB26268EC
:109A5000019B9A42D8D15146DEE7BDF80C30002B6D
:109A6000DED0A945DCD8BDF80A00090CB3424FEAA4
:109A7000014128BF3346014442462046FFF77FFD9F
:109A80000028CFD1BDF80C00CCE76FF00C00C9E77F
:109A90006FF01500C6E713B500240094FFF79BFF95
:109AA00002B010BD704770B54C680368A34201D284
:109AB000012070BD8A682244934201D30020F8E758
:109AC000D1E903254E69B54203D36FF00B038B61D7
:109AD000F4E71B1B42F835304368086902EBC0020B
:109AE00053600B6901330B61E2E72DE9FF41D1F8C7
:109AF0000C80054640461F460C46164601F027FBE3
:109B0000BDF82830009380B2CDE901803B46324653
:109B10002146284603F0A0FD04B0BDE8F08170475F
:109B2000002070470020E9F7F7BD00221146E9F751
:109B3000B9BD034610B508460AB10021116053B102
:109B4000D0B1411E11F8010F80B113F8014BA042B2
:109B500001D13D28F6D100200EE0013313600AE068
:109B60003D2808D0B0FA80F0400905E018782F2889
:109B7000F6D1002AF1D1012010BD10B509B10023A2
:109B80000B6058B103461A781C4601332AB13D2AAE
:109B900003D02F2AF7D101B10B60201A10BD2DE997
:109BA000F341DDF82080019007460C4615461E461D
:109BB000B8F1000F07D0D8F8001081B9D8F804E048
:109BC000BEF1000F14D101A93846E9F7FBFD58B1E9
:109BD0008768019833462A462146B84704E001AA1F
:109BE000FFF7A7FF0028E9D1002002B0BDE8F0810F
:109BF000D8F80830019808932A4633462146F4469F
:109C000002B0BDE8F04160470830704710B5134618
:109C100014460A4681880068FFF73DFFA042A8BFAE
:109C2000204610BD2DE9F04F97B0044601929A46A8
:109C3000894600297CD0DAB1BAFA8AF67609258FEE
:109C40000135ADB2A84604F1080B6F1EBFB2B7F5DF
:109C5000004F26D04A2303AA39465846FFF71BFF78
:109C6000002807DA10F1020F08BFB8463D46ECE7BE
:109C70000126E4E700F158030DEB0300002300F890
:109C80004C3C03A9484601F069FA0028EED126B3FE
:109C900039465846FFF79BFE002805DA17B0BDE8A5
:109CA000F08FBEB30020F9E705F57F513F3189B24F
:109CB0005846FFF78CFE0028F0DB238FBB42F1D122
:109CC0002246013B22F8383F4FF400410223584618
:109CD000E9F74EFB00EAE070E0E7B846B8F5404F20
:109CE00029D0238F434504F1080515D308F5804199
:109CF000019A534689B22846E9F73AFB0028CDDBA2
:109D0000002ECFD0484601F022FA4A46034641468B
:109D10002846DDE70126E1E72246022322F8388FB4
:109D20004FF400412846E9F723FB0028DEDAB5E7C7
:109D30006FF01500B2E76FF00B00AFE773B5C36BC0
:109D400003630446C3B100F108063046E9F7B0F9F1
:109D5000054670B902230DF106024FF4004130466A
:109D6000FFF799FE0028ACBFBDF806304FF4004362
:109D70002387284602B070BD6FF01205F9E72DE980
:109D8000F0418768FB6804460D4616469847BB6855
:109D90002BB1324629462046BDE8F04118476FF006
:109DA0005700BDE8F08138B50D46AB4211461C4660
:109DB00004D81A4601F002FA204638BD0024FBE719
:109DC00001F007BAC30903EB430303EBC30383EAC0
:109DD0004000C0B270472DE9F0430646A9B088465E
:109DE0001446402702F12409E9F72EFE0346002815
:109DF0003ED0402108A89847D0B3B4F9022012F110
:109E00001F0348BF02F13E036D464A4608A9284693
:109E100043F3471300F0F6F92246294618A800F04C
:109E200009FE18B3B4F90230D91D48BF03F10E0181
:109E30002A464046C91000F025FE94F9011018AAE0
:109E4000304600F01FFE94F9011094F9002018AB81
:109E500003EB8202701800F015FE20220021284634
:109E600001F0B7F9012029B0BDE8F083013FBBD173
:109E70000020F8E72DE9F0471C4693F9017093F9AB
:109E800000A0B3F90230A4B09046DA1D48BF03F138
:109E90000E0204AD81460CAE2846D2100295039600
:109EA00000F004FE3A46494614A800F0FFFD14AB4A
:109EB00009EB070103EB8A003A4600F0F7FD234661
:109EC00032462946284600F089FDB0FA80F3019415
:109ED00024AA5B0902EB8301638801331BB2009360
:109EE00051F8882C14A90023084600F0AFFC14AAEE
:109EF0003946404600F0C6FD214614A800F01BFC80
:109F000002AF044608220021384601F062F92022FF
:109F10000021304601F05DF920220021284601F0A1
:109F200058F9B4FA84F0400924B0BDE8F087F0B5E0
:109F300000240646204665B2AB4200DCF0BD51F875
:109F4000247052F824503D440544AF4200F0010013
:109F500018BF002046F8245088BF40F001000134AB
:109F6000E9E700EB81010023884200D3704751F8F4
:109F7000042D43EA52030B60D307F5E770B503687D
:109F8000DB070546144604D4BDE870401146FFF7D0
:109F9000E8BF13460A460146FFF7C9FF21460646B9
:109FA0002846FFF7DEFF46B104F18044013C55F836
:109FB000243043F0004345F8243070BD4FF0000CCE
:109FC0002DE9F74F654664464FFA8CF94B4516DC90
:109FD0004FF0FF3606EB430601964FF00008019F55
:109FE00053FA88FE4FFA8EFEBE455FFA88F628DBEC
:109FF00000EBC30040F8044C03B0BDE8F08F4FF015
:10A00000000E02EB8C0AF04651F82E705AF80469E3
:10A01000A6FB076736190EF1010E6F4134464FFA61
:10A020008EF64FF0000B28BF4FF0010B4E45D84481
:10A030003D46E9DD40F82C4045460CF1010C3C461C
:10A04000C2E70136A94676B202EB8E0A002577B246
:10A05000BB4205DC40F82E4008F101084C46BEE743
:10A060006FF00307774351F826C05AF80770A7FB33
:10A070000C7C3F195CEB090C4FF0000B28BF4FF034
:10A08000010B5D44E1463C460136E0E7002310B594
:10A090001C465AB2914200DC10BD40F82340013307
:10A0A000F7E710B500231A465CB2A14203DCB2FA0E
:10A0B00082F0400910BD50F8234001332243F3E7FA
:10A0C0004A11012350F8220001F01F018B40184073
:10A0D00070474B1E10B55BB2041D1A0603D45A1EFE
:10A0E00054F8221071B101335BB283B103F18042A5
:10A0F000013A50F82210002231B9013B02EB431221
:10A1000010B210BD1346E8E749080132F4E71846DB
:10A11000F7E710B500235CB2A24200DC10BD51F895
:10A12000234040F823400133F5E710B5013A52B21D
:10A13000130601D5002010BD50F8224051F82230FE
:10A140009C4205D802F1FF32F2D24FF0FF30F2E725
:10A150000120F0E730B5013A52B20023140603D5CE
:10A16000181E18BF012030BD50F8224051F822506F
:10A170006C402343013AF1E7F0B5002406469C46C3
:10A18000204665B2654500DBF0BD51F8247052F8F9
:10A1900024303D1AED1AAF4200F0010018BF002034
:10A1A00046F8245038BF40F001000134E9E770B5AB
:10A1B0009DF910601D4633460446FFF7B8FE30B9DE
:10A1C000324621462846FFF7B0FF012807D0334624
:10A1D0002A4621462046BDE87040FFF7CDBF70BD3E
:10A1E00070B59DF910601D4633460446FFF7C4FF65
:10A1F00038B133462A4621462046BDE87040FFF775
:10A2000096BE70BD2DE9F04FA5B01D4614ABCDE94B
:10A2100002310190294610461746FFF75AFFC0EB5E
:10A22000851424B2002C2146B8BF04F11F016342FB
:10A2300003F01F0341F3471104F01F0604A858BFA1
:10A240005E42FFF723FF002E4FEA81002DDD04ABB5
:10A2500000221844C6F1200E13469D421AD804ABC2
:10A2600003EB850300936F1E24AB4FEA45084FEACA
:10A270008509012603EB8707002C53DA24AB03EB97
:10A280008606019856F8881C2A46FFF742FF25B03B
:10A29000BDE8F08F57F823C00CFA06F10A4340F8E6
:10A2A000042B01332CFA0EF2D7E704AB2A463946C9
:10A2B0001844FFF72EFFD2E75AF8883C53F82020C5
:10A2C00024AB03EB80030CF1010C53F8803C0B44EE
:10A2D000D31A34BF4FF0010B4FF0000B9A425EF8D7
:10A2E000882C42F8203018BF59464FFA8CF0404570
:10A2F000E2DB731A5E42294604A85E41FFF731FE95
:10A3000009F190036B44009853F8802C57F8803C77
:10A31000294643EAC273013C47F8803C24B2FFF768
:10A3200020FEA9E724AB4FF0000CC6F1010E6146F8
:10A3300003EB860A03EB8E0ED7E730B51C4691B0CF
:10A34000054693F900306846FFF738FED4F8AC3084
:10A3500069462846984711B030BD13460A46FFF7B4
:10A36000ECBF2DE9F04793F9006092B004468946AE
:10A370001046314615461F46FFF793FE002840F071
:10A3800091803A46494602A8FFF7E7FF3B4602AAFA
:10A3900021460AA8FFF7D1FF02A908463A46FFF76F
:10A3A000DCFF3B462A4649464846FFF7C6FF07F111
:10A3B00004083A4629462846FFF7CFFF43462A4677
:10A3C000214620460096FFF7F2FE43462A462946DC
:10A3D00028460096FFF7EBFE43462A4621462846CC
:10A3E0000096FFF7FDFE3B462A4621462046FFF732
:10A3F000A4FF43462246214628460096FFF7D7FE93
:10A40000434600962A4621462046FFF7D0FE2368A1
:10A41000DB074AD53346424621462046FFF787FDF3
:10A42000314682462046FFF79CFD06F18043013B02
:10A4300054F8232042EACA7244F823203A462146BF
:10A440002846FFF78AFF43460AAA2946284600966F
:10A45000FFF7C6FE43460AAA294628460096FFF79C
:10A46000BFFE0AA9084643462A460096FFF7B8FEF3
:10A470003B460AAA21462046FFF75FFF02AA434651
:10A48000104621460096FFF7ABFE3246294620468D
:10A49000FFF73FFE49462846FFF73BFE02A9484624
:10A4A000FFF737FE12B0BDE8F08731462046FFF7D0
:10A4B00058FDC3E72DE9F04115468AB004460E4623
:10A4C0001C22002103A800F084FE2F1D95F90080B6
:10A4D00003232A46314620460293FFF73EFF3B46C0
:10A4E00002AA21462046CDF80080FFF779FE2B46D0
:10A4F000324621462046FFF720FFCDF800803B463C
:10A5000005F1840221462046FFF751FE0AB0BDE85E
:10A51000F0812DE9F0479AB01646DDF88880444670
:10A52000994614F9045B009507468A46234602467D
:10A53000314602A8FFF754FE02A942460846FFF73B
:10A540000CFF434602AA39463846FFF7F6FE43465B
:10A5500002AA31463046FFF7F0FE234652464946EE
:10A5600002A80095FFF723FE234652464946484677
:10A570000095FFF735FE23463A4631460AA8009576
:10A58000FFF72EFE43460AAA51465046FFF7D5FE76
:10A590002346324639460AA80095FFF708FE424690
:10A5A00049463046FFF7D9FE23460AAA31463046CF
:10A5B0000095FFF715FE23463246394612A800954E
:10A5C000FFF70EFE434612AA49464846FFF7B5FE7E
:10A5D00023465246494648460095FFF701FE42464B
:10A5E00002A912A8FFF7B9FE12A923460AAA084633
:10A5F0000095FFF7F5FD23463A4612A90AA80095F3
:10A60000FFF7EEFD0AA9434602AA0846FFF795FEAA
:10A61000234652460AA950460095FFF7E1FD2A4617
:10A6200012A93846FFF775FD1AB0BDE8F087F0B5FE
:10A630000F46A1B006461946384615461C46FFF798
:10A6400030FD28B1304621B0BDE8F040FFF71EBD17
:10A65000224639466846FFF75CFD294608A8FFF701
:10A6600058FD10A82146FFF711FD012318A81093EB
:10A67000FFF70CFD224608A96846FFF756FD30B9E2
:10A68000224610A93046FFF744FD21B0F0BD009BE3
:10A69000DA0709D421466846FFF763FC22462946BB
:10A6A00010A8FFF76BFCE5E7089BDB0707D4214602
:10A6B00008A8FFF756FC2246294618A8F1E700280B
:10A6C00023461CDD08AA69466846FFF755FD21466A
:10A6D0006846FFF746FC224618A910A8FFF725FD9B
:10A6E000002805DA10A923462A460846FFF71FFC72
:10A6F00010A9234618AA0846FFF73EFDCEE76A4692
:10A7000008A8FFF739FD214608A8FFF72AFC2246D2
:10A7100010A918A8FFF709FD002805DA18A9234693
:10A720002A460846FFF703FC18A9234610AA084644
:10A73000FFF722FDBFE70978490049B2FFF7B1BC36
:10A74000F0B5154689B01C4607460E461A462946FE
:10A750006846FFF702FE23466A4639463846FFF749
:10A76000ECFD23462A4669466846FFF7E6FD234688
:10A770006A4631463046FFF7E0FD09B0F0BD2DE9ED
:10A78000F0478AB01446DDF848A055461F4615F933
:10A79000046B0096804689462B460246214602A855
:10A7A000FFF71EFD02A952460846FFF7D6FD5346A5
:10A7B00002AA41464046FFF7C0FD534602AA214681
:10A7C0002046FFF7BAFD2B464A46394638460096E2
:10A7D000FFF706FD5246394602A8FFF7BEFD02A963
:10A7E0002B46424608460096FFF7FAFC02A92B4684
:10A7F000224608460096FFF7F3FC2B4642462146C8
:10A8000020460096FFF7ECFC534622464946484650
:10A81000FFF793FD2B4602AA414620460096FFF71C
:10A82000DFFC5346224639463846FFF786FD2B4665
:10A830004A46394638460096FFF7D2FC324602A90E
:10A840002046FFF766FC0AB0BDE8F0872DE9F04F1F
:10A85000AFB09146399C029094F9006016A8324638
:10A860001D46FFF756FCB300039301EB86038846B1
:10A8700026A819460493FFF74CFC002D00F08180B8
:10A88000294606A8FFF745FC324616A90EA8FFF791
:10A8900040FC26A91EA8FFF73CFC234606AA16A8E2
:10A8A000FFF74EFFD4F8A450234606AA26A916A8FF
:10A8B000A847234606AA1EA90EA8FFF741FFBDF927
:10A8C000E050023D2DB2002D62DCD9F8005000941A
:10A8D00005F001070EAB03EB4719ED431EAB03EB8D
:10A8E000471705F001050EAB03EB451A1EAB03EB52
:10A8F00045152B4652463946484604F1040BFFF7EE
:10A9000008FE5B460EAA16A906A80096FFF768FC8B
:10A9100006A923463A460846FFF70FFD06A9234637
:10A9200042460846FFF709FD06A933465A4608463F
:10A93000FFF77DFE06A9049A23460846FFF7FDFCB3
:10A9400006A923464A460846FFF7F7FC3B464A4617
:10A95000294650460094FFF712FF234606AA1EA977
:10A960000EA8FFF7EDFE029832460EA9FFF7D1FBC5
:10A97000DDE902031EA91844FFF7CBFB2FB0BDE8A9
:10A98000F08F314606A8FFF781FB012306937BE792
:10A9900029464846FFF794FBB0FA80F77F09C7F1D4
:10A9A00001010EAB03EB411B1EAB03EB41110EABE0
:10A9B00003EB471A1EAB03EB47173B46524658467C
:10A9C00000940591FFF7A5FD059900940B465A46A2
:10A9D00039465046FFF7D3FE013D73E72DE9F843B2
:10A9E000B3F9029019F11F0648BF09F13E060F4660
:10A9F00003F1240546F347160146904633462A469E
:10AA00003846FFF794FA044690B9B9EB461F06DAC8
:10AA100049463846FFF754FB041E18BF012433464D
:10AA20002A4639464046FFF782FA2046BDE8F883B9
:10AA30000124F4E730B5144695B005460CAA234628
:10AA4000084604A902910392FFF7C8FFB0FA80F309
:10AA500001945B0914AA02EB8302638801331BB2E1
:10AA6000009352F8482C002304F144012846FFF7D4
:10AA7000EDFE21462846FFF75EFEB0FA80F0400961
:10AA800015B030BDF0B500254F1E6CB28C4205F1FB
:10AA9000010500DBF0BD3B1B23F0030603F00303BD
:10AAA0009659DB0026FA03F30355EEE7F8B50E4698
:10AAB000D11C48BF911D41F387011446FFF7E6FA08
:10AAC0000025671E6AB2A24205F1010500DBF8BD50
:10AAD000BB1A23F00301B25C03F00303DB009A40CE
:10AAE000435813434350EDE7F0B591B091F900603E
:10AAF00005460C46FFF71FFE28BB271D3246294698
:10AB00003846FFF712FB012820D1324605EB8601BB
:10AB10003846FFF70AFB012818D122466846FFF79E
:10AB20001CFCD4F8A8302246294608A8984732468B
:10AB300008A96846FFF70EFB002814BF6FF002005B
:10AB4000002011B0F0BD4FF0FF30FAE76FF00100C8
:10AB5000F7E7F0B50C4691F9017091B02646014631
:10AB600005463A466846FFF7A1FF16F9440B3A46F8
:10AB7000E9190DEB8000FFF799FF10223146684676
:10AB8000FFF7D3FA28B121466846FFF7ADFF11B0B1
:10AB9000F0BD6FF00300FAE7CB7802785340037002
:10ABA0004B884278534043700A68837883EA1223C3
:10ABB00083700A68C3785340C370CB7902795340DD
:10ABC0000371CB884279534043714A68837983EAA1
:10ABD000122383714A68C3795340C371CB7A027AD6
:10ABE00053400372427A4B89534043728A68837A96
:10ABF00083EA122383728A68C37A5340C372CB7B81
:10AC0000027B53400373CB89427B53404373CA6832
:10AC1000837B83EA12238373CA68C37B5340C37365
:10AC200070471FB502788DF8002042798DF8012019
:10AC3000827A8DF80220C27B8DF8032002798DF88C
:10AC40000420427A8DF80520827B8DF80620C27898
:10AC50008DF80720027A8DF80820427B8DF80920B4
:10AC600082788DF80A20C2798DF80B20027B8DF84E
:10AC70000C204278C37A8DF80D2082798DF80E2051
:10AC80008DF80F3010236A461946FFF78CF805B08F
:10AC90005DF804FBF8B5064608780C46FFF792F815
:10ACA00005466078FFF78EF8A27863785340E27823
:10ACB00053405D406840307060782778FFF782F835
:10ACC0000546A078FFF77EF8A3785F40E3785F4001
:10ACD0007D406840707063782778A0785F40FFF708
:10ACE00071F80546E078FFF76DF8E3785F407D4046
:10ACF0006840B0702078FFF765F862782378534099
:10AD0000A278534080EA0305E078FFF75BF8EDB2E4
:10AD10004540F570F8BD70B5144688B0054600286A
:10AD200049D0002949D0002A49D010230A46684654
:10AD30001946FFF738F821466846FFF72DFF103413
:10AD400001F1A0066846E8F747FF6846FFF769FF8C
:10AD5000694604A8FFF79EFF01A905A8FFF79AFF1F
:10AD600002A906A8FFF796FF03A907A8FFF792FF1D
:10AD7000102319460DEB03026846FFF714F821462D
:10AD800068461034FFF708FFB442DBD1E8F724FF30
:10AD90006846FFF746FF21466846FFF7FDFE102391
:10ADA00019466A462846FEF7FEFF68461022002133
:10ADB000FFF706F8012008B070BD0846FBE7104613
:10ADC000F9E710B50A460F3012F9103B002BACBF63
:10ADD0000023872312F8014D83EA44038A4200F8D6
:10ADE000013902D01378DB09F4E710BD08B520B1B2
:10ADF00058220021FEF7E4FF012008BD10B50446EB
:10AE000088B110220021FEF7DBFF102204F1300090
:10AE10000021FEF7D5FF0023636400224FF4803346
:10AE2000C4E91423012010BD70B504460D46164632
:10AE300010B311B358220021FEF7C2FF2946A664C1
:10AE40003046E8F7D5FE102200212046FEF7B8FF75
:10AE500004F11005A26C21462046FFF75CFF214655
:10AE60002846FFF7AEFF294604F12000FFF7A9FFAF
:10AE70002046FFF7C3FF012070BD0846FCE72DE91F
:10AE8000F0410E4615460446002860D0FAB100296C
:10AE90005DD0D0E9143253EA020158D0013BD0F81A
:10AEA000448042F1FF32C0E91432B8F1000F2CD0D7
:10AEB000C8F1100708F13000BD4220440AD22B46E9
:10AEC00032462946FEF76FFF636C2B446364012012
:10AED000BDE8F0813B4632463946FEF764FF103D3F
:10AEE0000023636445443E44631E04F10F0113F8DC
:10AEF000012F93F830008B4282EA00021A70F6D1DB
:10AF0000A26C21462046FFF706FF04F10F07102D23
:10AF10000AD8002DDBD02B463246294604F13000FA
:10AF2000FEF741FF6564D2E7631E711E13F8012F1F
:10AF300011F8010FBB4282EA00021A70F6D1A26C2E
:10AF400021462046FFF7E7FE1036103DDFE70020E0
:10AF5000BEE770B50C460546E8B169B34A6C102AE5
:10AF60001AD11031631E013904F10F0013F8012FBB
:10AF700093F83060724011F8016F984282EA06023D
:10AF80001A70F3D1A26C21462846FFF7C4FE204672
:10AF9000FFF72CFF012070BD02F130000021C2F14B
:10AFA00010022044FEF70CFF636C2344802283F8D8
:10AFB000302004F12001D5E70846ECE7012801D153
:10AFC000EFF30583FCF7AEBB01460068FFF7F6BF61
:10AFD00008B5E8F75FFEBDE80840E8F75FBE00216E
:10AFE0000120FFF7EBBF61B662B680F31188BFF3B3
:10AFF0006F8F704772B6002383F31188BFF36F8F92
:10B00000BFF34F8F30BF62B6BFF36F8F704772B61A
:10B01000002383F31188BFF36F8FBFF34F8F20BFDF
:10B0200080F31188BFF36F8F62B67047202809D96B
:10B03000B0F1004F08D80138B0FA80F0C0F11F001D
:10B0400040007047082070473E2070472DE9F041CE
:10B0500084460F460446214614F8013B202BFAD0C3
:10B06000A3F109000428F6D92D2B25D14B788C1C8F
:10B070004FF0010E3ABB302B32D00A224FF0FF3195
:10B080000025B1FBF2F102FB01F86FEA080828463F
:10B09000A3F13006092E2AD833469A4237DD6E1CBA
:10B0A00007D0884230D801D143452DDC00FB023067
:10B0B000012514F8013BEBE72B2B04BF4B788C1CCC
:10B0C0004FF0000ED6E7102AD8D1302BD6D12178F8
:10B0D00001F0DF015829D1D1637810220234CDE785
:10B0E000227802F0DF02582AF6D00822C6E743F0A1
:10B0F0002006613E192E0AD8A3F141061A2E34BF4C
:10B10000372657269B1BC8E74FF0FF35D1E76B1C4E
:10B1100007D1FCF701FB22230360284647B9BDE8AD
:10B12000F081BEF1000F00D04042002FF7D00DB1EA
:10B1300004F1FF3CC7F800C0F1E70139034611F8FC
:10B14000012F0AB91A70704703F8012BF7E703467D
:10B1500000201A5C02B970470130FAE7431E01393A
:10B1600013F8012F11F8010F824201D1002AF7D103
:10B17000101A704770B50B4605466AB110F8016B9E
:10B180001C78B44201F1010100D11CB92A781B7866
:10B19000D01A02E0013AEEE7104670BD10B55AB180
:10B1A0000139841810F8012B11F8013FA04201D099
:10B1B0009A42F7D0D01A10BD1046FCE710B5431ED6
:10B1C0000A44914200D110BD11F8014B03F8014F20
:10B1D000F7E7C9B202440346934200D1704703F82F
:10B1E000011BF9E74FF0FF307047034600201A5C5F
:10B1F0000AB1884200D170470130F8E730B585B018
:10B200000446154668460322FFF7D8FF0D220021A9
:10B210000DF10300FFF7DDFF20466A46694605F0A1
:10B2200004FE044620B9032269462846FFF7C6FFFC
:10B23000204605B030BD13B50C4601AA0331FFF717
:10B24000DDFF48B9032201A92046FFF7A7FFB0FAA6
:10B2500080F0400902B010BD0020FBE770B5CE1CA5
:10B2600005460C463046032105F0DDFD60B96379E3
:10B2700003F03F0343F04003637122463146284602
:10B28000BDE87040FFF7BABF70BD01F1200301387F
:10B2900013F8012D00F8012F8B42F9D1704790F877
:10B2A000223043F0060380F8223090F8293043F032
:10B2B000040380F82930704708B505F0B4FDB0FAF2
:10B2C00080F0400908BD70B50D4600210446FEF728
:10B2D00054FC0D2818D1237B302B13D0312B13D1E4
:10B2E000012305F8063B04F10C062A4620460123FB
:10B2F00002210234FEF700F8B44205F1FF35F4D123
:10B30000002070BD0023ECE76FF01500F9E7E8F7C7
:10B31000DDBA10B50C46017822788A428AB00FD087
:10B320006946E9F7AFFC05A92046E9F7ABFC102216
:10B330000DF115010DF10100FFF730FF0AB010BD4E
:10B34000012A06D0022A07D072B940886388C01A41
:10B35000F4E740686368FAE71022611C01300AB024
:10B36000BDE81040FFF71ABF6FF01500E6E7042AAA
:10B3700010B50AD0102A0DD0022A4FF000030FD1C9
:10B3800003700B884380012010BD012303700B68FC
:10B390004360F8E7022300F8013BFFF70FFFF2E7F5
:10B3A0001846F1E7012310B50621044600F8013BD9
:10B3B00005F039FD18B9A37963F03F03A37110BDFF
:10B3C00010B504460722FFF7F9FE237823F00203A5
:10B3D000237010BD0078C0F3400070472DE9F041A4
:10B3E00001F10C080C46054600F10C0140461746D9
:10B3F0001E4606F0E8F8404606F022F9012310FA4E
:10B4000087F068826B722F823946404606F000F959
:10B41000E3687360628A0023E36072816382346050
:10B420002846BDE8F08138B5D1E90032DA600B6812
:10B430004A895A820D4604460868F9F7C5FC00217E
:10B4400010222846FFF7C5FEA07AF9F709FC6169CA
:10B45000054649B1637ADB0704D4436A1B6820467A
:10B460009B6898470023636121462846BDE8384021
:10B4700006F03ABE438A23B9C068B0FA80F04009AA
:10B480007047002070477047D0F8A03083B15A7BD6
:10B49000D1070DD5D2060DD51B7B102B14BF03236E
:10B4A00004234372807A98428CBF002001207047A9
:10B4B0000223F6E70323F4E70F2807D80D280BD85B
:10B4C000052808BF032018BF02207047132803D0A7
:10B4D0001A2808BF0120F6E70120704710B503467F
:10B4E000BFF35B8F53E8000F40EA010243E80024FA
:10B4F000002CF7D1BFF35B8F10BD0B4601461878C7
:10B50000E9F722BC38B5C3681D78B3F8010065B906
:10B510000F21EBF783FC044638B12946EBF7F4FB27
:10B520002046BDE83840EBF7B5BB38BD08B5C36869
:10B530000121B3F80100EBF771FC18B1BDE8084038
:10B54000EBF7A8BB08BD08B5C36801211888EBF765
:10B5500065FC18B1BDE80840EBF79CBB08BD0121B4
:10B560000C3006F05DB838B5C5680121B5F80100AA
:10B57000EBF754FC044680B12B7823B90822E91C70
:10B580009530FFF71BFE201D4FF48051FFF7A6FFFB
:10B590002046BDE83840EBF77DBB38BD30B402EB48
:10B5A000C303044608469A4201D130BC7047114695
:10B5B00011F8085BA54206D1018A53789942F4D369
:10B5C00030BC536818470A46EDE7BFF35B8F50E87D
:10B5D000003F0B4040E80032002AF8D1BFF35B8FF8
:10B5E0007047C0F307231070000E5370D070002313
:10B5F000C1F30720090E9370137150719371D171CB
:10B6000070472DE9F047C7683A78012303EB8203BE
:10B61000028A934240D9BDE8F08707EB85030F21EA
:10B62000B3F80100B3F80360EBF7F8FB044670B120
:10B6300000F1C00800F1240A36B12046EBF768FAA1
:10B64000FCF7EAFA63693BB92046EBF723FB0135C7
:10B650003B789D42E1DBDEE7A1691A6862618B42BB
:10B6600008BFA261C3F80090226A92B9C4E9073307
:10B67000BFF35B8F58E8003F013B48E80032002AE7
:10B68000F8D1BFF35B8F5046013EFCF7ABFCB6B27E
:10B69000D2E713602362EBE70025A946D8E773B52C
:10B6A000C5680121B5F80100EBF7B8FB0446002896
:10B6B0004ED02B781A2B00F1040619D1C378012B38
:10B6C0002AD14FF480613046FFF708FF42050FD4BE
:10B6D000D4F8883000936946D4F89030019320461E
:10B6E000ECF752F8204602B0BDE87040EBF7D2BA52
:10B6F0002B788BB9B5F80330A4F88630B5F805304F
:10B70000A4F88C30B5F80730A4F88E306FF480714F
:10B710003046FFF75AFF17E0BFF35B8F6368BFF354
:10B720005B8FDB05F2D52B78202BEFD194F894308A
:10B73000002BEBD0013B84F894304FF420320023EF
:10B7400004F14000FCF7BCFC2046EBF7A5FCC9E780
:10B7500002B070BD10B503884288934219D8052BFA
:10B7600017D9B2F5486F14D88388B3F5FA7F10D291
:10B77000C088A0F10A0189B240F67644A14208D8F7
:10B7800001339BB25343B3EB800F34BF0120002041
:10B7900010BD0020FCE738B5C3680F21B3F80100E5
:10B7A0001D78EBF73BFB044620B365B12846E9F76B
:10B7B000D7FC294602462046EBF728FD2046BDE887
:10B7C0003840EBF767BA8378012BEFD102F03BFEEC
:10B7D0002046FFF759FE0028E8D10520E9F7C0FC14
:10B7E000052102462046EBF711FD0521204600F019
:10B7F0002DFDE3E738BD70B5C6680F21B6F801002E
:10B800003578EBF70BFB044688B34DB12846E9F7D2
:10B81000A7FC294602462046EBF7F8FC204603E049
:10B82000F378C27A9A4203D1BDE87040EBF732BA9E
:10B830008278C372012A05D00020E9F791FC00212B
:10B840000246E8E70BB102F0FEFD2046FFF71CFEC2
:10B850000028F1D10520E9F783FC052102462046A6
:10B86000EBF7D4FC0521204600F0F0FCD6E770BDD4
:10B87000E8F7A4BF0020704708B5EFF7D9F818B172
:10B88000C089003818BF012008BDF0B5C4682688FB
:10B8900087B00121B0B2EBF7C1FA054618B302AF89
:10B8A000D4F80220D4F8063001976189009102F0A3
:10B8B000D3FBD0B1122142F21A00E9F7F1FB0446A2
:10B8C00070B112210C3005F084FE394620F8026B6D
:10B8D0001022FFF773FC214642F21A00E9F7FEFC42
:10B8E0002846EBF7D7F907B0F0BD022142F21B0062
:10B8F000E9F7D6FB04460028F2D002210C3005F00F
:10B9000068FE2146068042F21B00E7E770B5064656
:10B910000D4642F221000321E9F7C2FB044660B163
:10B9200003210C3005F055FE06808570214642F259
:10B930002100BDE87040E9F7D1BC70BDF7B5C36820
:10B94000D9789A781F8842EA0122ADF80020597907
:10B950001A7942EA0122ADF80220D9799A7942EAAD
:10B960000122ADF804201A7A5B7ABCB242EA0323C2
:10B9700001212046ADF80630EBF750FA064628B90B
:10B9800002212046FFF7C2FF03B0F0BD6946EBF786
:10B99000D1FB38B91E212046FFF7B8FF3046EBF740
:10B9A00079F9F1E70E2142F22000E9F779FB05462B
:10B9B0000028F3D00E210C3005F00BFE04460E22B9
:10B9C0000021FFF706FC2780BDF800306380BDF83A
:10B9D0000230A380BDF80430E380BDF80630238137
:10B9E000294642F22000E9F779FCD7E773B506460D
:10B9F0000D4601AA002142F22F00E9F7EBFC0446B4
:10BA000048B90198C368B3F801203280B3F8033015
:10BA10002B80F9F7D9F9204602B070BD70B5064603
:10BA20000D4640F206400321E9F73AFB044668B1AF
:10BA300003210C3005F0CDFD0680857021460022E3
:10BA4000BDE8704040F20640E9F7C4BC6FF0680002
:10BA500070BDF8B507460E4642F222000621154693
:10BA6000E9F71EFB044678B106210C3005F0B1FD64
:10BA70003B8803804680858021460022BDE8F8404F
:10BA800042F22200E9F7A6BC6FF06800F8BD2DE98C
:10BA9000F0478146884642F2320007219DF820A0F7
:10BAA00017461E46E9F7FCFA0546A0B107210C30FF
:10BAB00005F08FFDB9F80030038080F80280C77070
:10BAC0000671A0F805A029460022BDE8F04742F221
:10BAD0003200E9F77FBC6FF06800BDE8F087C0680E
:10BAE000E9F7C0BD08B500200021E9F71BFC18B13B
:10BAF000BDE80840E9F7ECBBBDE80840EBF7EEB95C
:10BB000070B54FF0FF320D464FF0FF33002106466F
:10BB1000E9F7FEF8022104460C3005F05AFD0670E4
:10BB20004570204670BD033138B5C9B205460E20B8
:10BB3000FFF7E6FF032104460C3005F04AFD012320
:10BB40000370A0F80150204638BD70B505460E467A
:10BB50000F200421FFF7D4FF042104460C3005F028
:10BB600038FD0122067042704580204670BD08B540
:10BB70000722FFF713FBB0FA80F0400908BD072247
:10BB8000FFF71CBBBFF35B8F0068BFF35B8F704791
:10BB900008B5FFF7F7FF084100F0010008BD00F10C
:10BBA000100210B510460C460721FFF7F1FF30B127
:10BBB0000D211046FFF7ECFF08B90123237010BDDB
:10BBC000037A5B07024605D501462A3211F8010BBC
:10BBD000E9F710BF704738B50121054642F22D0044
:10BBE000E9F75EFA044658B129460C3005F000FD2D
:10BBF00021460022BDE8384042F22D00E9F7EABBB9
:10BC00006FF0680038BDBFF35B8F50E8003F0B4317
:10BC100040E80032002AF8D1BFF35B8F704700F193
:10BC2000100210B5072104461046FFF7B1FF50B1CE
:10BC30004FF400411046FFF7E6FF20460021BDE823
:10BC4000104000F010BA10BD2DE9F0414F6886B0E9
:10BC500005460C46C7B9037A5B0715D50868691C09
:10BC60000130FFF784FFD4F80080162239460646DB
:10BC70006846FFF7AEFA1022694608F12A00FFF77E
:10BC80008DFA20B906B1656006B0BDE8F081206884
:10BC9000102205F12A012A30FFF780FA0028F2D09D
:10BCA000F0E710B400F11003BFF35B8F53E8002FEF
:10BCB00022F4004143E80014002CF7D1BFF35B8F5E
:10BCC000130403D510BC012100F0CDB910BC70479E
:10BCD00000F1100208B506211046FFF759FF80B9A0
:10BCE0000D211046FFF754FF58B9BFF35B8F52E8A0
:10BCF000003F23F0100342E800310029F7D1BFF3E1
:10BD00005B8F08BD10B50C4630B919B1EEF74CFE8B
:10BD100000B1441C204610BD0024FBE718B111B14E
:10BD20000846E9F71FBF6FF01500704738B5EAF70E
:10BD3000FBFA0446B0B100F1100207211046FFF7EC
:10BD400027FF78B10D211046FFF722FF014640B9C9
:10BD50002578204600F062F92846E9F72FFF28B140
:10BD600038BD0020BDE83840E9F728BF2046012152
:10BD7000BDE8384000F052B928B1836C1B0305D4EC
:10BD80000078E9F71BBF6FF0150070476FF05700A0
:10BD90007047003818BF01207047037AD90704D5CF
:10BDA00023F001030372E9F783BF990704D523F059
:10BDB00002030372EAF70CB87047034610F4004F11
:10BDC0000CBF07200620DA0348BF00F005009B03E4
:10BDD00048BF00F0FB007047BFF35B8F0068BFF304
:10BDE0005B8F704710B50346BFF35B8F53E8000FBE
:10BDF00000EA010243E80024002CF7D1BFF35B8F77
:10BE000010BD2DE9F74F0C46202100909246E9F72E
:10BE100047F90546002850D020210C3005F0D9FB09
:10BE2000202200218146FFF7D4F909F1010B04EB30
:10BE3000CA0A0026D4F800800023626893420CD31B
:10BE40000834A245F6D1009889F8006000222946FE
:10BE500003B0BDE8F04FE9F7BDBA98F8012098F8B3
:10BE600000C0B01C11181F2908D9BCF1090FC0F17E
:10BE70001F021AD1002A18DD4FF0080CD7B2791C26
:10BE80000BF80610711CC9B25BFA80F00BF801C008
:10BE9000D8F8041001930237FFF790F9019B37445B
:10BEA000FEB2013308F10808C7E72846F8F78CFF0F
:10BEB0006FF0150003B0BDE8F08F6FF06800F9E790
:10BEC000012310B403FA01F1044662B1BFF35B8FA2
:10BED00054E8003F0B4344E80032002AF8D1BFF396
:10BEE0005B8F10BC704710BCC943FFF77BBF2DE9C7
:10BEF000F04F87B005469DF84860DDF840909DF80A
:10BF000044A00C4690460021102202A81F46FFF7CD
:10BF100060F9EEB9CDE90248012202A942F2080017
:10BF2000FFF76FFF044678B9BAF1000F3ED1103524
:10BF3000BFF35B8F55E8003F43F0040345E8003250
:10BF4000002AF7D1BFF35B8F204607B0BDE8F08F22
:10BF5000E9F7BAF98346E4B937BB5846FFF7F7F873
:10BF60000923012ECDE901B48DF800308DF80100D0
:10BF7000CDF80C80D0D1CDF810D005960222CCE7B8
:10BF800014F83320083A012A25D901339845F7D10E
:10BF9000E2E70023FAE717F83320083A012A1AD912
:10BFA00001339945F7D1D8E70023FAE7022E4FF085
:10BFB000010208BF059202A908BF324642F20900F9
:10BFC00008BFCDF810D0CDE90279FFF71AFF00289D
:10BFD000ADD00446B8E76FF01504B5E708B500F139
:10BFE00010031846FFF7F8FE820505D41846FFF740
:10BFF000F3FEC0F3002008BD0220FCE7436813F005
:10C0000008000AD05A0307D403F4C063B3F5806F65
:10C0100014BF0220012070470120704770B506460A
:10C0200086B00D4642F20A000121E9F739F80446CC
:10C03000B0B10C3095B1012105F0DAFA06F1100229
:10C0400003A9204600950723E9F718F800222146A6
:10C0500042F20A00E9F7BEF906B070BD2946EBE7E7
:10C060006FF06800F8E7FFF7D9BF183006F037B96E
:10C07000EAF7DEBA00230B60436813B9C0E9001188
:10C080007047196041607047036800220BB9184679
:10C0900070478B4210D10B6842B9426803609142ED
:10C0A00000D1436000230B60012070471360436898
:10C0B000994208BF4260F5E71A461B68E6E7D0F8E8
:10C0C000B000003818BF0120704708468969116028
:10C0D000C2691A60C27A00211830FFF77AB873B5C6
:10C0E0000446CDE900320D4622B9D0F8A8606B466F
:10C0F00001AAB0472846F8F767FE019B23B10099D3
:10C100006FF06D022046984702B070BD2438EAF700
:10C11000B5BC10B50446006918B1F8F755FE002308
:10C12000236110BD70B5164604460D46EAF7D6FCED
:10C13000012E17D0022E17D1236913B12046FFF725
:10C14000E8FF256121690A8A012A37D9CB681B8853
:10C1500004339BB29A4231D328D92046BDE87040BF
:10C16000FFF7D7BF206918B92046FFF7D2FF01E0DB
:10C170002E8A26B92846BDE87040F8F725BE0C3057
:10C1800005F062FA864207D921690022204600F0B4
:10C190006FFA00232361EDE720692A8AE9680C30F1
:10C1A00005F01DFA2846F8F70FFECBE700232361C0
:10C1B00020460122BDE8704000F05ABA70BD10B5AB
:10C1C000BFF35B8FD0F8C830BFF35B8F00F1C802BC
:10C1D0007BB1BFF35B8F591C52E8004F9C4204D1E6
:10C1E00042E8001CBCF1000FF6D1BFF35B8FE7D132
:10C1F00010BD1846FCE72DE9F84307460E46904669
:10C2000000244FF0D009B44203D100231846BDE802
:10C21000F88309FB0470FFF7D2FF034658B1457B52
:10C22000012D02D0073D012D03D81A884245EDD0DB
:10C230001846EAF72FFD0134E5E710B50446EBF7A1
:10C24000F7F92046BDE81040EAF7B6BB10B5437BCE
:10C25000023B0446062B16D8DFE803F00904151547
:10C26000150B0900017300212046EAF74DFD00205F
:10C2700010BD0088FFF7D2FB0028F9D1637B072BA4
:10C28000F5D10821F0E76FF07F00F1E710B5044623
:10C29000D0F8A00028B9207A04F17001EEF7C8FBAD
:10C2A00038B1E278C3892AB913F0210F14BF0120F5
:10C2B000002010BD13F0240FF8E70346C07A18B130
:10C2C000D3F8A00000B1007B704710B5437B072B6B
:10C2D00004462CD10A0601F07F0313D5BFF35B8F10
:10C2E000021D52E8000F40F4006042E800010029FE
:10C2F000F7D1BFF35B8F2046A372EDF75DFF98B9CE
:10C30000002010BD427A9A42FAD2827A9A42F7D23B
:10C31000BFF35B8F021D52E8000F20F4006042E87B
:10C3200000010029E5D0F6E7637AA372E9E76FF030
:10C330007F00E6E7407A704738B5037A8B420446BF
:10C34000154615D100F1700107222846FEF726FF99
:10C3500080B1E378072243B904F17E012846FEF755
:10C360001DFFB0FA80F0400938BD04F17701F5E710
:10C370000020F9E70120F7E708B5EAF7AFFF10B1B1
:10C38000EAF788FC012008BD70307047F8B5074611
:10C390000D4642F213000E21E8F782FE0646D0B1A8
:10C3A0000E210C3005F015F90E2204460021FEF78F
:10C3B00010FF3B8823802B8863806B88A380AB8829
:10C3C000E380EB88238131460022BDE8F84042F249
:10C3D0001300E8F7FFBF6FF06800F8BD7047F8B5CD
:10C3E00007460E46154600234FF4803204210020F4
:10C3F000EAF74CFD044630B104210C3005F0E9F8B1
:10C400000770467045802046F8BD704710B400F1B3
:10C410004C030122BFF35B8F53E8001F43E8002465
:10C42000002CF9D1BFF35B8F41B9034653F8482B79
:10C430008164D2F8B41029B9C2E92C33006810BC69
:10C44000EAF7A4BB0B60C2F8B430F7E710B5036895
:10C45000D3F8B02042B1D3F8B4401168C3F8B0109B
:10C46000A24208BFC3F8B4104C300023BFF35B8F67
:10C4700050E8002F40E800310029F9D1BFF35B8F6D
:10C4800010BD70B5D0E9003504464BB3D3F8B020E9
:10C49000483000216AB1904234D1A26C51BBD3F82C
:10C4A000B410C3F8B020884201D1C3F8B4200023EF
:10C4B000A36404F14C030022BFF35B8F53E8001F19
:10C4C00043E800200028F9D1BFF35B8F04F1300668
:10C4D000236BD3B96B680BB12046984700232360C8
:10C4E000E3680BB1204698472B6AB3B12046BDE8FC
:10C4F000704018470A60D3F8B420904208BFC3F8D0
:10C50000B410D4E711461268C4E700220023304675
:10C5100004F0F4FFF8F758FCDAE770BD38B5406B6B
:10C5200030B150F8084904B1083CFFF7AAFF04B93C
:10C5300038BDA5682DB12046083DFFF7A2FF2C4667
:10C54000F7E72046BDE83840FFF79BBF38B5436B9F
:10C550000D46BBB1184650F8084904B1083C53F8E1
:10C56000043C9B680BB1294698475CB12046A468FF
:10C57000436824B19B68083C002BF4D1F6E79B6824
:10C58000002BF0D138BD0431EAF780BC38B5054640
:10C59000087A01280DD1C87A07280AD98A61CB61A7
:10C5A00005F1300004F0D7FF2846FFF72FFF0020E9
:10C5B00038BD6FF01500FBE7406B30B1838B8B42C9
:10C5C000A0F1080001D08068F7E7704710B54AB9BC
:10C5D00089B2FFF7F1FF28B143689B6913B1BDE849
:10C5E0001040184710BD38B50D460521FFF7E4FF90
:10C5F00000231A462946FFF7C9FF044610B1284612
:10C60000F8F7E2FB204638BD38B50B8A032B054608
:10C610000C4621D9042104F10C0005F001F8238A0D
:10C6200042889A4218D14178B1B10378012B13D0D6
:10C63000132B11D0022201202D68FFF7D0FE0446F3
:10C6400050B102210C3004F0C4FF0023037043708A
:10C6500021462846FFF7C7FF002038BD406B30B1A8
:10C6600083898B42A0F1080001D08068F7E770470A
:10C6700038B50B8A032B05460C4604D82046BDE886
:10C680003840F8F7A1BB042104F10C0004F0C8FF06
:10C6900041882846FFF7E2FF0028EFD04368214693
:10C6A0005B699847EAE770470346006828B1596814
:10C6B00002681A60884208BF5A607047034600202B
:10C6C00003B970471A8A5B681044F9E710B5D4685B
:10C6D0002378023113B92170012010BD8B42FBD0A9
:10C6E000038A023B038200201061F6E706207047B0
:10C6F00073B51446014605464FF49572206801F063
:10C7000044F8207500BB237A2068ABB1A3F118026E
:10C71000534253419B000193638A0093AE68238A7E
:10C72000E2682946B047002808DB238A83420ED1FD
:10C7300000232375012008E00223ECE710F1FF0F2E
:10C7400005D34042C0B22075002002B070BD0E205B
:10C75000F9E71FB5CDE90123002300931A46ECF752
:10C76000EBFA05B05DF804FB2DE9F04F91B01668C7
:10C7700080460F46002542F601030068D6F8049073
:10C780008DF82C500BA91446ADF82E30FEF7C1FDE4
:10C79000002800F089804FF42053D8F800008DF86D
:10C7A0002C500BA9ADF82E30FEF7B3FD38B1A368BD
:10C7B0001BB15A88BA4200D25F8001200EE0616846
:10C7C0000846FFF77BFF728B738D9A4294BFC0EBD4
:10C7D0000200C0EB0300032803D8002011B0BDE81D
:10C7E000F08F084604F0BDFE05466068FFF766FF5F
:10C7F000728D738B05F10C0B9A4294BFC0EB020A49
:10C80000C0EB030A584604F01FFF824544D260681B
:10C81000FFF754FF728D738B9A4294BFC0EB0200F6
:10C82000C0EB030070B96368987AF8F719FA002230
:10C83000002304F05FFE05460028CED00146606864
:10C8400004F0A0FE00230093D8F80460102302AA8D
:10C8500041464846B047061E26DB227CE068B242CD
:10C860001ED001460BA8FEF782FDE8B1F2B202A984
:10C8700006A8FEF77CFDB8B106A90BA8FEF749FD96
:10C8800090B900236374042105F10C0004F0A1FEAB
:10C89000A0600780A3688FE7584604F0D5FEC1E783
:10C8A00002A9FEF77BFCEBE70023A36085E7F8B560
:10C8B0009368166805460F46144663B9506801210F
:10C8C0000C3004F086FEA0602B681B78002B14BF90
:10C8D000022301230370A3681B78012B03D0022BD2
:10C8E0001FD000201CE02B681B78002BF9D160685A
:10C8F00004210C3004F06DFEE06007802A68E368D4
:10C9000052885A806168728D738B088A9A4294BFEC
:10C91000C0EB0200C0EB0300042894BF00200120FC
:10C92000F8BD2B681B78022BDBD1606812210C301C
:10C9300004F04FFEE06007802968E06810220131B2
:10C940000230FEF73BFC6168728D738B088A9A4255
:10C9500094BFC0EB0200C0EB03001228DDE770B407
:10C9600005686A6A52B3136803B1A83BA2F1A80430
:10C970000022114600E0A83B844207D0668D648BFC
:10C98000B14238BF3146A24238BF22461C462BB1C5
:10C99000D3F8A830002BEED18442EFD1438D408BE9
:10C9A0008B4201D890420BD9824238BF024699424D
:10C9B000286838BF194670BCECF7ECBD1146EDE7AE
:10C9C00070BC7047D0680378043113B9017001203E
:10C9D00070478B42FBD091680B8A0020043B0B828E
:10C9E000106170472DE9F04F044685B0104690461F
:10C9F0009946FFF763FE638B628D934228BF13460F
:10CA000083428B4640F2938063680393404604F070
:10CA1000A8FD4FF0000A06464046FFF74FFE628B26
:10CA2000638D06F10C079A4294BFC0EB0205C0EB80
:10CA30000305384604F008FE854217D24046FFF74A
:10CA40003DFE628B638D9A4294BFC0EB0205C0EB42
:10CA500003058DBB98F80A00F8F702F900220023BD
:10CA600004F048FD064630B9574636E0384604F033
:10CA7000EBFD0546EDE70146404604F083FD4046E8
:10CA8000FFF71CFE628D638B06F10C079A4294BF80
:10CA9000C0EB0205C0EB0305384604F0D5FD854226
:10CAA0001FD24046FFF70AFE628D638B9A4294BF05
:10CAB000C0EB0205C0EB0305F168328ACDF80090A7
:10CAC000DBF8047003980A44ABB25946B847071E16
:10CAD0000CDABAF1000F18BF5746384605B0BDE86A
:10CAE000F08F384604F0B0FD0546E5E70E9BB3B97C
:10CAF000394606F10C0004F06CFD4046FFF7DEFD00
:10CB0000638D628B934228BF1346B9448342BA4473
:10CB10001FFA89F9A8D9AF423FF47EAFA4E70F9A74
:10CB20000E9B3946304698470028E1D19CE7002704
:10CB3000D3E70368002203B970478B420FD10B681B
:10CB40003AB942680360914200D1436000230B6010
:10CB5000704713604368994208BF4260F6E71A467F
:10CB60001B68E8E706207047BFF35B8F50E8003F83
:10CB700043F0080240E800210029F7D1BFF35B8FA2
:10CB8000C3F3C000704773B516680546002370688C
:10CB9000137314462946952200F0F7FD207380B9DF
:10CBA000CDE900002946A388A2683046FFF71AFFA6
:10CBB000002809DA10F1FF0F26BF4042C0B20E2054
:10CBC0002073002002B070BD0120FBE72DE9F34186
:10CBD0001668074600237068137314463946952279
:10CBE00000F0D3FD0546207308BBA068718B728DE1
:10CBF000038A914294BFC3EB0103C3EB0203012BF1
:10CC000015DD02210C3004F0E4FCCDE9005580462E
:10CC1000A388A26839463046FFF7E4FE031E0ADA0D
:10CC200013F1FF0F26BF5B42DBB20E2323730020FC
:10CC300002B0BDE8F081A8F800300120F8E72DE946
:10CC4000F04104468868FFF739FD638B628D93429B
:10CC500028BF134683420D461DD3E165D1F80880F5
:10CC600000278F60FBF796FC41462046EAF75EFFFF
:10CC7000064638B1C5F80880E765FBF79FFC3046EB
:10CC8000BDE8F081618D638B994228BF1946284623
:10CC900000F00DFFF1E76FF07906F0E738B5BFF36C
:10CCA0005B8F0B68BFF35B8FDB07054617D550F82A
:10CCB000040CA0B1AB6D93B90430FFF7F5FC04464A
:10CCC00068B10146281FFFF7BAFF002807DA55F8B8
:10CCD000043C5A6822609A685C6002B99C6038BD66
:10CCE0002DE9F041446A07463CB354F8A86906B1FF
:10CCF000A83E00231D4607F1040801E0344616460D
:10CD0000E26D9AB905B98BB94046FFF7CDFC0546EF
:10CD100058B101462046FFF792FF00280DDA7B68E4
:10CD20002B60BB687D6003B9BD6023462EB1D6F889
:10CD3000A820002AE2D0A83AE0E7BDE8F08170B56B
:10CD400000220446002308460E4604F0D7FB0546A1
:10CD500058B101462046EAF7E9FE044618B12946D3
:10CD6000304605F0C1F9204670BD6FF00104FAE7C6
:10CD7000F8B50546071F00F1540350F8044CBFF303
:10CD80005B8F53E8001F21F0040143E80012002AE2
:10CD9000F7D1BFF35B8F04B3AB6D8BB963687BB125
:10CDA000201DFFF781FC014606463846FFF747FF86
:10CDB000002812DA63683360A368666003B9A6606E
:10CDC00005F15C013846FFF7BAFF30B104F10C0100
:10CDD0003846BDE8F840FFF7B2BFF8BD38B50446A5
:10CDE0000D46EAF7A3FE30B1294604F16000BDE824
:10CDF000384004F0B0BB38BD2DE9F04188461746F5
:10CE00000121042205461E46EAF720FD044670B1C2
:10CE100004210C3004F0DDFB80F80080A0F80170E4
:10CE2000C67021462846BDE8F041FFF7D7BFBDE8F0
:10CE3000F08137B50C46054601F10C0004F0F8FB13
:10CE4000228A0192E26800920346132212212846A8
:10CE5000EAF776FF03B030BD37B50C46054601F161
:10CE60000C0004F0E5FB228A0192E26800920022A5
:10CE7000034611462846EAF763FF03B030BD08B504
:10CE8000437B072B01D0002008BD0421FFF7E6FB00
:10CE90000028F8D0BFF35B8F436DBFF35B8FDB07D8
:10CEA000F1D550F8040CEFE770B50E461546FFF7C4
:10CEB000E6FF78B1436A6BB1184650F8A83903B160
:10CEC000A83B691C428D448BA24228BF2246914256
:10CED00002D93BB9002070BD2A463146BDE87040FA
:10CEE000EAF7B4BCD3F8A84004B1A83C18462346DE
:10CEF000E8E707B5CA681388528800920C210D2212
:10CF0000EBF7B6F803B05DF804FB07B5CB68002279
:10CF10001B8800920A210B22EBF7AAF803B05DF8F8
:10CF200004FB2DE9F041CB681F88BBB2162B0546E8
:10CF30001BD90321EAF764FF0646C0B102210C3079
:10CF400004F047FB00244FF0410880F80080447053
:10CF500031462846FFF742FF2846A5F81A806F851C
:10CF6000FFF7FDFC2046BDE8F0810420FBE70E2022
:10CF7000F9E7EBF75DBE0A8AC9680023EBF7E6B96B
:10CF800070B5054650F8043C55F804690446002B7A
:10CF900032D031B1836D7BB31B7CDA072CD50523EE
:10CFA0001DE03046ECF70AFB737A012B24D0A46D08
:10CFB00014B3237CDB071FD5E368002BEFD0626935
:10CFC000617C2846EAF742FC064638B1D4E90512EE
:10CFD000E368984750B13046F7F7F6FE0E2300227B
:10CFE00028461146BDE87040EBF7B0B931462846F7
:10CFF000EAF79CFD0028EED170BD70B50E46FFF734
:10D000003EFF044628B93046F7F7DEFE6FF07F009A
:10D0100070BD00F10C052846314604F09CFA606AA8
:10D0200038B150F8A84904B1A83C2946FFF787FE5B
:10D0300020B90020ECE71C466FF00100002CF8D06E
:10D04000D4F8A83023B90230F5D020461C46ECE7CE
:10D05000A83BF8E738B505460C46FBF79BFA28468F
:10D06000FFF70DFF20B9FBF7A9FA6FF07F0038BD7D
:10D070000023236083683BB9C0E90144FFF730FE19
:10D08000FBF79CFA0020F2E71C608460F6E70120C1
:10D09000704708B5FFF7F3FE98B1436A8BB1BFF351
:10D0A0005B8FA83B03F1580252E8000F20F0080004
:10D0B00042E800010029F7D1BFF35B8FD3F8A83015
:10D0C000ECE708BD08B50421FFF7C8FA30B1BFF39B
:10D0D0005B8F406DBFF35B8FC0F3C00008BD106075
:10D0E000002070470B4609895A898A4203D059812A
:10D0F000DB6803B11847704710B5029CA36833B1D1
:10D10000B1F5807F28BF0E21CAB221469847A37D82
:10D11000E268013BDBB2A37522B11BB92046BDE832
:10D120001040104710BD1060918000207047002013
:10D1300070470722FEF742B81FB51C46BDF81830ED
:10D1400000200F2BCDE90000CDE9020011460CD8DC
:10D1500023440F2B0CDC22466846FEF72FF8684666
:10D16000E8F78EF8204604B010BD6FF00604F9E72A
:10D170006FF00C04F6E708B50722FEF70FF8B0FAD7
:10D1800080F0400908BD10B503789342044605D1EC
:10D190000130FFF7F0FF08B1204610BD0020FCE78A
:10D1A00010B50346BFF35B8F53E8000F40EA01025E
:10D1B00043E80024002CF7D1BFF35B8F10BD10B5FE
:10D1C0000346BFF35B8F53E8000F00EA010243E818
:10D1D0000024002CF7D1BFF35B8F10BDBFF35B8F32
:10D1E0000068BFF35B8F704710B5EBF7EFF90446AB
:10D1F00048B1014611F8010BE7F76CFC0C22002145
:10D200002046FDF7E6FF002010BD70B500F1700666
:10D2100004463146007AFEF72FFB05463146207A58
:10D220001DB1BDE87040FFF7DFBFEBF7CFF928B1C4
:10D2300029460C22BDE87040FDF7CBBF70BD022A25
:10D2400010B508D1002300F170011A46007AEBF7FF
:10D25000A9FA022010BDFFF7D8FFFAE773B505461B
:10D260000E46EBF76FF90446B0B100F10801012258
:10D2700001A8FDF7A3FF04F10C00FFF7AFFF00F0DA
:10D2800001008DF80500022301AC224631462846F4
:10D29000E7F728FC02B070BD0346F6E7F7B5154680
:10D2A000BDF820601F46FEF7E5FA022EADF8060035
:10D2B0000ED8C6F10204BC42A8BF3C460DF10603DD
:10D2C000224699192846FDF779FF204603B0F0BDA4
:10D2D0006FF00604F9E72DE9F0419846BDF81860B3
:10D2E0001546E7F7F1FF0746FDF731FF83B2B3427A
:10D2F0000CD39C1B4445A8BF4446A4B22246B9198E
:10D300002846FDF75BFF2046BDE8F0816FF006047C
:10D31000F9E7F7B51F460023BDF820608DF804300B
:10D320001546EBF7BBF928B100F10801012201A86D
:10D33000FDF744FF012E0DD8C6F10104BC42A8BF81
:10D340003C4601AB224699192846FDF737FF204697
:10D3500003B0F0BD6FF00604F9E713B5C9681046D5
:10D360000A781C46BDF8103092B94A88ADF80620FC
:10D37000022B18D8C3F102029442A8BF14462246D9
:10D380000DF106011944FDF719FF204602B010BD4A
:10D39000102B01F1010106D8C3F110029442A8BF7D
:10D3A00014462246EEE76FF00604EEE7F7B5C968CB
:10D3B000BDF8206015461F46EBF79EF900B10089C5
:10D3C000ADF80600022E0ED8C6F10204BC42A8BF7A
:10D3D0003C460DF10603224699192846FDF7EEFE5C
:10D3E000204603B0F0BD6FF00604F9E7F0B507681A
:10D3F0003D7889B00646144635BB7B88B3F5245F7B
:10D4000004D01BD8A3F52053032B1DD8ADF80A1068
:10D4100002220DF10A012046FDF731FD48B17B885B
:10D42000ADF80A3002220DF10A012046FDF727FD72
:10D4300070B96FF01502C4F8082106E003F55643F1
:10D44000FF339BB2042B13D90125284609B0F0BD48
:10D450000020009003AA776813233146B847021EC4
:10D46000E9DB03A92046FDF70AFD0028ECD1E0E73F
:10D47000ADF80A1002220DF10A012046FDF7FFFC6B
:10D480000028D6D07B88ADF80A3002220DF10A01BF
:10D49000E8E708B50C3029B10121FFF781FEC04350
:10D4A000084008BD6FF00101FFF789FE00F00100A0
:10D4B000F7E710B50446FFF7ECFF38B1214601222B
:10D4C000BDE8104011F8010BEBF72AB910BD2DE9AA
:10D4D000F0411F46BDF81830012B064690462DD866
:10D4E0003B44012B3D462CDCEBF7D8F8044618B939
:10D4F000EBF7D4F8044638B397B1217A98F80020B6
:10D50000002321FA03F0C70703D522FA03F0C0076E
:10D510001DD50133032BF4D102F007021143217210
:10D5200006F17001601CFFF704FE337A23700121BD
:10D530002046FFF7BEFF2846BDE8F0816FF00605E4
:10D54000F9E76FF00C05F6E76FF01005F3E76FF001
:10D550001205F0E770B504461546FFF798FD48B18F
:10D560002046EBF79BF828B1037ADB0702D50121AF
:10D57000FFF79FFFB5B9207A04F17001EBF726F8A9
:10D58000044678B100F10806294604223046FDF72A
:10D5900020FE2146324611F8010BBDE870400423FD
:10D5A000E7F78ABA70BD2DE9FF41884616461F4647
:10D5B000044628B96FF01505284604B0BDE8F0818F
:10D5C00002A9FDF780FE05460028F3D101A92046F7
:10D5D000FCF7D3FA0198D0B902A90020EAF7B2FF0C
:10D5E000044648B9EBF75AF8044690B3002300F814
:10D5F000013B02A9FFF79DFDB8F1000F25D00222E3
:10D6000069463846B047061E08DA3546D4E70A228E
:10D610002946FDF71BFD0028DED0CBE70122694635
:10D6200004F10800FDF7CAFD022E04D000212046B7
:10D63000FFF73FFFC0E79DF801100129F6D801F080
:10D6400001012046FFF725FFB6E72046EBF78CF9EE
:10D65000B2E76FF00B05AFE710B5BDF80810BDF8E5
:10D660001040A14210460BD8641A9C42A8BF1C4629
:10D67000039BA4B222461944FDF7A0FD204610BD2D
:10D680006FF00604FAE713B5044610B9002002B0A3
:10D6900010BD00238DF80430006842F6030301A991
:10D6A000ADF80630FDF735FE0028EFD1E368988825
:10D6B0000028ECD12046EBF70FFB013080B2E6E703
:10D6C000F0B5CC6887B008461F46A3798DF80430C2
:10D6D000BDF830601546FFF7D6FFADF805002168AC
:10D6E0000B789BB94B88ADF807300524B44215D3AD
:10D6F000A41BBC42A8BF3C46A4B201AB2246991968
:10D700002846FDF75BFD204607B0F0BD1022013131
:10D710000DF10700FDF752FD1324E7E76FF0060453
:10D72000F1E71FB5CDE90123002300931A46EBF77B
:10D7300003FB05B05DF804FBEBF7CCBB37B5CC6859
:10D74000BDF81850104622788DF8002094F9012079
:10D750008DF801206288ADF8022022798DF804202E
:10D76000072DE288ADF805200CD8C5F107049C42CE
:10D77000A8BF1C4622460DEB0501FDF71FFD204604
:10D7800003B030BD6FF00604F9E738B5D4074B8A13
:10D79000054604D513F0950F2BD0486848B3900781
:10D7A00004D513F4957F26D0896821B302EA0304D7
:10D7B00014F4DE7F0DD0EB7A2BB92846FEF766FD18
:10D7C000D8B9052038BD14F0300F04D114F4C07F4F
:10D7D00007D10020F6E72846FEF7ACFD0228F5D871
:10D7E000EFE7D5F8A030002BEBD05B7BDB06E8D56C
:10D7F000EFE70220E6E70320E4E70F20E2E72DE968
:10D80000FF41437B072B05460C46174610D10023EA
:10D810008DF80C30206842F6030303A9ADF80E30F2
:10D82000FDF777FD60B9E3689B7913F0300F03D102
:10D83000002004B0BDE8F0812046EBF7E1FB044690
:10D84000002320688DF80C3003A942F60213ADF8CE
:10D850000E30FDF75EFD18B12046EBF7D1FB044614
:10D86000002642F6021820688DF800606946ADF87F
:10D870000280FDF74EFDD8B9002320688DF80C30EA
:10D8800003A942F60213ADF80E30FDF742FD002861
:10D89000CED1E4682246284612F8011BFEF74CFD63
:10D8A0000028C5D023891F4214BF01200020C0E7F3
:10D8B00020688DF8046042F6030301A9ADF8063034
:10D8C000FDF727FD0028D7D020688DF808604FF4B9
:10D8D000205302A9ADF80A30FDF71BFD0028CBD07C
:10D8E00020688DF80C6042F6010303A9ADF80E30F4
:10D8F000FDF70FFD0028BFD02046EBF781FB044663
:10D900000028B0D194E72DE9F843144688469422C4
:10D9100061680646FFF739FF58BB6168012230464F
:10D92000FFF76DFF48B3A2891B2102323046FFF793
:10D93000BBFA054620B300F10C090221484603F06A
:10D9400048FE0746484627F8028BA18903F041FEAE
:10D95000A289A1683846FDF731FCD4E904122846B3
:10D960000123EAF7D1FD29463046BDE8F843FFF729
:10D9700044BB4FF0FF30BDE8F8836FF01500FAE7C5
:10D980006FF00B00F7E72DE9F04105468846EAF70E
:10D9900085FE0446E0B1037ADB0719D500F10C07D8
:10D9A0003846FFF71BFC10F0010611D1B8F1000F4B
:10D9B0000FD06FF002013846FFF701FC10F0020FA4
:10D9C000284609D0FFF765FB01212046FFF771FDCE
:10D9D00001263046BDE8F081FFF759FB0028F8D05A
:10D9E0002846FFF76FFB0028F3D06FF0020138469E
:10D9F000FFF7E5FB2846E5E7F8B505460F46EAF7E9
:10DA0000C3FD394604462846FDF736FF70B36CB3B4
:10DA100004F108066FF001013046FFF7D0FBC207A2
:10DA200003D539462846EBF7E1FD6FF00201304699
:10DA3000FFF7C5FB830703D539462846FFF70EFCE1
:10DA40003046FFF7CBFB054680B92046072200F899
:10DA5000015B2946FDF7BDFBBFF35B8F56E8003F36
:10DA600046E80052002AF9D1BFF35B8FF8BD10B52C
:10DA70000446A0F1170110F8180CFFF7BDFF14F8C9
:10DA80000C0CA4F10B01BDE81040FFF7B5BF38B591
:10DA9000044659B100F170052946007AEBF7A6FD5E
:10DAA000207A2946BDE83840FFF7D8BB38BD70471B
:10DAB0000720704708B50621FEF7D0FD00B1EC380D
:10DAC00008BDBFF35B8F0068BFF35B8F084100F0B8
:10DAD0000100704710B50346D9B1C88910F0240F72
:10DAE00017D01A7D5C7B097BA24228BF2246914257
:10DAF00001D9002010BD820604D4187A003818BF5E
:10DB00000120F7E70521181DFFF7DBFF0028F4D1FE
:10DB1000EFE70120EEE701238B40DB43BFF35B8F90
:10DB200050E8002F1A4040E800210029F8D1BFF347
:10DB30005B8F70470720704770B500230446EC30B8
:10DB40000D46FEF723FD20B12846BDE87040F7F7EB
:10DB50003BB904F5A0704FF47022BDE8704000237B
:10DB6000FAF7E2BA01238B40BFF35B8F50E8002F36
:10DB70001A4340E800210029F8D1BFF35B8F7047BA
:10DB800008B50E21FFF7EEFF002008BD38B50446AA
:10DB90000B4604300D21FFF794FF70B1DD68D4F817
:10DBA000EC300220197A03F1700200F0D1FC50B180
:10DBB000102229462A30FDF701FB20460921FFF7F4
:10DBC000D1FF002038BD0820FCE738B504460B46DD
:10DBD00004300D21FFF775FF70B1DD68D4F8EC302B
:10DBE0000420197A03F1700200F0B2FC50B1102247
:10DBF00029461A30FDF7E2FA20460721FFF7B2FF67
:10DC0000002038BD0820FCE770B5051D0E462846EB
:10DC10000421FFF756FF68B10022002100230846C7
:10DC2000FEF7B1FC044640B904212846FFF79AFFED
:10DC3000204670BD4FF47022EFE701210C3003F055
:10DC4000C8FC0670F4E738B502210546FFF7DCFF93
:10DC5000044678B106210C3003F0BBFC062205F126
:10DC60001101FDF7ABFA284600222146FFF764FFB9
:10DC7000002038BD0820FCE738B504210546FFF731
:10DC8000C3FF044678B110210C3003F0A2FC10222F
:10DC900005F12701FDF792FA284600222146FFF7F9
:10DCA0004BFF002038BD0820FCE72DE9F043044677
:10DCB00091B0102200210CA8FDF78BFA237A052BD6
:10DCC00021D8DFE803F0090303092024042204F12A
:10DCD000D8010CA8FDF772FAD4F8EC3004F1470231
:10DCE00004F1C705CDE9015204F1370603F17E02C4
:10DCF00004F12708009277334246314604F1970039
:10DD0000ECF7A6FE48B1082011B0BDE8F083D4F8C6
:10DD1000E4100029E0D01022DBE7D4F8EC3003F166
:10DD200077027E3308AF019304F11103029200934E
:10DD300003970CAB32464146284600F0B6FC00285B
:10DD4000E1D1237A052B07D1D4F8E01010220CA8DA
:10DD5000002939D0FDF732FAD4F8EC3003F17E0215
:10DD600077330DF11009019304F10A030292009335
:10DD7000CDF80C900CAB42463146284600F095FC9D
:10DD80000028C0D11022494604F1B700FDF706FA79
:10DD90000546E0B90D212046FFF736FF064600286C
:10DDA000B1D010210C3003F014FC10223946FDF7DD
:10DDB00005FA2A4631462046FFF7BEFE201D012106
:10DDC000FFF7D0FE28469FE7FDF703FAC4E70B20D4
:10DDD0009AE770B5D0F8EC30DB78012B044614D10B
:10DDE000CE68051D10212846FFF795FE314610220A
:10DDF00004F1B700FDF7E2F907212846FFF761FEBD
:10DE000028B109212846FFF7ADFE002070BD0A2188
:10DE10002846FFF756FE0028F3D12046BDE87040A3
:10DE2000FFF743BF0720704730B5012303FA01F124
:10DE3000CA43BFF35B8F50E8003F03EA020440E8A7
:10DE40000045002DF7D1BFF35B8F194214BF0120AD
:10DE5000002030BD38B500F170040D460722096876
:10DE60002046FDF79BF930B9696820460722BDE8D6
:10DE70003840FDF7A3B938BD38B50446031D002569
:10DE8000BFF35B8F53E8002F43E800510029F9D11D
:10DE9000BFF35B8F04F5A07004F021FA2572BFF385
:10DEA0005B8F54E8003F44E80052002AF9D1BFF3E9
:10DEB0005B8F20460121BDE83840FFF753BE2DE9B6
:10DEC000F04389B0DDE9107899463B78129D8DF8D2
:10DED00000300C4698F800308DF8013011460646A7
:10DEE00007220DF10200FDF769F9072249460DF1FD
:10DEF0000900FDF763F904F110002A46694614F899
:10DF0000013B11F801CB844283EA0C0302F8013B88
:10DF1000F5D12A462946304602F087FF044620BB49
:10DF2000062208F1010104A8FDF748F90622791C30
:10DF30000DF11600FDF742F90422214607A8FDF76E
:10DF400048F905F110002A4604AB12F8014B13F80A
:10DF5000011B824281EA040102F8011CF5D12A4624
:10DF60002946304602F061FF0446204609B0BDE86C
:10DF7000F083F0B5071D85B004460A213846FFF747
:10DF8000A0FD88BB04212046FFF7ECFD0321D4F857
:10DF9000EC60FFF739FE0546C0B110210C3003F0EC
:10DFA00018FB06F17E03773602900193009604F188
:10DFB000100304F1090204F1270104F14700FFF7FF
:10DFC0007EFF064628B12846F6F7FEFE082005B07B
:10DFD000F0BD024629462046FFF7AEFD31463846E1
:10DFE000FFF799FD0020F2E700213846FFF7BAFD60
:10DFF000F8E770B5051DCE6804460B212846FFF7EB
:10E000008AFD3146102204F11700FDF7D7F80521EB
:10E010002846FFF756FD20B92046BDE87040FFF7BF
:10E02000A8BF237A012B09D0022B13D1204604214B
:10E03000FFF798FDBDE87040EBF726BC0A212846A3
:10E04000FFF73FFD0028F1D028460021FFF78AFDA9
:10E05000002070BD0820FCE72DE9F341099FCDE9C0
:10E0600000230446FFF726FD054600287CD0BDF8B6
:10E070002080061DB8F1000F28D1DDE900321343DE
:10E0800024D103213046FFF71CFDF8B101213046B1
:10E09000FFF717FDD0B12C7D6B7B9C4228BF1C463F
:10E0A000224605F147013846FDF788F80F2C05D8C0
:10E0B000C4F1100241463819FDF78BF830460121B2
:10E0C000FFF750FD012002B0BDE8F081D4F8A03088
:10E0D00083B904F17008217A42462020ECF740FC15
:10E0E000C4F8A00030B9217A42460120ECF738FC90
:10E0F000C4F8A000BDF82080D4F8A000B8F1000F4B
:10E100000CD1DDE90032134308D100B3C3899A066C
:10E1100005D5047B00F11A012246C4E7B8B1C389D2
:10E12000DB0714D5082269464030FDF737F870B98F
:10E13000D4F8A000022208A94830FDF72FF8804645
:10E1400028B9D4F8A0100C7B4A312246ABE70F2146
:10E150003046FFF7B6FC20B1022206212046E9F73F
:10E1600055F82846FFF788FE0020ACE76FF08500E1
:10E1700070477FB500250C4610226946CDE9005551
:10E18000CDE902550646FDF709F880B101230C22BE
:10E19000294623706570A570E570201DFDF719F8FC
:10E1A00022462146304602F040FE04B070BD6FF0BA
:10E1B0001500FAE7F8B5031D06460F46184602217A
:10E1C000FFF77FFC044620B1B6F8E840B4FA84F4C7
:10E1D000640903211846FFF774FC58B139463046EC
:10E1E000ECF7AEF8052194B1D6F8EC00FEF72EF866
:10E1F0000020F8BD01211846FFF763FC0028EDD18F
:10E200000F211846FFF75DFC0028E7D1EAE730460A
:10E21000FFF7FAFC054688B101210C3003F0D9F96B
:10E22000234607702246294606F1EC00FEF7AEF9B8
:10E230000028DDD02846F6F7C7FDD9E76FF0680063
:10E24000D7E770B506460820EBF794FA0446B8B154
:10E25000051D08212846FFF75EFC8EB30721FFF756
:10E260005AFC3146202204F19700FCF7A7FF0A214F
:10E270002846FFF726FC68B109212846FFF772FC03
:10E280000720EBF777FA044618B1EBF7E7FA0146F7
:10E2900090B970BD10212846FFF713FC0921002812
:10E2A000EBD12846FFF70DFC0028E9D02046FFF708
:10E2B000FCFC01460028E3D02046FFF77BFFDFE7A8
:10E2C0000B21F9E770B50B46D0F8EC5004460D2150
:10E2D0000430FFF7F6FB98B1297ADE6805F1700289
:10E2E000042000F035F9054618B3022231461830F3
:10E2F000FCF764FF0822B11C05F11000FCF75EFF7B
:10E3000094F8E93023F0010284F8E9209A0708D54F
:10E3100008212046FFF726FCB4F8E81029B10020B8
:10E3200070BD5B07F8D50A21F3E72046ECF708F843
:10E33000F5E70820F4E72DE9F0410E460446D0F851
:10E34000EC80EBF725FAF768261D05460A213046D2
:10E35000FFF76AFD38B16DB920463978EBF7F0FF69
:10E360000020BDE8F0810B213046FFF75DFD00285D
:10E37000F1D1F1E76B69002BEED040469847EBE70F
:10E3800010B50C460621FEF717F910F8043C23EAF5
:10E39000040100F8041C30F8041C21B9BDE8104049
:10E3A000EC38EBF7CDBF10BD2AB98378012B02D131
:10E3B0000221FFF7E5BF704722B98178012901D119
:10E3C000FFF7DEBF704770B50446A0F1EC0650F8C9
:10E3D000543BE83CD3F8A05003F081FF03212046D2
:10E3E000FFF76FFBA0B108213046EBF7A9FF3DB165
:10E3F000EB8913B16B7B9B0702D5284600F0BCF874
:10E4000030464FF4BC72BDE870400021FCF7E1BE1D
:10E4100001212046FFF755FB0028E4D10F212046BB
:10E42000FFF74FFB0028DED1E1E710B508210446D5
:10E43000A0F5A070EBF784FFA4F59E700421BDE861
:10E440001040FFF78FBB70B50446FFF733FB05465E
:10E4500000287AD0061D03213046FFF732FB002842
:10E4600073D0D4F8A00008B100F086F8207A04F147
:10E470007001ECF719FAC4F8A00028B92846082161
:10E48000BDE87040FFF796BE0E213046FFF719FB3E
:10E4900028B1D4F8A020537B43F0020353732A7AA7
:10E4A000D4F8A010032A4B7B3CD8002A41D0D4F8E2
:10E4B000A020537B43F0010353736B7B297DD4F879
:10E4C000A0208B4228BF0B46137305213046FFF76F
:10E4D000F8FAD4F8A0305A7BA0B342F010025A7375
:10E4E0000D213046FFF7EDFA78B3D4F8A0002021D3
:10E4F00000F03EF8D4F8A00005F1470110221A30D0
:10E50000FCF75CFED4F8A000082200211030FCF7D4
:10E5100060FED4F8A0000222BDE87040002118304F
:10E52000FCF757BE053A012A03D843F020034B738A
:10E53000BDE723F020034B73D4F8A020537B23F0D6
:10E540000103B9E722F010025A7370BDE7F7B0BBC0
:10E5500070B504460D461646ECF702FA38B9314656
:10E560002846ECF7A1F910B1C3891C43C48170BDE2
:10E57000C3891943C181704710B5037A5B0704460C
:10E5800001D5E7F725FC214611F8010BE6F74AFB18
:10E5900020465C22BDE810400021FCF71ABE70B591
:10E5A000064698B01446184626B3502204A9A04740
:10E5B000041E1FDB02A93046FCF785FE0546C8B9DC
:10E5C00001A93046FBF7D9FA019868B9ACB902AA9B
:10E5D00021463F20ECF7C4F918B15C222146FCF734
:10E5E000F8FD284618B070BD0A222946FCF72EFD1A
:10E5F0000028EBD06FF01505F3E702A90020ECF737
:10E6000053F950B1502C02D0FFF7B6FFF2E7224683
:10E6100004A90C30FCF7D2FDE3E76FF00B05E0E74F
:10E6200001460246502311F8010B0C32E6F7ECBA12
:10E63000531E1944024411F8013900F8013B90427D
:10E64000F9D1704710B5431E00F11002073013F8DE
:10E65000011F12F8014D1C7083421170F7D110BDDB
:10E66000F0B597B014460E462022014605A81D4677
:10E670001C9FFFF7DDFF202231460DA8FFF7D8FFD2
:10E680002146102201A88DF85450FFF7D1FF3B46D8
:10E69000412205A901A800F054F8044610B93846F3
:10E6A000FFF7D0FF204617B0F0BDF0B597B0054694
:10E6B000164605A810221C461F9FFFF7B9FF10221F
:10E6C000314609A8FFF7B4FF214610220DA8FFF735
:10E6D000AFFF1C99032211A8FFF7AAFF1D9C14F895
:10E6E000013B8DF847302146062212A8FCF766FD53
:10E6F0002146062212A8FFF79BFF1E9C14F8013B3F
:10E700008DF84E30214606220DF14F00FCF756FDE4
:10E71000214606220DF14F00FFF78AFF10222946FD
:10E7200001A8FFF785FF3B46412205A901A800F09B
:10E7300008F8044610B93846FFF784FF204617B0A2
:10E74000F0BD70B5C2B00D461646014616AA684621
:10E750001C46FCF769FB18B96FF0040042B070BDAD
:10E76000324629466846FCF78AFB0028F4D0694601
:10E770002046FCF7EEFB0028EED00020EEE7F7B5D0
:10E780001860C31D054623F00303501E0E4680B2D9
:10E7900014461A800021042206FB0050FCF719FDE4
:10E7A000023CA4B24FF6FF77BC4201D103B0F0BDEA
:10E7B00004FB06602B180422801B0DEB0201284489
:10E7C000013C0193A4B2FCF7F9FCEDE773B50468D2
:10E7D000054694B1E31D23F00303042221460DEB0B
:10E7E00002001E88FCF7EAFC019B23B1073323F0EB
:10E7F0000303013E1E80019B2B60204602B070BDCA
:10E8000070B50C6806460D461CB1E31D23F00303EA
:10E810001C88042229463046FCF7D0FCF21D22F069
:10E820000302631C13802E6070BD02FB0100704761
:10E83000401A90FBF2F080B2704710B511440138D5
:10E840004FF6FF73013A92B29A4200D110BD11F80F
:10E85000014D00F8014FF5E70144884201D1002045
:10E86000704710F8013B002BF7D001207047106073
:10E87000086070470A680346006890424FF0000243
:10E880000ABF0A6010461A60704710B5146820600D
:10E8900014686160106010BD884203D01AB14368EB
:10E8A00013607047002070470B68834209D022B183
:10E8B000586810601A680A6001E0002BFAD1184607
:10E8C00070470023FBE710B5431E00200139C9B291
:10E8D000FF2900D110BD13F8012F002AF6D0541ED5
:10E8E00001302240C0B2F8E7F0B5037E02681C4652
:10E8F0000025FF2C01D10020F0BD04EB44068C4222
:10E900004FEA061702EB061604D0B3681D442346EF
:10E91000D45DEEE7A34204BFD15D01761BB2D15DA9
:10E92000B06803EB43031B01FF29D15406D001EB70
:10E93000410102EB01129368034493602844DBE732
:10E9400030B5551A15F4000F8368446909D125F0D4
:10E950007F452B44A3420ED91B1B002483604461D6
:10E9600030BD891A21F07F418B4201D95B1AF1E752
:10E970000C44E41A0023E41A0023EFE703460022C4
:10E980001A709A6A997008460AB1D96A1047704796
:10E990002DE9F04F89B00368039343680593437AE8
:10E9A00007468846013B5FFA83FABAF1FF0F02D1AE
:10E9B00009B0BDE8F08F059B03EBCA0BDBF8043010
:10E9C0009BF801600493B8F1FF0F78D008EB48047E
:10E9D000039ACDF808802301002512F8038002EB8A
:10E9E00004144FF0FF332370BDF908C038680CEBF6
:10E9F0004C0C4FEA0C1300EB0C1C0693DCF80830AF
:10EA000001933B7EFF22FF2B0CD003EB430E4FEA1A
:10EA10000E1100EB0E1E0791DEF808900199494592
:10EA200080F08780FF2A18BF12B20199CCF8081035
:10EA300018BF02EB4202069908BF029A43541DBF59
:10EA40001201029981543A76FF2B07D003EB43035E
:10EA500000EB0310019A83689B1A8360A37801334B
:10EA60006370002DAFD000212846FFF787FF636851
:10EA7000002BA8D1AB6A2362EB6A6362A3E7049A16
:10EA800006EB46052B01013602EB05159BF800202D
:10EA9000F6B2B24208BF0026049AD35C042B0ED112
:10EAA0006B78029303EB4304039B03EB041462783B
:10EAB000A3789A420AD001212846FFF75FFF9BF80E
:10EAC0000230B342DBD10AF1FF336CE7AB8A7969DC
:10EAD0004FF6FE72934206D04FF6FF729A1A5342D7
:10EAE000534184F82C306B6AA362EB6863602B6936
:10EAF0002362AB8A4FF6FD72934288BF0023A38343
:10EB0000AB69A361EB69E3602B6A2361AB68A36027
:10EB10004FF00009C4F814906A682046FFF710FF10
:10EB2000E378C4F8249043F00103A4F81E90E37046
:10EB300057E70199B1EB0901019105D1BCF81E100D
:10EB4000BEF81EE0714503D81A46079BC35C5AE71E
:10EB5000CDF8049066E72DE9F04F477E01238DB094
:10EB6000054683761FB9037EFF2B03D187760DB050
:10EB7000BDE8F08FF5F782FA6B6995F81890C01A26
:10EB800020F07F430493049AEB6993422B6805932A
:10EB900094BF4FF000084FF00108B9F1FF0F19D1F1
:10EBA000EA7AAB7A934205D10133DBB2022B08BF7C
:10EBB0000023EB72EB7A05EB83030122DF606C6AC2
:10EBC0000023AB7604212B460320A4460DB0BDE8FC
:10EBD000F04F6047059B049909EB4904220103EBC0
:10EBE0000414A3689942DBD3C91A1F44059B0491FE
:10EBF00013F802906378A2789B1ADBB2012B07937B
:10EC000004D0CDF81C80DDF81C80C6E7A16AA66997
:10EC100000296AD00A680AB396B9B8F1000F40F02B
:10EC2000D580EB69BB4200F2D180B9F1FF0F00F053
:10EC3000DC80E38B042002B3FEB9042209921DE0BC
:10EC4000B8F1000F40F0C380EB699F42C0F0BF8075
:10EC5000B9F1FF0F46D0E38B3046ECE7002E41D0F0
:10EC6000B8F1000F40F0B380EB699F42C0F0AF8075
:10EC7000B9F1FF0F36D0E38B30460996A28B9A424A
:10EC80009CBF9A1A93B26268089203FB0223059A0A
:10EC90000B9309EB490302EB0313099AD3F808E03D
:10ECA00072451ED3CDF818E09A6AD3F818C0CDF893
:10ECB00028C012B11268002A35D10A9A002A32D12E
:10ECC0001B78FF2B0DD0059ADDF824C003EB43031E
:10ECD00002EB0313069AD3F808E0724462450692E9
:10ECE000E2D906464FF0000A81E0002EFAD0B8F1D2
:10ECF000000F02D1EB69BB42BAD9E38B94F82C2008
:10ED000001339BB2E38352B1A28B9A4207D2A36A2A
:10ED1000002B00F0A1801B7A012B40F09D80A3788E
:10ED2000013BA3706DE7B3F81EA0B3F81CB0D3F895
:10ED300004C0DA4512D2BCF1000F42D10029BFD085
:10ED4000CDF80CC00A6802B3FEB9DDF828E0DDF8A2
:10ED500018C0E644724518D9064638E0BCF1000FE9
:10ED600016D0AAEB0B0292B20392089A62B3039AEE
:10ED700002FB0CC2DDF82CC0A2EB0E0294452CBFA6
:10ED80000022012203920029DCD1DA4503D297E761
:10ED90000029D5D1039193F803C094F803E00CF057
:10EDA000010B0EF0010AD34507D88CEA0E0C1CF0BB
:10EDB000010F85D1039A002A82D00029CCD10646C2
:10EDC0009BE7CDF80CA0D0E7089ADBE704260B6898
:10EDD0003BB10B7A3BB9A38BE28B93428CBF0023F0
:10EDE00001230B7289E70023FBE7C2460426A36ACE
:10EDF000002B34D0002259685A60A36A1A72A37893
:10EE0000D4F80CB0013BA370BBF1000F3FF4F9AE96
:10EE100060696B69626A381A184420F07F40BAF161
:10EE2000000F1ED1E38BD4F810C0CDF804C094F8C5
:10EE300003C00CF0010CCDF800C0D847BAF1000FA8
:10EE40007FF4DFAEE378A4F81EA06AF30003E3705A
:10EE5000002E3FF4D6AED6E64FF0010AC7E71946BA
:10EE6000CDE74FF6FF73DEE710B4BDF81040049411
:10EE700010BCEBF7DFBF10B58AB000240994149CD6
:10EE80000894139C0794129C0694119C0594109C62
:10EE90000494BDF83C4003940E9C02940D9C019494
:10EEA0000C9C0094FFF7E0FF0AB010BD10B588B0CD
:10EEB00000240794109C06940F9C05949DF83840FC
:10EEC0000494BDF8344003940C9C02940B9C019470
:10EED0000A9C0094ECF768FC08B010BDF5F7CEB8BA
:10EEE000401A20F07F40704738B50446022C08468F
:10EEF0001D4606D100F05AFA08B100242C702046B5
:10EF000038BD0124FBE7002303700B70704738B550
:10EF1000ECF72CFD0D46044620B10146062228469A
:10EF2000FCF74CF9204638BDF8F776BE37B50546F4
:10EF300014460093ADF80610EFF7FAFE2146009A4A
:10EF4000BDF80600EFF738FF2046EFF7BBFE6A4634
:10EF50000DF106012846EFF7D7FE04460028EBD155
:10EF6000EDF71AF803B030BD08B5EDF709F8BDE8C4
:10EF70000840EDF711B80023037004230B707047AD
:10EF800008B5EDF775F9BDE80840EDF781B92DE951
:10EF9000F04F85B09A46DDE90E93DDF840809DF88C
:10EFA000445001900E46174602934FF0000B6DB18E
:10EFB0009AF800400134E4B2A64208BF0024A742F8
:10EFC00004D04046FFF702FC024610B905B0BDE888
:10EFD000F08F02980392FFF7F9FB039A30B941468C
:10EFE000104605B0BDE8F04FFFF70ABCC2F804B008
:10EFF00002609AF80020019B12FB03F2691E49F897
:10F000000200CDB28AF80040D1E708B5EDF740FB29
:10F01000BDE8084001F033BF30B51C780134E4B2DC
:10F02000A14208BF0024A2420546059808D0049AD0
:10F0300002601A78039912FB05F288501C7030BDEB
:10F040000020FCE707B50023CDE90033049BF3F76C
:10F0500077FF03B05DF804FB0A7E0369012A03D140
:10F06000CA681278052A01D01B681847704738B55E
:10F070000C300D460221144602F0ABFA05704470C4
:10F0800038BD70B50446154601320E460C34D2B276
:10F090003E21FFF7ECFF0121204602F09AFA0670AC
:10F0A00029462046BDE8704002F093BA0346006846
:10F0B0005968704770B506460D461446132105225F
:10F0C000FFF7D5FF052106F10C0002F082FA0123BB
:10F0D0000370A0F80150A0F8034070BD0379032B22
:10F0E00007D0172B0DD0183B052B8CBF0020032019
:10F0F0007047037F03F00303032B14BF0520042094
:10F1000070470120704710B5037803F00F03541EB9
:10F11000022BA4B20DD1417804EB8403C3EB03109E
:10F1200010314000C90000F23B1001FB020080B228
:10F1300010BD012B16D01031C9006BB9437801F214
:10F1400083211033DA0001EBC30002F5B37398306A
:10F1500013FB04F31844EAE7062BEFD0102340F228
:10F160003B11EFE7162340F29B21EBE7EEF706BFDA
:10F1700008B5EFF7D3F8002008BD08B5FFF7F8FF92
:10F18000002008BD08B5EFF7BBF8003818BF012014
:10F1900008BD08B5EFF7B4F818B190F8250000F0F5
:10F1A000030008BD70B5054690F826000C46F2F73E
:10F1B000F7FE0146F0B1237843F040032370A61C0C
:10F1C00006223046FBF7FAFF237803F00F03012BEA
:10F1D0000ED195F82600F2F711FF014640B12378D1
:10F1E000204643F0800300F8083B0622FBF7E6FFC9
:10F1F000304670BD2078C0F38010ECF7B7FB0146B5
:10F20000DDE71F292DE9F34105460E46904659D802
:10F2100090F8293000EB8303DF6A3B7803F00F039B
:10F22000012B0AD180F840100A4641304146FBF7D5
:10F23000C5FF002002B0BDE8F0810DF107012830C4
:10F2400001F0B5FE3A78037802F00F0223F01F03B5
:10F25000134303703B780278C3F3401363F3451202
:10F2600002703B78D2B2C3F3801363F3861239463F
:10F27000027011F8023BD2B2DB0963F3C7120446F5
:10F2800000F8022B0622FBF799FF3246414604F1B3
:10F2900008000636FBF792FF667095F86A30DB07C8
:10F2A00004D49DF8073085F82930C2E795F8353049
:10F2B00005EB830321469A6B2846E1F721FD0028E0
:10F2C000EFD0B7E71220B5E71F292DE9F341044637
:10F2D0000F46904658D890F8353000EB830300F184
:10F2E00034059E6B76B92846F4F77CF8C0B2002846
:10F2F0004CD194F8353004EB83039E6B04233370B8
:10F30000062373700DF10701284601F050FE0378C3
:10F3100023F03F03314643F00403037011F8022B3E
:10F32000DBB2C2F3801203F03F0343EA821303709F
:10F33000BB1D4370054606220230FBF73FFF3A46ED
:10F34000414605F10800FBF739FF94F86A30DA0707
:10F3500007D49DF8073084F83530002002B0BDE8AE
:10F36000F08194F8293004EB8303D96A0A784123A9
:10F3700002F00F02D340DB07EBD52A462046E1F727
:10F38000BFFC0028E5D0E9E71220E7E70720E5E722
:10F3900008B5D43000F09EFC38B1037903F00303C4
:10F3A000032B16BF00230060036008BD08B508B139
:10F3B000002008BDEFF76AFA038D002BF9D0F7E7BC
:10F3C0002DE9F34107460E4615469846FFF7EEFF36
:10F3D000044620B3CEB90B9B0193BDF828300093AF
:10F3E000BDF82020BDF824304146F0F7EFFB20B9EE
:10F3F00094F93930002B03DB002002B0BDE8F08126
:10F4000039462046F2F72EFAF6E7022E09D115B951
:10F4100000F083FEF0E7294600F08EFEECE70220C4
:10F42000EBE70120E9E738B50C46FFF7BFFF0546DB
:10F4300060B100F006FE0522014620B12046FBF730
:10F44000BDFE002038BD05F13401F7E70220F9E7E1
:10F4500070B50646FFF7AAFF054670B1012100F01E
:10F4600096FD044638B995F93930002B03DA314658
:10F470002846F2F7F7F9204670BD0224FBE770B585
:10F480000646FFF793FF054668B100F095FD044678
:10F4900038B995F93930002B03DA31462846F2F7AE
:10F4A000E1F9204670BD0224FBE7F8B505460E469B
:10F4B0001746FFF77BFF044698B1D0F830319B0622
:10F4C00011D53A46314600F0CDFD20B994F93930D6
:10F4D000002B01DB0020F8BD29462046F2F7C2F9D7
:10F4E000F8E70220F7E71A20F5E710B54524048075
:10F4F00014804FF426720A801A8010BD38B50D466C
:10F500001446FFF753FF58B190F87630C3F3020367
:10F510002B7090F87730C3F302032370002038BDBE
:10F520000220FCE72DE9F34106460C4617469846B3
:10F53000FFF73CFF0546C0B1D0F83031DB0516D5EA
:10F5400001230093214643463A4600F043FD04461A
:10F5500038B995F93930002B03DA31462846F2F7ED
:10F5600081F9204602B0BDE8F0810224F9E71A24AF
:10F57000F7E710B50C46FFF719FF60B1428DB0F800
:10F58000863153437D22534300204FF47A72B3FBFC
:10F59000F2F3238010BD0220FCE710B50C46FFF704
:10F5A00005FF70B1438D40F2E242534342F21072C4
:10F5B00002FB0434013CB4FBF3F4A0F886410020C4
:10F5C00010BD0220FCE7EEF769BF70B50B68064678
:10F5D000D8880C46FFF7EAFE054618B923680122D1
:10F5E0001A7170BD00F0E1FD2268137F03F0030380
:10F5F000032B08D095F8802173B19207F1D53D23F4
:10F6000085F85031EAE70123137122683146284614
:10F61000BDE87040F0F74CBB9307DFD5EFE710B5BE
:10F6200004460120EFF772FA20460121BDE81040A0
:10F63000EFF712BB90F85A20B0F85030C2F3021224
:10F64000022A14BFDB089B0890F87220B0F84C0027
:10F6500014BF0A3B0B3B9BB2D20644BF043B9BB298
:10F66000984228BF18467047704790F8803143F0A1
:10F67000020380F88031704790F880316FF34103C6
:10F6800080F8803170470278438E12B1581E80B2E4
:10F690007047C28D1344B0F814219818F7E738B5B5
:10F6A00000F13405044605222846FBF787FD0521B5
:10F6B0002846FFF708F994F8393060F3050384F819
:10F6C000393038BDB0F87030B3F5267F28BF4FF41D
:10F6D0002673B3F5A47F4FF4267038BF4FF4A4739C
:10F6E00008801380704710B5B0F86030B0F85A2029
:10F6F000B0F85E40934228BF134690F877201B2B4A
:10F7000002F0070238BF1B23042AB0F8642014BF9C
:10F710004FF4A4714FF42961A24228BF22468A42C5
:10F72000B0F86E4038BF0A469442B0F86A100BD168
:10F7300099420ED0A0F86A3090F8D13043F002031D
:10F7400080F8D130012010BD9942A0F86E20F1D18F
:10F75000F2E70020F7E710B5B0F86220B0F85810D3
:10F760008A4228BF0A4690F8761003461B2A01F009
:10F770000701B3F85C4038BF1B220429B3F86610B8
:10F7800014BF4FF4A4704FF42960A14228BF214652
:10F790008142B3F86C4038BF01468C42B3F8680030
:10F7A00016D1904219D0A3F8682093F8D12042F0E6
:10F7B000010283F8D120012093F8D11041EA5102CF
:10F7C00002F0010221F003010A4383F8D12010BDA9
:10F7D0009042A3F86C10E6D1E7E70020ECE738B5DB
:10F7E0000546FFF780FF04462846FFF7B4FF204395
:10F7F00010F0FF001EBF95F8D13043F0010385F8EB
:10F80000D13038BD1B2928BF1B214FF42673B2F518
:10F81000A47F28BF4FF4A472A0F85E304FF4A47305
:10F82000A0F87210A0F87020A0F85C30A0F8581072
:10F83000704738B504460D46F0F7DEF810B90923D5
:10F84000AB7238BD062229462046EFF745FB20461D
:10F8500001F053FA0023AB720121204600F0EBFACD
:10F860002046FFF709FF204600F06FFD94F88E3028
:10F8700043F0100384F88E30E3E7F8B504460E46F3
:10F88000154622B9F0F7B8F810B90623B372F8BDDF
:10F8900004F18F073B462A4606F13B0106F12B0097
:10F8A00001F001FE1022394604F1B000FBF786FC9E
:10F8B000082204F1A80104F1C900FBF77FFC002233
:10F8C0000023C4E9302394F8C83084F89F5065F3CE
:10F8D000000384F8C83094F8A73084F8A05043F0AF
:10F8E000010384F8A73084F8A15084F8A25084F86A
:10F8F000A35084F8A45084F8A55084F8A65005229B
:10F9000031462046EFF7E8FA4FF4C163738194F86B
:10F910008E3043F0080384F88E30B8E710B402F15B
:10F920001C03D27F033A082A10D8DFE802F0050F43
:10F930000F090F0F0F0B0D00012210BCEFF778BB62
:10F940000222FAE70722F8E70822F6E73D2310BC77
:10F9500080F85031704700230322EFF769BB002382
:10F960000422EFF765BB887A031F5842584170475D
:10F9700013460022EFF75CBB38B504460D4600F095
:10F98000DAFC10B10123AB7238BD204601F059F901
:10F990000028F7D129462046F0F72EF80028F1D0AC
:10F9A000204601F04CF90728ECD02046012101F057
:10F9B00042F920460D2101F041F9162329466B73C7
:10F9C0002046F0F721F8E86129462046BDE8384096
:10F9D000EFF72EBD38B505460C4601F03BF910B1E6
:10F9E0000223A37238BD21462846F0F705F8002807
:10F9F000F6D0284601F023F90728F1D028460D213A
:10FA000001F01CF91723214663732846EFF7FCFF2A
:10FA1000E06121462846BDE83840EFF7ADBC70B53F
:10FA200090F9396090F8763090F87740002E03F026
:10FA3000070504F0070408DB90F8770000F00700E2
:10FA4000001B18BF0120C0B270BD12F0030201F00C
:10FA5000030112D062F3020380F8763029B190F8E6
:10FA6000773061F3020380F8773090F8763003F056
:10FA70000703AB42E0D00120E5E70029EFD1DBE747
:10FA800070B591F82C3091F82D20042B0C4611D82C
:10FA9000032B0FD0042A0DD8032A18D1112381F883
:10FAA00028300125668DFFF7EEFD801B03040CD482
:10FAB000282307E0112184F828100125134313F0AF
:10FAC0000703EFD184F828300125284670BD0025B2
:10FAD000F4E7F7B50E460DF1060201A9B0F86C5037
:10FAE000B0F86E700446FFF7EDFD96F82D1051BB8F
:10FAF00096F82C301BB194F93930002B2ADA96F89D
:10FB00002C301BB194F93930002B40DBB4F86C3049
:10FB1000AB420BD3BDF806209A4207D3B4F86E303F
:10FB2000BB4203D3BDF804209A4248D294F8D130A6
:10FB3000A4F86C5043F00103A4F86E7084F8D1303F
:10FB4000012003B0F0BD94F93930002B02DB96F8A8
:10FB50002C30E3B194F8762094F86800BDF8065094
:10FB600002F0030303440D33DB00C2F34002D34031
:10FB70009BB2B3F5A47F38BF4FF4A4739D4228BF56
:10FB80001D460029BBD094F93930002BB7DB94F81F
:10FB9000772094F86A10BDF8047002F003030B4458
:10FBA0000D33DB00C2F34002D3409BB2B3F5A47F18
:10FBB00038BF4FF4A4739F4228BF1F46A6E700201A
:10FBC000BFE770B502F11C03D27F112A0C460AD0A0
:10FBD000182A03D0072A08D1062200E00222BDE835
:10FBE0007040EFF7B1BD0522F9E7242380F85031CA
:10FBF00000F019FC0023A37270BD13460022EFF73A
:10FC0000A3BD13460322EFF79FBD00230422EFF7A5
:10FC10009BBD70B502F11C03D27F162A0C4609D099
:10FC2000182A0CD0242380F8503101F066F8002304
:10FC3000A37270BD0122BDE87040EFF77BBC0322C8
:10FC4000F9E713460022EFF775BC13460222EFF7DF
:10FC500071BC00230422EFF76DBC0023C0E901331F
:10FC6000C0E90333037070470378013303707047B2
:10FC7000037813B9C36833B97047013BDBB2037033
:10FC8000002BF7D0704702691AB1816829B9436027
:10FC900082600023C0E90333F4E70B60F8E70378E0
:10FCA0003BB10C3000230B60436823B9C0E900115D
:10FCB00070470430F6E719604160704700230B601D
:10FCC000836813B9C0E901117047196081607047FA
:10FCD000406870470346406828B1996802685A60D6
:10FCE000884208BF9A6070474078A0F10C035842E0
:10FCF000584170474078A0F1080358425841704776
:10FD00004078831E5842584170474078A0F117034D
:10FD10005842584170474078431E584258417047F6
:10FD20004078A0F109035842584170474078831F3A
:10FD30005842584170474078A0F118035842584142
:10FD400070474078C31E5842584170474078431F5F
:10FD500058425841704770B5064608460D46FEF7B2
:10FD600035FD044678B10021C0E9051145600672F1
:10FD70008173017381722C222030FBF72AFAFF2352
:10FD8000E37263736372204670BD4078831E5842ED
:10FD9000584170474078831E584258417047407818
:10FDA000431E5842584170474078831E584258417C
:10FDB00070474078A0F11803584258417047407886
:10FDC000431E5842584170474078431E584258419C
:10FDD00070474078A0F10903584258417047407875
:10FDE000A0F109035842584170474078C31E584259
:10FDF000584170474078C31E58425841704708B573
:10FE00000120ECF7CFF8003818BF012008BDECF74F
:10FE1000E3B8D430FFF752BF38B590F84631044606
:10FE20000D4613B9D430FFF71FFF94F846311D4338
:10FE300084F8465138BD90F8463123EA010180F834
:10FE4000461111B9D430FFF713BF70478B6963B106
:10FE50001A792C2A09D11B68D0F848215A608B697D
:10FE600001221A718B69C0F848310B7A072B0BD12C
:10FE70004B6A4BB11B68D0F848215A604B6A01228B
:10FE80001A714B6AC0F84831CB692BB1D0F84C21BC
:10FE90001A60CB69C0F84C31704738B5044600256C
:10FEA00000F0B7FA2046C4E93A5584F8F45000F05F
:10FEB00015FF07222946C4E93E55A4F8045184F8E9
:10FEC0000651A4F8085104F58C70FBF782F9022260
:10FED000294604F59C70FBF77CF91822294604F5A5
:10FEE0009070FBF776F9EBF71FFD94F88E3084F8ED
:10FEF0004651C4E94C01C4E9525523F0180384F873
:10FF00008E30658638BD10B5044600F0F2FE2046FE
:10FF1000BDE8104000F084BA10B5044611B10129C3
:10FF200007D010BD00F0EDFE2046BDE8104000F007
:10FF30007DBA00F0EAFE2046BDE8104000F079BA34
:10FF400070B590F93930002B04460E46154601DB9A
:10FF50000C2070BD0320EFF7ABFD01460028F7D061
:10FF600080F8206080F82150204600F096F90020AB
:10FF7000EFE710B504460120EFF79AFD014620B1E6
:10FF8000204600F08AF9002010BD0C20FCE738B5AF
:10FF9000044602200D46EFF78BFD014650B190F864
:10FFA000203065F3000380F82030204600F075F91A
:10FFB000002038BD0C20FCE710B504460420EFF704
:10FFC00077FD014620B1204600F067F9002010BD02
:10FFD0000C20FCE7F8B5054607200F4616461C46E0
:10FFE000EFF766FD0146A0B1E30003F0380307F028
:10FFF0000707B6019DF818203B4306F0400633433F
:020000022000DC
:1000000043EAC21380F82030284600F046F9002069
:10001000F8BD0C20FCE738B504460D4600F00CFA9C
:10002000204600F076FE0A20EFF742FD014630B18F
:1000300080F82050204600F030F9002038BD0C2018
:10004000FCE708B590F93930002B08DB00F055F9D2
:1000500020B1037A0B2B0CBF2230002008BD00F02A
:10006000F6FDF5E7F8B5D0F830319B0604460E46AC
:1000700017460DD50C20EFF71BFD054650B1314654
:1000800020463A46FFF7BEFB2946204600F005F918
:100090000020F8BD0C20FCE770B505460E4600F0C8
:1000A000D6FD044608B90C2070BD037A053B012B30
:1000B000F9D801462846FFF756FC0028F3D0102255
:1000C000314604F12B00FBF779F828462146FFF76B
:1000D00042FC0020E8E738B5054600F0B8FD0446CC
:1000E00008B90C2038BD037A053B012BF9D801462D
:1000F0002846FFF738FC0028F3D028462146FFF7B2
:100100002EFC0020EEE708B500F0A1FD20B1007A3A
:10011000A0F10C035842584108BD10B5044600F048
:1001200096FD014638B1037A092B04D12046BDE87B
:10013000104000F06EBD10BD38B50D46044600F00D
:1001400086FD014648B1037A092B06D180F820507C
:100150002046BDE8384000F060BD38BD08B500F06D
:1001600076FD20B1007AA0F109035842584108BD3C
:1001700038B50C46054600F0C0F8014630B1436979
:10018000A34203D12246284600F018F9284600F081
:100190005EFD014640B14369A34205D1224628468F
:1001A000BDE8384000F077BD38BD10B5044600F01A
:1001B000A4F8014610B1204600F01DF9204600F0D9
:1001C00046FD014620B12046BDE8104000F078BD54
:1001D00010BD70B506460C4600F0ADF820B1012305
:1001E0000025A372284670BD21463046EFF704FC77
:1001F00005460028F3D021463046EFF721FE63691B
:10020000002B0CBF03230223EBE7131D0522F0F79D
:100210008BB902F11C030122F0F786B913460022C4
:10022000F0F782B902F11C030222F0F78DB8131D1A
:100230000122F0F789B813460022F0F785B870B5AF
:10024000044601F00FF9064620B1D4F8E850CDB9C4
:10025000284670BD01210320F4F7E8FB324605462D
:1002600001210320EAF7B6FC281ED4F8E85018BF95
:10027000012045B90028EBD0012211460320EAF7FE
:10028000A9FCE5E70020D4F8EC202B68C4F8E8309E
:10029000AA4208BFC4F8EC30ECE7F8B505460C46B6
:1002A00001F0E0F8064638B100232360D5F8EC30C1
:1002B000DBB9C5E93A44F8BD01210320F4F7B6FBE8
:1002C0003246074601210320EAF784FC2660D5F870
:1002D000EC3073B9C5E93A44002FECD00122BDE8F7
:1002E000F84011460320EAF775BC1C60C5F8EC40E5
:1002F000E1E71C60C5F8EC40EEE770B5044601F09C
:10030000B1F8054618B1D4F8E840204670BD012187
:100310000320F4F78BFB2A46064601210320EAF767
:1003200059FCD4F8E840002EEFD0012211460320FA
:10033000EAF750FCE9E790F8F400431E58425841B0
:100340007047012380F8F4307047002380F8F430C0
:100350007047B0F80831A0F8F2307047A0F8F210FA
:1003600070470023A0F8F230704738B50546FFF714
:1003700066FF044600B938BD21462846FFF766FDF2
:100380002046EFF71BFB2846F1E7012910B504468C
:100390000AD003290ED061B9FFF7AFFF48B120465C
:1003A000BDE81040F0F7ACB9F0F7E8F9002384F8A5
:1003B000F03010BDFFF7D9FF0223F8E738B50B7A0C
:1003C000033B05460C46092B09D8DFE803F0050876
:1003D00008081008080508052146FFF716FF002346
:1003E000636121462846BDE83840F0F74DB9214603
:1003F000FFF707FCF3E738B50B7A072B05460C46E9
:1004000001D1FFF702FC21462846BDE83840F0F74D
:100410003BB9022380F8F0300023A0F8F230704797
:100420000021F0F7CBB90121F0F7C8B90221F0F7AC
:10043000C5B90321F0F7C2B938B504460025FFF766
:1004400094FFA4F8F2502946204600F0F4FB84F80B
:10045000F05038BD70B50C88A4F11B039BB2E02BA3
:100460001BD88D88A5F11B039BB2E02B15D84A88B9
:10047000A2F5A4739BB244F24816B3420DD8C988C2
:10048000A1F5A4739BB2B3429FBFA0F86050A0F83F
:100490006240A0F86410A0F8662070BDC0F3072386
:1004A00010705370000CC1F307231171090C907088
:1004B0009171000A090AD0705371D17170470378A5
:1004C00043F003030370012343701223C37070478A
:1004D000037843F003030370012343701323C370B5
:1004E00070470B7843F003030B7002234B70072314
:1004F000CB7090F84C300B7170470B7980F84C3012
:1005000070470B7843F003030B7002234B700723F3
:10051000CB7090F84C300B71704710B50B7843F0EE
:1005200003030B7009234B700823CB7090F939300B
:10053000002BACBF08230E230C46CB70EBF7F4F96D
:10054000221DBDE81040FFF7A9BF38B50C4605468F
:10055000EBF7EAF9237843F0030323700923637070
:10056000E370D5F8303163F0FF03221D1840BDE879
:100570003840FFF793BF0B7843F003030B70092358
:100580004B70CB700A1DD0E94A01FFF787BF2DE9F8
:10059000F3410546084604306946F0F797F9DDE96E
:1005A00000767B0F83EA177303F001034FF040528C
:1005B000A3FB023287EA030486EA0208EBF7B4F9E8
:1005C00004EA000308EA0101C5E94C3163F0FF03C6
:1005D0003B40C5E94A36012385F8203102B0BDE829
:1005E000F0812DE9F3410546084604306946F0F7ED
:1005F0006DF9DDE90067730F83EA167303F00103F9
:100600004FF04052A3FB023286EA030487EA020855
:10061000EBF78AF90123044008EA0101C5E94C41DE
:10062000C5E94A6785F8203102B0BDE8F0810B7852
:1006300043F003030B7003234B701923CB7090F826
:1006400020300B7190F821304B7170470B7843F0DC
:1006500003030B7002234B70CB7090F820300B71AA
:1006600070470B7980F820307047037843F003031C
:100670000370062343700C23C3700D2303716FF0C6
:100680000E034371052383714FF0FF33C37103726F
:1006900070470B7843F003030B7006234B700C2359
:1006A000CB7090F81A310B71B0F81B31A1F80530FE
:1006B000B0F81D31A1F807307047012380F81931D7
:1006C0000B7980F81A31B1F80530A0F81B31B1F878
:1006D0000730A0F81D31704738B50B7843F003039D
:1006E0000B7017230C4605464B700323CB70082272
:1006F00000F12101201DFAF761FD95F829302373DF
:1007000095F82A30637338BD10B5037843F00303BE
:1007100003700D2343700423C370C41800F0A2FEBD
:100720000C2120B12046BDE81040F2F7D9BA20468E
:10073000BDE81040F2F7C8BA037843F00303037032
:10074000012343700523C3707047037843F003030C
:100750000370012343700623C3707047037843F08E
:1007600003030370012343700B23C37070470378A6
:10077000017143F003030370022343700D23C37020
:1007800070470378017143F0030303700323437040
:100790001123C370427170470B7980F84D304B794B
:1007A00080F84E3070470B7843F003030B7003233F
:1007B0004B701623CB7090F82030C3F3C2034B71FB
:1007C00090F82030C3F302030B7170470A7990F858
:1007D000203062F3C50380F820304A7962F30203C7
:1007E00080F8203070470B7843F003030B7003232D
:1007F0004B701723CB7090F89431C3F3C2034B7145
:1008000090F89431C3F302030B717047CB88438592
:100810000B7980F82C304B7980F82D3070470B78AD
:1008200043F003030B7018234B700F23CB70C38C62
:100830008B80038DCB80438D0B81838D4B8190F812
:1008400034300B73C38EA1F80D30038FA1F80F3035
:10085000438FA1F81130838FA1F81330C38FA1F813
:100860001530B0F84030A1F81730B0F84230A1F898
:10087000193070470B7843F003030B7018234B704B
:100880001023CB70C38C8B80038DCB80438D0B8169
:10089000838D4B8190F834300B73C38EA1F80D30EB
:1008A000038FA1F80F30438FA1F81130838FA1F887
:1008B0001330C38FA1F81530B0F84030A1F81730CD
:1008C000B0F84230A1F8193070478B88C384CB88C8
:1008D00003850B8943854B8983850B7B80F83430F6
:1008E000B1F80D30C386B1F80F300387B1F811307D
:1008F0004387B1F813308387B1F81530C387B1F857
:100900001730A0F84030B1F81930A0F842307047E5
:100910000B7843F003030B700C234B700023CB7058
:1009200090F823300B71036B40F2E242B3FBF2F319
:10093000A1F80530438DA1F80930038DA1F80730E7
:10094000838DA1F80B30838CA1F80D3070470B79A3
:1009500080F82330B1F8053040F2E242534303639C
:10096000B1F809304385B1F807300385B1F80B3091
:100970008385B1F80D3083847047B1F80930038462
:10098000052204312230FAF719BC0B7843F0030337
:100990000B7009234B701423CB70B0F85A308B8046
:1009A000B0F858300B81B0F85E30CB80B0F85C30D6
:1009B0004B8170470B7843F003030B7009234B7096
:1009C0001523CB70B0F85A308B80B0F858300B81BB
:1009D000B0F85E30CB80B0F85C304B8170470B785C
:1009E00043F003030B7009234B701523CB70B0F851
:1009F0006A308B80B0F868300B81B0F86E30CB80F5
:100A0000B0F86C304B8170470431FFF723BD0431DF
:100A1000FFF720BD70B506460C4600F01BF90546F1
:100A200010B10823A37270BD21463046EEF7E4FFF3
:100A30000028F6D0102221463046EFF7D9FFE572A4
:100A40000A23EFE710B5048DA31F9BB240F67A424C
:100A5000934214D8438DB3F5FA7F10D2818DA1F162
:100A60000A0292B240F67640824208D801339BB225
:100A70006343B3EB810F34BF0120002010BD002081
:100A8000FCE738B505460C4600F0E4F810B1092340
:100A9000A37238BD21462846EEF7AEFF0028F6D0F7
:100AA00021462846EEF7B0FFE061FFF7A8F908B944
:100AB0000C23EDE721462846BDE83840EFF7F8BFA4
:100AC00038B505460C4600F0C5F810B10623A372F0
:100AD00038BD21462846EEF78FFF0028F6D0214684
:100AE00028461122EFF784FF21462846BDE838400A
:100AF000F0F7A4B87FB5438D0A8D4C8D8D8D934250
:100B00001AD1838DA34217D1B0F88C315B1B18BF6B
:100B1000012381F822308B8C0E7ACDE90024CDE9B7
:100B20000253A6F108040B6B91F823206142614146
:100B3000E0F76AFB04B070BD0123EAE770B50C462C
:100B40000546FEF7A0FDA38CC01A030425D4214658
:100B50002846FFF7CFFF237A092B0CD094F82260A8
:100B60009EB92046EEF77EFFA66121462846BDE8E5
:100B70007040F0F763B8284600F077F8237A092B25
:100B8000ECD194F82030002BE8D0002384F82030FA
:100B900021462846EFF7A6FEE7E770BD30B402F124
:100BA0001C03D27F102A04460D460FD00AD88AB102
:100BB000072A11D0242384F850312946204630BC1E
:100BC000EFF7F8BE112AF5D1032200E0012230BC74
:100BD000F0F798B90222FAE70422F8E71346002258
:100BE000F0F790B910B402F11C03D27F2AB10F2A9A
:100BF00005D1012210BCF0F777B80222FAE72423CE
:100C000010BC80F85031F0F719B813460022F0F705
:100C10006BB800230322F0F767B800230422F0F733
:100C200063B80346006828B1596802681A608842B0
:100C300008BF5A60704780F806117047704700205F
:100C4000704790F80501003818BF01207047D0F8B0
:100C5000F800704790F80401431E5842584170470D
:100C6000B0F80831A0F8023170470023A0F8023133
:100C7000704770B5054600F1F8063046FFF7D1FF22
:100C8000044600B970BD28462146FFF7DFF820462C
:100C9000EEF794FEF1E738B50B7A072B05460C46C4
:100CA0000BD00C2B01D1FFF7C2FA00236361214660
:100CB0002846BDE83840F0F731BBFEF7C6FFF4E741
:100CC00038B50B7A072B05460C4601D1FEF7C1FF5C
:100CD00021462846BDE83840F0F720BB042380F8C1
:100CE00000310023A0F8023170470A460021F0F7D6
:100CF000CDBB00220121F0F7C9BB00220221F0F791
:100D0000C5BB00220321F0F7C1BB00220421F0F78C
:100D1000BDBB10B50446FFF7ACFF0023A4F80231B9
:100D200084F8053184F8003110BD38B50D461446FD
:100D3000FEF73CFB48B11DB1BDE83840FFF7CBB929
:100D40002146BDE83840FFF7A7B9022038BD38B5C5
:100D50000C461546FEF72AFB48B190F93930002BB6
:100D600007DA2A462146BDE83840FFF7E9B80220F5
:100D700038BD0C20FCE730B5031D441E002014F8DC
:100D8000015F072215F0010F02D059B10139C9B234
:100D9000013AD2B20130FF2AC0B24FEA5505F1D173
:100DA0009C42ECD130BD30B40446184623789DF8FF
:100DB000085002FB0111CA182523B2FBF3F103FB13
:100DC0001122D1B2CB082170C35C02F0070213419B
:100DD000DB0707D4B1FBF5F305FB1311C9B230BC37
:100DE000FFF7C9BF084630BC7047428800885040B2
:100DF00070470820704710B50020FEF7CAF9044676
:100E000018B9F0F7CDFD204610BD0C20FCE70820F6
:100E1000704708B50020FEF7B5F910B9F0F7DEFD10
:100E200008BD0C20FCE7F1F74FBF08B5002300F028
:100E30003AFB002008BD08B500F01CFB002008BDEF
:100E40000020EAF793BC0020E9F73EBF10B5044646
:100E50002046EBF761FA10B1037F9B07F8D110BD74
:100E6000F3F7A8BA684620F007018D4601B5F3F7FD
:100E70009BF9E2F713FFBDE801408546704708B5CE
:100E800000F064F8002809DB0120E3F709F90B20E2
:100E9000E3F706F91820E3F703F9002008BDF1F79E
:100EA0001FBF00207047002070476FF08B00704715
:100EB000D0E90132002A04DAC068984238BF1846E7
:100EC00070479A4238BF1A461046704710B514460C
:100ED000FEF704F82146FEF703F8034610F400007D
:100EE00004D10333092B88BF184610BD0020FCE74E
:100EF00000F093BA00F098BA08B5F3F75BFABDE8D2
:100F00000840F3F7E3BB08B5F3F754FAF3F7DEFB59
:100F1000BDE80840F3F770BB08B5F3F74BFAF3F7F9
:100F2000D5FBF3F7A3FBF3F723FDBDE80840F3F788
:100F300063BB10B50446FFF7EFFF2046BDE8104045
:100F4000F1F7A6BF01F11000F6F766BE08B5012063
:100F5000F4F788FABDE80840F8F7BFBA32207047C6
:100F600010B50446FFF7D8FFF3F776FB2046BDE83F
:100F70001040F1F78DBF10B50446084611461278AF
:100F8000B4EBD21F07D106220831FAF707F9B0FAFD
:100F900080F0400910BD0020FCE7F2F70BBAF2F731
:100FA00009BA03460020187058709860704710B551
:100FB000047843789C42E2B20DD10133DBB2022BBC
:100FC00000D1002300EB83040B70606810B9F2F7C6
:100FD00019FA606010BD42700478A242F2D04370EA
:100FE000EBE710B50446FFF797FF237A03F0710291
:100FF000012A02BFC3F3420262F306132372237A6B
:1010000013F0700F0ED063681BB193F820309B076C
:1010100008D42046F2F788FAF3F7B4F9BDE8104097
:10102000F3F732BCF3F718FB2046BDE81040F1F7A8
:101030002FBF70B5C36804461E68FDF74FFF054615
:101040003046FFF735FF00232D1A256063602381AA
:101050002046BDE87040E0F787BC2DE9F8431F4605
:10106000437A9DF82090DDF824801646DA0705467D
:101070000C4608D5B9F1000F0DD198F80000F1F732
:1010800065FA40B913E011F8020B4246C0F3801034
:10109000F1F786FA40B1224639463046FFF76BFF3A
:1010A00000F00100BDE8F8836B7ADB07E2D4002092
:1010B000F6E72DE9F047DDF824A09DF828900B9E77
:1010C00005460C4617469846BAF1000F2DD08946C2
:1010D000324619F8020B4946C0F38010F1F760FA66
:1010E00010B90020BDE8F087224641463846FFF798
:1010F00042FF0028F5D03378FF2B06D0AA7AFF2ACA
:1011000003D09B1A58425841ECE723789DF82020E1
:10111000C3F380139342E4D1062249465046FAF7BE
:101120003DF8B0FA80F04009DCE7437A03F00303AE
:10113000012B07D9B9F1000F0CD13078F1F706FA7D
:1011400040B914E011F8020B3246C0F38010F1F7F9
:1011500027FA38B1224641463846FFF70CFF00F027
:101160000100BFE76B7A03F00303012BE2D80020F4
:10117000F5E708B5F3F764F90378012262F3010398
:101180000370002008BD002070477047F8B50F4677
:1011900090F85A10B0F84C5001F007040646C1F31D
:1011A000C0012046F3F772F896F87230A200DB0611
:1011B00042F00102E9B20DD50431C9B20820F3F7BB
:1011C000ABF8394606F1940000F039F9BDE8F84073
:1011D000F3F7D2B80820F3F79FF83846F6E72DE981
:1011E000F743054601AA8846D0E91701FDF754FBED
:1011F00095F872305A0781460BD4E8B943F00403DE
:1012000085F87230F3F71CF9044623786FF3041362
:101210000CE043F0040385F87230F3F711F904464B
:10122000B9F1000FF1D0037843F010032370C8F830
:10123000004003B0BDE8F083019E95F8717095F809
:1012400070300436F41913B9637885F8703027B11B
:10125000F35D012262F30103F35595F8703095F8C0
:1012600071209B1A63702846FEF7E4F96378834285
:101270000AD960700122F35D03F00F0343EA021301
:10128000F3550023A370D2E7D9F800202B6E9A42C1
:10129000F0D10022EFE7C0F307230870000C88703C
:1012A000000A4B70C870704710B54FF08053044669
:1012B000D3F8A420013206D1D3F8A8304FF6FF723C
:1012C0009BB2934244D04FF08052D2F8A00010F06D
:1012D000010036D02146D2F8A400FFF7DCFFD2F897
:1012E000A8302371C3F3072363F03F036371D2F87F
:1012F0009010013104F1060324D0D2F8941001318A
:1013000020D0D2F8981001311CD0D2F89C100131B5
:1013100018D01946D2F89000FFF7BDFFD2F894001C
:1013200004F10A01FFF7B7FFD2F8980004F10E01AB
:10133000FFF7B1FFD2F89C0004F11201FFF7ABFFF9
:10134000012010BD102200211846F9F742FFF7E7EF
:101350000020F6E710B510220C460021F9F739FFFE
:101360004FF08052D2F88030013323D0D2F884304D
:1013700001331FD0D2F8883001331BD0D2F88C3023
:10138000013317D02146D2F88000FFF784FF211DDA
:10139000D2F88400FFF77FFF04F10801D2F888003B
:1013A000FFF779FF04F10C01D2F88C00BDE8104082
:1013B000FFF771BF20461022BDE810400021F9F769
:1013C00008BFEFF31180202383F31288BFF36F8FE0
:1013D000F9F71DBE4FF080434FF0FF320021C3F8F4
:1013E000002EC3F8042EC3F8081EC3F80C2EC3F851
:1013F000101EC3F8142EC3F8182EC3F81C2EC3F801
:10140000202EC3F8242EC3F8282EC3F82C2EC3F8A0
:10141000302EC3F8342E7047704702280CBF2820A6
:1014200029207047012070472920704702280CBFEF
:1014300006200A207047F3F7D1B8F2F779BEF2F729
:1014400049BE88420AD0012804D1022914BF0020D5
:1014500001207047022803D10129F7E701207047D6
:101460000020704708B500F07DFF08BD0146002050
:10147000F2F70ABE30B58DB00D4614460146102273
:101480006846F9F79BFE102229460DEB0200F9F79A
:1014900095FE6846F3F7A4FB102208A92046F9F749
:1014A0008DFE0DB030BD70B58CB00E4615460146B0
:1014B000102268461C46FDF7C0F910220DEB020011
:1014C0003146FDF7BAF96846F3F78AFB25B11022D9
:1014D00008A92846FDF7B1F924B1102208A9204631
:1014E000F9F76CFE0CB070BD7047002303824369AE
:1014F000C3607047416A8968F3F7DCBBF6F75ABBF3
:10150000EFF31182202383F31288BFF36F8F002340
:101510000B60436833B9C0E9001182F31188BFF34F
:101520006F8F704719604160F7E710B50346EFF31E
:101530001181202282F31288BFF36F8F006828B1D7
:101540005C6802681A60A04208BF5A6081F3118883
:10155000BFF36F8F10BD00F0BCBD027A0132027282
:101560007047034618465B68002BFBD17047426802
:1015700010B52AB10B461C465B68002BFBD162609C
:10158000416010BD10B5044620B90B7A01330B72CF
:10159000084610BD034618465B68002BFBD1FFF7D9
:1015A000E6FF2046F5E710B508B14B6843604C688C
:1015B000002308464B60F3F707FC204610BD836804
:1015C0000B44036070470B460C2201461846F9F79E
:1015D000F5BD8388026819448180D018704730B403
:1015E00084880568A3188380281930BCF9F7E6BD04
:1015F00010B5838802685C1C8480D154D01810BD5B
:10160000034600689A88401A114418609980704710
:101610008288521A03468280006808441860704726
:10162000034600689A88521A01449A8019607047EC
:1016300010B503681C880221FFF7EAFF204610BDA1
:1016400002688068101A70478388C2888168D21A3D
:1016500003685B1AD01A704710B403460838BFF30A
:101660005B8F50E8002F511C40E80014002CF8D18B
:10167000BFF35B8F12B910BCF3F7D8BB6FF00F024A
:1016800010BC9A6670470369C9B20C2201FB023391
:10169000186C00F00700704770B5C9B20369EFF32A
:1016A0001185202484F31288BFF36F8F0C2606FB6C
:1016B0000134246C14F0C00408D0A24206D085F393
:1016C0001188BFF36F8F4FF0FF3070BD06FB013301
:1016D00001221A6485F31188BFF36F8F436803EB0F
:1016E000C1035B6898470020EFE78022FFF7D4BF73
:1016F000F8B5069F0469C9B2EFF31186202585F37A
:101700001288BFF36F8F0C2505FB0144256C05F093
:10171000070CBCF1010F0CD1276486F31188BFF3CD
:101720006F8FC4E90E23436853F831309847002087
:10173000F8BD05F0C005AF4286F31188BFF36F8F87
:101740000CBF6FF077004FF0FF30F1E713B5802446
:101750000094FFF7CDFF02B010BD10B40069CBB20A
:101760001C2403FB0400002110BC1047002000F0E3
:101770005DBA1046F6F750BA0020704738B50C46EF
:101780001546E3F771FD28B129462046BDE83840EB
:10179000E3F73CBF6FF00A0038BD70B5044600F0B7
:1017A000C1FA237B05460BB1F0F7CEFF0026606837
:1017B000F5F7E4FDA3685B1BA36063682B446360DB
:1017C000237B01363BB9A368002BF0D1A068003819
:1017D00018BF012070BD3046E0F7A2F80028F2D013
:1017E000F4E738B505460C4600F096FA002D07DB05
:1017F000A84205D9401B84428CBF0020012038BD7F
:101800000020FCE770B50D462846194616461C46D2
:10181000FFF7E7FF38B124B1224629463046F9F7F1
:10182000CDFC002070BD6FF01500FBE7F7B51C463E
:101830001646002382682360A36013690D4601AA3F
:1018400069469847019B5A1E01921BB96FF015001B
:1018500003B0F0BD0098A26847682168676085B949
:10186000B31AD0F800C0634528BF63461A4403FB8F
:1018700007112160A26002689A4206D808300090E1
:10188000E0E76B1AB3FBF7F3EBE70020E0E7134662
:101890000022FFF7CBBF2DE9F047836886B01B69B4
:1018A0008846914601A902AA98470024A2462546E7
:1018B000029BAB4202D806B0BDE8F087019F07EB60
:1018C000C50700267B6804933A68B2420AEB060318
:1018D00002D801359A46EBE703940593494603A8DD
:1018E000C0470028E7D0049B01361C44ECE743685E
:1018F0005B68D3F810350B600020704743685B6865
:1019000002EA010021EA0201C3F80805C3F80C1538
:101910000020704743685B680020C3F808157047D3
:1019200043685B680020C3F80C15704743685A6829
:10193000D2F8043521EA03000B40C2F80805C2F8CA
:101940000C350020704710B503695868F8B188421B
:1019500019D19C6808685860A14200D198600020A5
:1019600008602AB15A680A609A68596002B9996099
:10197000002010E0814206D108682060986881420A
:10198000EDD19C60EBE7044600680028F2D1002A04
:10199000E8D16FF0150010BD13B54FF08052082943
:1019A000136E526E28BF082112BA00921BBA0C4661
:1019B0000A4669460193F9F701FC204602B010BDC2
:1019C00030B543681360057A446804EBC504A3424C
:1019D00002D36FF0010030BD5C798C4201D0083336
:1019E000F0E70020F7E7F8B5BDF81870456804691E
:1019F000032907F0010760D8AE7F012E04BF5B0802
:101A00005208002B5CD09A425DD92668B24216D0AB
:101A100026794FF0010C0CFA01FC36EA0C064CD189
:101A20009446BCF5004F43D2226066712A6895F84F
:101A30001EE0C2F80C65C2F804E5C2F808C5627978
:101A400023FA02F292B20126406887F0010C806A04
:101A500042EACC3220F81120002E3FD12A6801F54D
:101A6000AC7052F82020002A10DB002F4AD0B3FAC5
:101A700083F35B0902F01F06012052093BBB002AD9
:101A800044D14FF0A043B040C3F80C05012606FA3C
:101A900001F3217921EA0301217129B3A3794BBB19
:101AA0000023012205F128012846F5F787FD1FE0F4
:101AB0000136082E4FEA5C0CB3D16FF0150018E028
:101AC0001E461A46C0E7002647F6FF72BCE702BB77
:101AD0004FF0A043B040C3F80805D7E723790122AF
:101AE0008A4013432371D9E72846F5F7A5FDA6716F
:101AF0000020F8BD0023A371284600F056F9002805
:101B0000FAD0CDE7003B18BF0123B3E7C3F80C358B
:101B1000FFDE0023C3F80835FAE743681B68D3F8F3
:101B20008004C3F880047047436802691B68D3F8D7
:101B3000100150B15269002012780A70C3F81001E8
:101B4000D3F8102101221A6070474FF0FF30704720
:101B500002680346D2F8580140B95B689B0706D477
:101B6000D2F82001003818BF0120704701207047CB
:101B700042681368D3F80413C90517D5D3F82011A8
:101B8000A1B1EFF31181202080F31288BFF36F8F92
:101B9000D3F8200130B10020C3F82001D3F8200190
:101BA0000120D86081F31188BFF36F8F5268D2068D
:101BB00014D5EFF31182202181F31288BFF36F8FC8
:101BC000D3F8581111B10021C3F800154FF480016A
:101BD000C3F8081382F31188BFF36F8F704700F1C9
:101BE00050039B009BB203F1804303F5883300222E
:101BF0001A601B6870474FF08053D3F83001421CC5
:101C000004BF4FF0704393F8E00F831F58425841D0
:101C10007047004700F0CBB8C00000F1804000F5ED
:101C2000F830C0F81015C0F814257047F4F71ABF43
:101C3000036803F01F025B0902600CBF4FF0A04075
:101C400000207047F7B5019001A8DDE90847164666
:101C50001D46FFF7EDFF019BB6F1000C18BF4FF0DA
:101C6000010C00EB83000B1E18BF0123002D43EA7B
:101C70004C0314BF4FF00C0C4FF0000C002C43EA47
:101C80000C0314BF4FF4E06C4FF0000C002F43EA3C
:101C90000C03D0F8002714BF4FF4403C4FF0000C69
:101CA00043EA0C0322EA030301B109780EB1367846
:101CB000760019430DB12D78AD0031430CB1247875
:101CC000240229430FB13F783F040C433C43C0F842
:101CD000004703B0F0BD1FB50DF10F0301930023C2
:101CE0008DF80F1000931A461946FFF7ABFF05B0A9
:101CF0005DF804FB024611F0010007D04FF0A0414F
:101D0000D1F820351360C1F8203503B900207047A1
:101D1000F5F76CB8F5F74AB84FF080531A6958696F
:101D2000504370474FF08053186970474FF080530D
:101D30005869704730B5A2F58075AD080124AC40F4
:101D40000C4207D0815829B10021815082581A686D
:101D500022431A6030BD13B500230C4601934FF4A3
:101D6000887201ABFFF7E6FF21464FF48A72FFF756
:101D7000E1FF21464FF48E72FFF7DCFF21464FF45E
:101D80008272FFF7D7FF21464FF48472FFF7D2FF2C
:101D900021464FF48672FFF7CDFF4FF48C72214637
:101DA000FFF7C8FF019802B010BDF5F74DBB08B1B1
:101DB000E2F7B0BB7047704740B1C368587810F085
:101DC00001001EBF1878B0FA80F040097047EFF3A9
:101DD0001183202383F31288BFF36F8FFEE708B5CA
:101DE000FFF7F5FF10B5D0E9003433B90020E26801
:101DF000537843F00103537010BD204698470028E4
:101E0000F4D00028B8BF4042E368FF28A8BFFF20F5
:101E10001870ECE7F9F7DDB9F9F7D0B9704710B4ED
:101E200000F10C04C0E9034410BCF7F748B92DE9F0
:101E3000F04F89B0DDE9126705463B46914606A89A
:101E40003246059100F0EDFBDDE9063405F1140A98
:101E5000CDE90234EFF311844FF0200888F31288A3
:101E6000BFF36F8F05F10C0B05994A462846F7F72B
:101E7000BEF830B184F31188BFF36F8F09B0BDE8AD
:101E8000F08F3E43F6D0DDE9022306A800F0EDFB1B
:101E9000DDE906675A46CDE9006721465046F6F768
:101EA000C5FAEFF3118488F31288BFF36F8FDBE775
:101EB00038B50446EFF31185202383F31288BFF36E
:101EC0006F8FF7F75CF804F10C0000F037FB30B1CE
:101ED000294604F11400BDE83840F6F717BB85F336
:101EE0001188BFF36F8F38BD4169836843EA0102EF
:101EF00012F003020FD1C2600269013A01FB023302
:101F000082689A4201D900207047C2681A6042690B
:101F1000C3609B1AF4E76FF015007047F8B50446EC
:101F20000D46EFF31186202383F31288BFF36F8FE2
:101F3000C7686FB900F0D0FA50B1C767456100F0CB
:101F400056FA314604F10800BDE8F840F6F7DEBA6B
:101F5000E3682B60A369E560013BA36186F3118808
:101F6000BFF36F8FF8BD08B52024EFF3118384F31E
:101F70001288BFF36F8FF9F73DF8F6E790F90E304E
:101F80008B4201D0F6F77EBA00207047034600204E
:101F9000C3E90200C3E9003370472DE9F8439946CD
:101FA00004469DF820300D46904600F10806EFF3F8
:101FB0001187202282F31288BFF36F8F03B1456827
:101FC000304600F089FA58B10023C367C0F8148086
:101FD00000F00DFA30463946F6F798FA00200CE08A
:101FE000B9F1000F1BD00821F6F77AFE38B987F354
:101FF0001188BFF36F8F6FF00B00BDE8F8830122EB
:10200000C0F804800260016801F003015DB9226834
:102010000A430260626820606AB960600BE0C8F839
:1020200000904046EFE72A68032A10D801606168F3
:1020300039B9C4E90000042104F1100000F098FB54
:10204000C8E70A6802F0030202430A60E5E722F0EB
:1020500003020A4302602A6802F0030240EA020314
:102060002B60E8E710B5044630B10268930703D04F
:10207000446809B100F096FB204610BD0023C0E97A
:10208000003300F10803C0E9023300F11003C0E996
:102090000433704770B5044600F10805EFF311866C
:1020A000202383F31288BFF36F8F284600F014FAC1
:1020B00020B10022C267426100F099F904F11000DA
:1020C000082100F055FB31462846BDE87040F6F780
:1020D0001DBA07B50123009300230A461946FFF7EE
:1020E0005CFF03B05DF804FB07B500230A460093CC
:1020F0001946FFF752FF03B05DF804FB00680021AA
:10210000FFF7B0BF5AB18A4209D300F11003C0E90A
:102110000212C0E90000C0E90433002070476FF0EC
:1021200015007047026801238B4022EA0303036015
:1021300022FA01F000F001007047704710B503214A
:1021400004460C30FFF7EEFF30B104F1100000F050
:102150004DFAB0FA80F0400910BD20B100221146BE
:10216000883000F021BA704770B5C368C3F34006E9
:102170009B07044616D4856802210C30FFF7D2FF76
:1021800080B1D5F880206AB194421DD122689EB9F1
:10219000D5F88430C5F880209C4201D1C5F8842050
:1021A00000232360E36813F01F001EBF43F0020307
:1021B000E36040F0020070BD3260D5F884209442A4
:1021C00008BFC5F88460EBE716461268DBE773B515
:1021D0000446EFF31185202383F31288BFF36F8F3A
:1021E0000023A0F11006032104380193FFF79AFFA2
:1021F00028B1A369019301A93046F5F753FE85F391
:102200001188BFF36F8F02B070BD38B504460D461C
:1022100010220021F8F7DDFF656038BDEFF3118370
:10222000202282F31288BFF36F8FC06800F01F0076
:1022300083F31188BFF36F8F704713B50190084681
:10224000EFF31184202383F31288BFF36F8F01A96A
:10225000F5F728FE84F31188BFF36F8F02B010BD2D
:1022600010B5FFF7EAFF041E08DDEFF3118020230D
:1022700083F31288BFF36F8FF6F778F9204610BD0D
:1022800070B50D46EFF31186202383F31288BFF358
:102290006F8FF5F761FE044686F31188BFF36F8FE9
:1022A00038B14FF0FF324FF0FF3305F11000F5F772
:1022B000D7FC204670BD08B5A0220021F8F789FFA1
:1022C00008BD38B5302204460D460021F8F781FFDD
:1022D0004FF480736560E36038BDFFF79FBF38B58A
:1022E0000446EFF31185202383F31288BFF36F8F29
:1022F000FFF724FF2046FFF737FF85F31188BFF370
:102300006F8F38BDF8B504460D46EFF311862023D4
:1023100083F31288BFF36F8FC36803F01F03002B92
:1023200014BF0127002705D186F31188BFF36F8FF3
:102330003846F8BDFFF702FF2046FFF715FF294694
:102340002046F5F791FD86F31188BFF36F8F0028C3
:10235000EED04FF0FF324FF0FF3305F10800F5F7F4
:102360007FFCE5E7EFF30580003818BF01207047D8
:102370006FF057007047F6F7DBB8D0E90032136012
:102380005A600023C0E90033704708B5FFF7F5FF36
:10239000437B23F0020343730023836008BD38B5F9
:1023A00004460D46F5F74EFF637B43F0020363736B
:1023B000E5B1A5602B689D4209D16B68C4E9005363
:1023C0001C606C6012E06A689A42F6D01B68002BB1
:1023D000F3D094F90E2093F90E108A42F3D0914273
:1023E000F1DD5A68C4E9003214605C6038BD10B594
:1023F000EFF31184202383F31288BFF36F8FF5F777
:1024000039FF84F31188BFF36F8F10BD10B50446F8
:10241000183000F0EBF8EFF31181202383F31288DA
:10242000BFF36F8F627B12F0100204D081F311882A
:10243000BFF36F8F10BD2046BDE81040F5F74EBFCB
:1024400008B5EFF31181202282F31288BFF36F8F5A
:1024500083680BB1FFF799FF81F31188BFF36F8F8A
:1024600008BD38B50446EFF31185202383F31288A5
:10247000BFF36F8F437B13F0280F0BD183680BB131
:10248000FFF783FF637B51B903F0FB0363732046BF
:10249000F5F7F0FE85F31188BFF36F8F38BD03F0B9
:1024A000EB03F3E701211838FFF7DBBF08B503465C
:1024B000EFF31181202282F31288BFF36F8F00683F
:1024C000834207D008B1FFF760FF81F31188BFF3A3
:1024D0006F8F08BD0020F8E738B5EFF31185202392
:1024E00083F31288BFF36F8F0468A0420DD034B11C
:1024F0002046FFF74AFF04F1180000F077F885F353
:102500001188BFF36F8F204638BD0024F7E710B560
:102510000146EFF31184202383F31288BFF36F8FFA
:1025200083680BB1FFF731FF84F31188BFF36F8F1E
:10253000BDE8104001F1180000F058B838B5046843
:102540000546AC424FF0000000D138BD002CFCD055
:102550002046FFF7DCFF2046FFF749FF2C680120EB
:10256000A542F1E7EFF31181202282F31288BFF335
:102570006F8F027BD2070CD581F31188BFF36F8F69
:10258000002383F31188BFF36F8F0423184602DF03
:102590007047437B1B0704D581F31188BFF36F8F0E
:1025A00070470122F5F79ABE38B5EFF31185202365
:1025B00083F31288BFF36F8F0468A04212D09CB1DE
:1025C000E16762612046FFF7E0FE04F1180000F0C9
:1025D0000DF82046F5F74EFE012085F31188BFF374
:1025E0006F8F38BD0020F8E72046F6E710B5EFF30F
:1025F0001184202282F31288BFF36F8F03683BB1EE
:10260000F6F766F9002084F31188BFF36F8F10BDD1
:102610006FF01500F7E708B5F6F778FA08BDF6F79A
:1026200075BAB3F1FF3F08BFB2F1FF3F70B5044682
:102630001D46164613D01A4315D06FF00102921BA7
:102640004FF0FF3363EB0501002904DAF6F75EFA79
:10265000821941EB0501C4E90021204670BD4FF00D
:10266000FF321146F7E70022FBE7B3F1FF3F08BF57
:10267000B2F1FF3FF8B5074616461C4610D054EAA3
:10268000020311D0F6F742FAB0420A46A1410346CE
:102690000AD2F31A64EB0204C7E900343846F8BDE5
:1026A0004FF0FF331C46F7E70023FBE710B5044665
:1026B000FFF79CFFA8B9636A0BB12046984704F165
:1026C0001800FFF7F3FE60B1FFF791FEEFF3118002
:1026D000202383F31288BFF36F8FBDE81040F5F716
:1026E00045BF10BD2DE9F041846805460E46ECB1AA
:1026F0006378012B25D114F8533C9A0714D5A4F123
:1027000060073846FFF703FF082E0CBF6FF0030386
:102710000023E36114F8533CDB0605D154F8483C30
:1027200013B93846FFF763FE00232370EB68C3F349
:1027300086321643002066F39433A860EB60BDE850
:10274000F081022BF0D12378002BEDD054F8048CCB
:10275000B8F1000FE8D004F11400FFF747FFA4F12F
:1027600014070023E36239464046FFF766FDDBE7C6
:1027700010B50346EFF31184202282F31288BFF3D1
:102780006F8F0068834208D0D0E9003213605A602E
:102790000023C0E90033FFF7A5FF84F31188BFF3DE
:1027A0006F8F10BD20B1011F50F8040CFFF780BBE4
:0427B000704700006E
:0827B40000DAFD7F01000000C6
:1027BC00FD44000000000000995201004C2802006A
:1027CC00A979010000000000CD7901000000000093
:1027DC008D5A010060280200791702008828020037
:1027EC00E557010074280200DD5F01009C280200FF
:1027FC00D1550100000000004D65010000000000F3
:10280C002945000000000000F17C010000000000E0
:10281C00D9500100C4280200115F0100EC2802000D
:10282C00E1580100D828020000000000B028020086
:10283C00354C000000000000219B0100000000004E
:10284C00664D0200C4330200D4330200E8060020B7
:10285C00B42B0020AE4D02001C34020034340200B4
:10286C00F00600207C2C0020754D020000000000BA
:10287C00F0330200EA060020082C0020854D0200EF
:10288C0000000000F8330200EC06002000000000FD
:10289C00D14D0200B4340200E8340200F4060020EA
:1028AC0044060020263F02000000000018330200FE
:1028BC00E4060020C8200020594D02000000000052
:1028CC00AC330200E606002000000000944D02002C
:1028DC000000000000340200EE06002000000000A2
:1028EC00C44D020058340200AC340200F206002041
:0428FC00882C002004
:10290000596C0100131C020000000000DFAF010041
:102910009C280200711B020000000000DFAF0100D4
:1029200000000000DFAF010000000000DFAF010089
:1029300005720100131C0200C42802001D51010091
:1029400000000000DFAF010000000000DFAF010069
:1029500000000000DFAF0100000000005927010067
:1029600000000000DFAF0100082C002055580100D6
:1029700000000000DFAF010000000000DFAF010039
:1029800000000000DFAF010000000000DD65010075
:1029900000000000DFAF010000000000DFAF010019
:1029A00000000000DFAF010000000000DFAF010009
:1029B00000000000DFAF010000000000DFAF0100F9
:1029C00000000000470E02007D760100131C02008B
:1029D00000000000DFAF010000000000DFAF0100D9
:1029E000A1760100131C020000000000DFAF01000F
:1029F00000000000DFAF010000000000DFAF0100B9
:102A000000000000DFAF010000000000DFAF0100A8
:102A100000000000DFAF010000000000DFAF010098
:102A200000000000DFAF010000000000DFAF010088
:082A300000000000DFAF01000F
:102A3800E0080020C02F00200004000091230000BF
:102A48000000000000000000000000000700000077
:102A5800000000000738020000000000000000002D
:102A680005000000157600000000000006000000C8
:102A7800519700000000000004000000BD7900002C
:042A8800000000004A
:102A8C0075200000911E00004D1E0000000000008B
:102A9C000000000000000000E91F00000000000022
:102AAC004C31020008000000EC310200070000006D
:102ABC00AC2D020005000000F82C020009000000FB
:082ACC00D82B02000A000000F3
:102AD400493A0200000000009D480000854B0000B8
:102AE40000000000333C0200000000002FD1010070
:102AF4000000000000000000423C02000000000052
:102B0400A7D5010000000000000000003A3C0200CC
:102B1400000000002D850000518F0000000000001F
:102B2400A03C0200000000009FE501004DA9000048
:102B340000000000483C0200000000001188000072
:082B44003D89000000000000C3
:042B4C00FFFFFFFF89
:102B5000000000000000000100000002000000046E
:102B600000000008000000100000002000000040ED
:102B7000000000800000001B00000036F84D02003D
:102B8000000100001800280000002A000103006274
:102B9000746C6500000000000000000000000000F0
:102BA0000000000000000000000000000000000025
:102BB0000000000000000000000000000000000015
:102BC00000010000010602010001020104040404E6
:102BD0000338FDD870470000203502005BD30100A8
:102BE000000000006B380200000001001C350200EC
:102BF000C1D60100000000004403002000000100D5
:102C00005A38020000000000738D0100000000002F
:102C10000000200018350200C1D6010000000000AD
:102C20003C030020000001004938020000000000C1
:102C3000711F000000000000000020001435020099
:102C4000C1D6010000000000340300200000010094
:102C500038380200751E000000000000000000006F
:102C60000000100010350200ADD30100798A000089
:102C70001C030020000021000C350200C1D6010019
:102C800000000000140300200000010027380200AB
:102C9000591E0000000000000000000000001000AD
:102CA000C428020000010004000000090000000028
:102CB0000C00000004000000000000000000000004
:102CC00000C00000D82802000100000000C0000081
:102CD00000700300D8280200020000000030040049
:102CE00000700300D82802000300000000A00700C5
:102CF00000600000D8280200583502005BD30100B4
:102D000000000000543502000000010050350200B0
:102D1000C1D60100000000008C030020000001006B
:102D200048350200EB9A01000000000092380200D2
:102D30000000010044350200C1D60100000000007F
:102D400084030020000001003C350200EB9A0100E2
:102D500000000000A1380200000001003835020028
:102D6000C1D60100000000007C030020000001002B
:102D7000303502001136000000000000DB060020A4
:102D8000000001002C350200C1D601000000000047
:102D9000740300200000010024350200EB9A0100BA
:102DA00000000000A6380200000001007435020097
:102DB0005BD301000000000070350200000001003C
:102DC0006C350200C1D6010000000000AC030020F9
:102DD00000000100643502002D36000000000000F4
:102DE000E20600200000010060350200ADD30100C2
:102DF000798A000094030020000003005C35020083
:102E00003DD70100000000007835020000000100FD
:102E100008200001FFFFFFFFFFFFFFFFFFFFFFFF95
:102E200000000000000000000000000001000000A1
:102E3000FFFFFFFF512563FCC2CAB9F3849E17A7A9
:102E4000ADFAE6BCFFFFFFFFFFFFFFFF0000000041
:102E5000FFFFFFFF96C298D84539A1F4A033EB2DB0
:102E6000817D0377F240A463E5E6BCF847422CE19C
:102E7000F2D1176BF551BF376840B6CBCE5E316BE0
:102E80005733CE2B169E0F7C4AEBE78E9B7F1AFEA4
:102E9000E242E34F4B60D2273E3CCE3BF6B053CCF0
:102EA000B0061D65BC86987655BDEBB3E7933AAA8C
:102EB000D835C65A63A30100B5A40100553A0000F5
:102EC000000000200000000000000B0602000000CF
:102ED000D42E020000000000AC39020024000202DF
:102EE00000000020B43902001E000B110820000170
:102EF000FFFFFFFFFFFFFFFFFFFFFFFF00000000DE
:102F0000000000000000000001000000FFFFFFFFC4
:102F1000512563FCC2CAB9F3849E17A7ADFAE6BC7B
:102F2000FFFFFFFFFFFFFFFF00000000FFFFFFFFAD
:102F300096C298D84539A1F4A033EB2D817D037753
:102F4000F240A463E5E6BCF847422CE1F2D1176BEE
:102F5000F551BF376840B6CBCE5E316B5733CE2BC1
:102F6000169E0F7C4AEBE78E9B7F1AFEE242E34FF0
:102F70004B60D2273E3CCE3BF6B053CCB0061D652D
:102F8000BC86987655BDEBB3E7933AAAD835C65AB6
:102F900063A30100B5A40100553A0000A03302006C
:102FA000A82F02004A000000B0620020A0330200F7
:102FB000B82F02002E000000AC660020A0330200F3
:102FC000C82F0200080000008C6700200E030000DC
:102FD0001D5900000F040000595900001A0100009B
:102FE00087B4010005040000D54D00001301000066
:102FF00003B60100FF0100004D4E00003E0100003D
:103000006D4E00000504000005B501000804000035
:10301000F7B701003003000097B70100100100006E
:103020005FB5010001120000AD5800000A1E00004B
:10303000DFBA0100030900009FB60100040B000085
:1030400067B50100060A00003DB90100070A00004B
:1030500047B501000C0500002DB50100050C00006E
:103060008BB801000841000021690000092100001F
:103070009D690000A033020080300200470000007C
:10308000B0670020A0330200903002000000000072
:1030900078680020A0330200A03002004A0000003F
:1030A000A0680020DDC301000BC401000000000087
:1030B000000000000000000009C601000000000040
:1030C00000000000000000000000000002020100FB
:1030D00023CF0100040401007D82000006060100E8
:1030E000BD81000008040100018100000A02010006
:1030F0000BCF01000C040100F3CE01000E0401000F
:10310000D57F000020040100397F00001004010079
:10311000497E00001202010033CE010016040100B6
:10312000EDC601001801010065CB01001E0004007E
:1031300077CF01005202000059CE0100A0330200F7
:10314000483102004C000000F8690020AC35020054
:103150005BD3010000000000A83502000000010060
:10316000A4350200C1D60100000000009804002030
:10317000000001009C35020000000000000000007B
:10318000000000000000000098350200ADD30100EF
:10319000798A0000A004002000000300943502009A
:1031A000C1D60100000000009004002000000100D2
:1031B0008C35020013D30100CFD4010000000000C1
:1031C0000000030088350200C1D6010000000000A5
:1031D000880400200000010080350200518E0000AC
:1031E000000000000000000000000100D8350200CF
:1031F0005BD3010000000000D43502000000010094
:10320000D0350200C1D6010000000000C804002033
:1032100000000100C8350200D7D2010039D10100F9
:103220001202002000000900C4350200C1D60100CE
:1032300000000000C004002000000100BC350200B6
:103240009DD201000000000000000000000001000D
:10325000B8350200C1D6010000000000B80400200B
:1032600000000100B0350200A1890000000000004C
:103270000000000000000100419B0000C7E30100C6
:1032800039A60000000000000000000061A400005A
:10329000000000000000000000000000000000002E
:1032A0000000000000000000E99D00000600000092
:1032B000B1DA010006000000F3DF01001000000099
:1032C000959B00001000000037E3010001000000A2
:1032D000CBDB010010000000C5E201000A00000085
:1032E0008DDB01001000000025A500000700000094
:1032F00025DE01001000000035DB010001000000A8
:103300005D9A000040000000D3DD010010000000C5
:1033100081DB01000100000039CC000015CC000069
:10332000E1CA0000E9FC0100F5FC010001FD01001B
:103330000BFD0100000000000000000017FD01006F
:1033400095FD010021FD0100000000009FFD01002E
:10335000000000002DFD0100A9FD0100000000009B
:1033600037FD0100B3FD010043FD0100BFFD010079
:10337000C9FD0100D3FD0100DFFD0100EBFD0100EF
:10338000F5FD01004DFD01000000000000000000FF
:103390000000000000000000000000008BFD0100A4
:1033A000914C010000000000E9140200494E0100A8
:1033B000454F0100580200005552010025520100FE
:1033C00000000000D1530100515301002D530100B2
:1033D0006D170200F1520100EB1602004D170200BA
:1033E000000000008716020000000000000000003E
:1033F0008D570100E55601007D1702000000000016
:1034000005180200115A01000D590100D958010098
:10341000C95801000400000000FF0000FFFFFFFF8B
:1034200000000050000000000000000000600040AC
:1034300000000000115B0100EF180200FD180200FF
:1034400015190200211902002D190200915C0100DA
:10345000471902000000000000C001400000000009
:10346000000000000000000000000000000000005C
:103470000000000000040000E80302010101000058
:103480001C2D0020040000000000000000000000CF
:103490009434020000C00140A0340200010000008A
:1034A000A83402000100000011002D00E7190200FD
:1034B000015F010000200040020000000000000049
:1034C000C434020000200040D0340200010000009B
:1034D000D8340200040000000600000008000200CA
:1034E0000500040007000600291B020021620100FC
:1034F0001B1B0200BC270200BC270200042802009C
:1035000014280200442802004C280200000003286E
:1035100000000229000003280000032800000328FF
:10352000000000280000262A0000262A00000328A8
:103530000000502A0000502A000003280000292A19
:103540000000292A000003280000242A0000242A61
:103550000000032800000A180000002800000429C9
:10356000000002290000192A0000192A000003287F
:1035700000000F18000000280400AD27010006011C
:1035800000002A2B00002A2B000003280000292B12
:103590000000292B00000328000002290000052A52
:1035A0000000052A00000328000001180000002880
:1035B0000000042A0000042A000003280000012A59
:1035C0000000012A000003280000002A0000002A51
:1035D000000003280000001800000028F401FA0091
:1035E000960064004B0032001E00140050616972A6
:1035F000696E67206661696C656420282564290A04
:103600000050616972696E672063616E63656C6CFE
:1036100065640A0050616972696E673A20656E746C
:1036200065722050494E2025303675206F6E20740B
:1036300068652070686F6E650A0041647665727413
:103640006973696E67206661696C656420746F20B8
:10365000737461727420282564290A004F776E659F
:10366000722072656C65617365642074686973208B
:103670005374796B2E204261636B20696E207061F8
:103680006972696E67206D6F64652E0A005061690A
:1036900072696E6720776974686F757420746865E5
:1036A0002050494E2072656A65637465640A005053
:1036B00061697265642E2054686973205374796B54
:1036C000206E6F772068617320616E206F776E6562
:1036D000722E0A00536570617261746564206672AF
:1036E0006F6D206F776E65720A004F776E6572207E
:1036F0006E65617262790A004F776E65723A207961
:1037000065730A004F776E65723A206E6F6E6520A2
:103710002870616972696E67206D6F6465290A009F
:103720000A5374796B206669726D77617265202522
:10373000642E25642E25640A0042757A7A6572200B
:103740006F7574707574206E6F7420726561647922
:103750000A00426C7565746F6F7468206661696CED
:10376000656420746F207374617274202825642945
:103770000A002530325825303258005374796B2DA9
:10378000257300427574746F6E2068656C642061E7
:10379000742073746172743A206F776E657220635F
:1037A0006C65617265640A0054616720636F6465CB
:1037B0002025732C2050494E20253036750A0050A4
:1037C000616972696E67206C696E6B3A2068747407
:1037D00070733A2F2F7468657374796B2E636F6DF5
:1037E0002F6170702F3F7461673D25732670696E7D
:1037F0003D253036750A007374796B2D6465762D1E
:103800006B65792D76303162757A7A65725F74698D
:1038100064005374796B005F4E3D2C1B0A2E9F3A57
:103820004C1D6B01007E5A025F4E3D2C1B0A2E9FE1
:103830003A4C1D6B05007E5A025F4E3D2C1B0A2E32
:103840009F3A4C1D6B04007E5A025F4E3D2C1B0AB2
:103850002E9F3A4C1D6B03007E5A025F4E3D2C1B7F
:103860000A2E9F3A4C1D6B02007E5A025F4E3D2C81
:103870001B0A2E9F3A4C1D6B01007E5A00070E0951
:103880001C1B1215383F363124232A2D286E696CF3
:1038900029005374796B2070726F746F747970653E
:1038A000005374796B00302E322E3000637C777BAE
:1038B000F26B6FC53001672BFED7AB76CA82C97D2C
:1038C000FA5947F0ADD4A2AF9CA472C0B7FD9326BD
:1038D000363FF7CC34A5E5F171D8311504C723C3C1
:1038E0001896059A071280E2EB27B27509832C1A05
:1038F0001B6E5AA0523BD6B329E32F8453D100ED5F
:1039000020FCB15B6ACBBE394A4C58CFD0EFAAFB42
:10391000434D338545F9027F503C9FA851A3408F0A
:10392000929D38F5BCB6DA2110FFF3D2CD0C13EC22
:103930005F974417C4A77E3D645D197360814FDCB7
:10394000222A908846EEB814DE5E0BDBE0323A0A9B
:103950004906245CC2D3AC629195E479E7C8376D1F
:103960008DD54EA96C56F4EA657AAE08BA78252E44
:103970001CA6B4C6E8DD741F4BBD8B8A703EB566CD
:103980004803F60E613557B986C11D9EE1F89811BE
:1039900069D98E949B1E87E9CE5528DF8CA1890DAD
:1039A000BFE6426841992D0FB054BB16464C4153B7
:1039B000485F30005352414D5F300000FFFFFFFF72
:1039C000FFFF00000000000000FFFFFFFFFFFF00FF
:1039D00000000000003F49F6D4A3C55F3874C9B3A6
:1039E000E3D2103F504AFF607BEB40B7995899B83B
:1039F000A6CD3C1ABD6E616D650069726B00627484
:103A00002F25732F253032782530327825303278C3
:103A100025303278253032782530327825752F25BB
:103A2000730062742F25732F253032782530327859
:103A3000253032782530327825303278253032788A
:103A400025750062742F2573006274004254204C67
:103A5000572057510002FB349B5F8000008000100C
:103A60000000000000005A45504859525F4241533F
:103A7000452F7375627379732F626C7565746F6F00
:103A800074682F686F73742F6863695F636F726502
:103A90002E630062745F6863695F6576745F676553
:103AA000745F666C616773286864722D3E65767416
:103AB000292026202831554C203C3C20283129291A
:103AC00000415353455254494F4E204641494C20E2
:103AD0005B25735D20402025733A25640A006576D6
:103AE000745F666C6167732026202831554C203C3A
:103AF0003C202830292900737563636573730009BE
:103B0000636F6D6D616E64206F70636F64652030EC
:103B100078253034782074696D656F75740A006596
:103B20007272203D3D20300009436F6E74726F6CDD
:103B30006C657220756E726573706F6E73697665F1
:103B40002C20636F6D6D616E64206F70636F6465B0
:103B5000203078253034782074696D656F75742055
:103B600077697468206572722025640A00425420C7
:103B70005258205751000009090909010209090991
:103B800009090909090909090709090909090609AA
:103B90000909090909090909090909090909090599
:103BA000E69D350E480103CCDBFDF4AC1191F4EF3A
:103BB000B9A5F9E9A7832C5E2CBE97F2D203B020F9
:103BC0008BD28915D08E1C742430ED8FC24563765C
:103BD0005C15525ABF9A32636DEB2A65499C80DCB2
:103BE000010101010102037075626C696300726179
:103BF0006E646F6D007075626C69632D696400722C
:103C0000616E646F6D2D6964003078253032780004
:103C1000253032583A253032583A253032583A2534
:103C20003032583A253032583A253032582028253B
:103C300073290062742F6363630062742F68617379
:103C4000680062742F63660062742F73630000055E
:103C5000061F1F2918120308020305080A0008019D
:103C60000304010504050906070101060608000012
:103C70000100010003010003020201000200000034
:103C80000000020301000300000100010000010028
:103C90000102020100020000000000020201000413
:103CA00062742F6B657973006C888391AAF5A538CF
:103CB00060370BDB5A6083BE5A45504859525F4209
:103CC0004153452F7375627379732F626C756574F8
:103CD0006F6F74682F636F6E74726F6C6C65722F88
:103CE0007469636B65722F7469636B65722E630010
:103CF00028287469636B65725F72657363686564B5
:103D0000292D3E6578745F64617461202626202821
:103D1000287469636B65725F726573636865642993
:103D20002D3E6578745F646174612D3E7469636BC8
:103D3000735F736C6F745F77696E646F7720213D7A
:103D40002030552929005A45504859525F42415365
:103D5000452F7375627379732F626C7565746F6F1D
:103D600074682F636F6E74726F6C6C65722F6C6CFD
:103D70005F73772F756C6C2E630064656C746120C3
:103D80003C3D2030207C7C206D656D5F6C696E6BE6
:103D90005F72782E71756F74615F706475203C205E
:103DA000282833202B2030202B203129202B20289D
:103DB00032202A20283129292900216572720063C6
:103DC0006F6E6E5F6C6C6C0021636F6E6E5F6C6CFF
:103DD0006C2D3E6C696E6B5F74785F667265650012
:103DE0006D656D715F6C696E6B0072782D3E6864F5
:103DF000722E7479706520213D204E4F44455F52EC
:103E0000585F545950455F4E4F4E45002163632D16
:103E10003E7374617475730072785F667265652DA8
:103E20003E6864722E7479706520213D204E4F44A7
:103E3000455F52585F545950455F4E4F4E450021E3
:103E4000636F6E6E2D3E6C6C6C2E6C696E6B5F7466
:103E5000785F667265650021726574006C6F6F70C3
:103E6000002172657476616C00756C6C5F726566BA
:103E70005F67657428756C6C5F6864722900726591
:103E80006C65617365203D3D20646F6E65005A4529
:103E9000504859525F424153452F7375627379738D
:103EA0002F626C7565746F6F74682F636F6E7472B8
:103EB0006F6C6C65722F6C6C5F73772F6C6C6C5FC2
:103EC000636F6D6D6F6E2E630021657272207C7C56
:103ED00020657272203D3D202D313139005A455008
:103EE0004859525F424153452F7375627379732F5E
:103EF000626C7565746F6F74682F636F6E74726F28
:103F00006C6C65722F6863692F6863695F6472699E
:103F10007665722E630042542052582070726900F8
:103F200042542052580062745F6863695F636F6E29
:103F300074726F6C6C6572005A6570687972204F8C
:103F4000532076332E372E30005A45504859525F51
:103F5000424153452F7375627379732F626C756597
:103F6000746F6F74682F636F6E74726F6C6C6572B0
:103F70002F6863692F6863692E63002828282875D5
:103F8000696E747074725F74296E6F646529202580
:103F9000205F5F616C69676E6F662873747275630A
:103FA00074206E6F64655F72785F63632929203DBA
:103FB0003D203029002828282875696E7470747295
:103FC0005F74296E6F6465292025205F5F616C69CD
:103FD000676E6F6628737472756374206E6F6465A4
:103FE0005F72785F63752929203D3D203029005A92
:103FF00045504859525F424153452F73756273795A
:10400000732F626C7565746F6F74682F636F6E7455
:10401000726F6C6C65722F6C6C5F73772F756C6C44
:104020005F6164762E630068616E646C65203C207D
:10403000310028726574203D3D203029207C7C2091
:1040400028726574203D3D203229006164762D3E42
:104050006C696E6B5F63635F667265650061647651
:104060002D3E6E6F64655F72785F63635F66726535
:104070006500216C6C6C2D3E6C696E6B5F74785FB3
:104080006672656500216864722D3E6469736162C1
:104090006C65645F636200737461747573203D3D89
:1040A0002030207C7C20706172616D203D3D207548
:1040B0006C6C5F64697361626C655F6D61726B5F8C
:1040C0006765742829207C7C2028636F6E6E656389
:1040D0007461626C6520262620216164762D3E6C19
:1040E0006C6C2E636F6E6E29207C7C2030007265B4
:1040F000660028726574203D3D203029207C7C209C
:1041000028726574203D3D203229207C7C20286661
:10411000705F6F705F66756E63203D3D2028287666
:104120006F6964202A29302929007064752D3E6C3E
:10413000656E203E3D205F5F6275696C74696E5FDD
:104140006F66667365746F66202873747275637426
:10415000207064755F6164765F6164765F696E6428
:104160002C206461746129006D61726B203D3D20DB
:104170006164760021657272207C7C2028657272F1
:10418000203D3D202D31323029005A4550485952AA
:104190005F424153452F7375627379732F626C755B
:1041A00065746F6F74682F636F6E74726F6C6C657B
:1041B000722F6C6C5F73772F756C6C5F636F6E6EB4
:1041C0002E6300737461747573203D3D2030207C34
:1041D0007C20706172616D203D3D20756C6C5F7557
:1041E00070646174655F6D61726B5F6765742829C7
:1041F000207C7C20706172616D203D3D20756C6C6F
:104200005F64697361626C655F6D61726B5F676546
:104210007428290070203D3D20706172616D00742A
:10422000785F6275660072782D3E6864722E6C69E4
:104230006E6B00287469636B65725F73746174756B
:1042400073203D3D203029207C7C20287469636BDD
:1042500065725F737461747573203D3D203229006F
:10426000657272203D3D2030207C7C20657272207A
:104270003D3D202D3132300009706172616D313A5F
:1042800020257520706172616D323A2025750A0013
:10429000636F6E6E2D3E6C6C6C2E68616E646C6527
:1042A00020213D2030784646464600287469636BDD
:1042B00065725F737461747573203D3D20302920F1
:1042C0007C7C20287469636B65725F73746174759C
:1042D00073203D3D203229207C7C202828766F6980
:1042E00064202A29636F6E6E5F6C6C203D3D2075E3
:1042F0006C6C5F64697361626C655F6D61726B5F4A
:10430000676574282929006C6C6C5F747800706490
:10431000755F74782D3E6C656E00216C696E6B2D37
:104320003E6E657874005A45504859525F42415379
:10433000452F7375627379732F626C7565746F6F37
:1043400074682F636F6E74726F6C6C65722F6C6C17
:104350005F73772F756C6C5F6C6C63705F656E63F9
:104360002E63006E7466005A45504859525F4241B0
:1043700053452F7375627379732F626C7565746F13
:104380006F74682F636F6E74726F6C6C65722F6CD4
:104390006C5F73772F756C6C5F6C6C63705F7068AB
:1043A000792E63006E74662D3E6864722E74797087
:1043B00065203D3D204E4F44455F52585F54595053
:1043C000455F52455441494E006374782D3E6E6FEF
:1043D00064655F7265662E7478006374782D3E6440
:1043E0006174612E70752E6E74665F646C655F6EAD
:1043F0006F646500636F6E6E2D3E6C6C6C2E726F19
:104400006C65203D3D2030783031005A4550485988
:10441000525F424153452F7375627379732F626CFB
:104420007565746F6F74682F636F6E74726F6C6CE8
:1044300065722F6C6C5F73772F756C6C5F6C6C633F
:10444000702E63006374782D3E6F776E6572006323
:1044500074782D3E6E6F64655F7265662E727800AB
:104460005A45504859525F424153452F7375627304
:1044700079732F626C7565746F6F74682F636F6EDC
:1044800074726F6C6C65722F6C6C5F73772F756CC8
:104490006C5F6C6C63705F636F6D6D6F6E2E63002D
:1044A0006374782D3E70726F63203D3D2050524FF3
:1044B000435F5445524D494E415445006374782D35
:1044C0003E70726F63203D3D2050524F435F444128
:1044D00054415F4C454E4754485F55504441544504
:1044E000005A45504859525F424153452F737562F7
:1044F0007379732F626C7565746F6F74682F636F57
:104500006E74726F6C6C65722F6C6C5F73772F7545
:104510006C6C5F6C6C63705F6C6F63616C2E6300BE
:104520006374785F686561646572203D3D206374E3
:1045300078006374782D3E6E6F64655F7265662ED9
:104540007278203D3D202828766F6964202A293022
:1045500029207C7C206374782D3E6E6F64655F72C9
:1045600065662E72782D3E6864722E7479706520AF
:10457000213D204E4F44455F52585F545950455F8E
:1045800052455441494E0063747820213D2028282B
:10459000766F6964202A293029005A4550485952BB
:1045A0005F424153452F7375627379732F626C7547
:1045B00065746F6F74682F636F6E74726F6C6C6567
:1045C000722F6C6C5F73772F756C6C5F6C6C6370A3
:1045D0005F636F6E6E5F7570642E63006374782D19
:1045E0003E6E6F64655F7265662E7278203D3D2079
:1045F0002828766F6964202A293029005A455048B6
:1046000059525F424153452F7375627379732F621C
:104610006C7565746F6F74682F636F6E74726F6CF6
:104620006C65722F6C6C5F73772F756C6C5F6C6C44
:1046300063705F63686D752E63005A455048595228
:104640005F424153452F7375627379732F626C75A6
:1046500065746F6F74682F636F6E74726F6C6C65C6
:10466000722F6C6C5F73772F756C6C5F6C6C637002
:104670005F72656D6F74652E630008020B020A039A
:104680000502000000000000000002020000060217
:104690000000040300000000090300000000010303
:1046A00000000C03000007030000000000000000F1
:1046B00000005A45504859525F424153452F737587
:1046C000627379732F626C7565746F6F74682F6392
:1046D0006F6E74726F6C6C65722F6C6C5F73772F7A
:1046E000756C6C5F7065726970686572616C2E6361
:1046F000007469636B65725F737461747573203DD8
:104700003D20300073746174757320213D20312089
:104710007C7C20706172616D203D3D20756C6C5F0A
:1047200064697361626C655F6D61726B5F6765740C
:104730002829005A45504859525F424153452F732A
:1047400075627379732F626C7565746F6F74682FFF
:10475000636F6E74726F6C6C65722F6C6C5F7377C5
:104760002F756C6C5F66696C7465722E6300726C79
:104770005F696478203C203800726C5B726C5F6902
:1047800064785D2E74616B656E00726C5B726C5F39
:104790006964785D2E727061735F7265616479001F
:1047A0006465766D617463685F6964203C202828C5
:1047B00073697A655F742920282828696E74292016
:1047C00073697A656F6628636861725B31202D209A
:1047D00032202A202128215F5F6275696C74696E1E
:1047E0005F74797065735F636F6D70617469626C1B
:1047F000655F70285F5F747970656F665F5F2866BC
:10480000616C292C205F5F747970656F665F5F282B
:10481000262866616C295B305D2929295D29202DB8
:10482000203129202B202873697A656F66286661FC
:104830006C29202F2073697A656F66282866616C61
:10484000295B305D292929290066616C5B646576E6
:104850006D617463685F69645D2E74616B656E0081
:104860006465766D617463685F6964203C20282804
:1048700073697A655F742920282828696E74292055
:1048800073697A656F6628636861725B31202D20D9
:1048900032202A202128215F5F6275696C74696E5D
:1048A0005F74797065735F636F6D70617469626C5A
:1048B000655F70285F5F747970656F665F5F2872EF
:1048C0006C292C205F5F747970656F665F5F2826A6
:1048D00028726C295B305D2929295D29202D203122
:1048E00029202B202873697A656F6628726C29202D
:1048F0002F2073697A656F662828726C295B305D9A
:104900002929292900726C5B695D2E74616B656EC3
:104910000069726B6D617463685F6964203C20702C
:104920006565725F69726B5F636F756E7400692095
:104930003C2038005A45504859525F424153452F58
:104940007375627379732F626C7565746F6F7468B9
:104950002F636F6E74726F6C6C65722F6C6C5F730B
:10496000772F6E6F726469632F6C6C6C2F6C6C6C3C
:104970002E6300707265656D70745F726571203DA5
:104980003D20707265656D70745F61636B0070725D
:1049900065656D70745F73746172745F72657120A8
:1049A000213D20707265656D70745F7374617274FF
:1049B0005F61636B00707265656D70745F73746FB7
:1049C000705F72657120213D20707265656D707435
:1049D0005F73746F705F61636B00707265656D709B
:1049E000745F72657120213D20707265656D707411
:1049F0005F61636B00707265656D70745F61636B9E
:104A000020213D20707265656D70745F7265710064
:104A1000707265656D70746F72203D3D20726561C6
:104A200064795F6E6578740072656164792D3E709B
:104A30007265706172655F706172616D2E70617216
:104A4000616D203D3D20706172616D006974657219
:104A500000657272203D3D202D313430002170619F
:104A600072616D0021706172616D207C7C206E65C9
:104A70007874006576656E742E637572722E61624D
:104A80006F72745F6362006576646F6E6500657255
:104A900072203E3D203000217265616479207C7C6B
:104AA000202672656164792D3E7072657061726551
:104AB0005F706172616D203D3D2070726570617242
:104AC000655F706172616D005A45504859525F428E
:104AD0004153452F7375627379732F626C756574DA
:104AE0006F6F74682F636F6E74726F6C6C65722F6A
:104AF0006C6C5F73772F6E6F726469632F6C6C6C74
:104B00002F6C6C6C5F6164762E63006E6F64655F02
:104B100072780021726164696F5F69735F726561A9
:104B200064792829006368616E007363616E5F7049
:104B30006475000925733A2041637475616C2045E2
:104B400056454E545F4F564552484541445F535475
:104B50004152545F5553203D2025750A00707265FF
:104B6000706172655F6362005A45504859525F42F6
:104B70004153452F7375627379732F626C75657439
:104B80006F6F74682F636F6E74726F6C6C65722FC9
:104B90006C6C5F73772F6E6F726469632F6C6C6CD3
:104BA0002F6C6C6C5F636F6E6E2E63006C6C6C2D83
:104BB0003E68616E646C6520213D20307846464633
:104BC00046005A45504859525F424153452F73752C
:104BD000627379732F626C7565746F6F74682F637D
:104BE0006F6E74726F6C6C65722F6C6C5F73772F65
:104BF0006E6F726469632F6C6C6C2F6C6C6C5F7081
:104C000065726970686572616C2E630070726570A0
:104C10006172655F6362005A45504859525F424174
:104C200053452F7375627379732F626C7565746F5A
:104C30006F74682F636F6E74726F6C6C65722F6C1B
:104C40006C5F73772F6E6F726469632F68616C2F6E
:104C50006E7266352F636E74722E63005F726566C6
:104C6000636F756E74000000010000000101000018
:104C70005A45504859525F424153452F73756273EC
:104C800079732F626C7565746F6F74682F636F6EC4
:104C900074726F6C6C65722F6C6C5F73772F6E6FB4
:104CA000726469632F68616C2F6E7266352F6D6157
:104CB00079666C792E63005A45504859525F4241DB
:104CC00053452F7375627379732F626C7565746FBA
:104CD0006F74682F636F6E74726F6C6C65722F6C7B
:104CE0006C5F73772F6E6F726469632F68616C2FCE
:104CF0006E7266352F7469636B65722E630075730F
:104D000065725F6964203C2073697A656F66286309
:104D1000616C6C65725F69645F6C757429006361B6
:104D20006C6C65725F696420213D203000010304D2
:104D30000506010501040103010502020103020544
:104D400004010101020103010401060108010C0133
:104D5000100118012001400180616463403430304B
:104D6000303730303000636C6F636B40343030303C
:104D7000303030300072616E646F6D4034303030EE
:104D80006430303000656E74726F70795F62745F8A
:104D900068636900666C6173682D636F6E74726F0F
:104DA0006C6C657240343030316530303000677083
:104DB000696F403530303030303030000001020350
:104DC0000405060770776D40343030316330303081
:104DD0000075617274403430303032303030000051
:104DE00000000001000000010100000101010100BC
:104DF0000000006D61696E00737973776F726B717B
:104E0000002A2A2A20426F6F74696E67205A6570E3
:104E1000687972204F53206275696C642076332E56
:0C4E2000372E30202A2A2A0A0000000049
:104E2C0000000000A92200000000000000010000AA
:104E3C000000000000000000000000000000000066
:104E4C000000000000000000000000000000000056
:104E5C0000000000412000000000000000010000E4
:104E6C000000000000000000000000000000000036
:104E7C000000000000000000000000000000000026
:104E8C000000000000000000000000000000000016
:104E9C000000000000000000000000000000000006
:104EAC0000000000000000000000000000000000F6
:104EBC0000000000000000000000000000000000E6
:104ECC0000000000000000000000000000000000D6
:104EDC0000000000000000000000000000000000C6
:104EEC0000000000000000000000000000000000B6
:104EFC0000000000000000000000000000000000A6
:104F0C000000000000000000000000000000000095
:104F1C000000000000000000000000000000000085
:104F2C000000000000000000000000000000000075
:104F3C000000000000000000000000000000000065
:104F4C0000000000000000003D55000000000000C3
:104F5C000000000000000000000000000000000045
:104F6C000000000000000000000000000000000035
:104F7C000000000000000000000000000000000025
:104F8C000000000000000000000000000000000015
:104F9C000000000000000000000000000000000005
:104FAC0000000000000000000000000000000000F5
:104FBC0000000000000000000000000000000000E5
:104FCC0000000000000000000000000000000000D5
:104FDC0000000000000000000000000000000000C5
:104FEC00000000000000000000000000B0280200DB
:104FFC0000000000000000000000000000000000A5
:10500C000000000000000000000000000000000094
:10501C000000000000000000000000000000000084
:10502C000000000000000000000000000000000074
:10503C0084030000000000000000000000000000DD
:10504C0000000000000000001F0000000000000035
:10505C00FFFFFFFFFF1F000000000000000000002A
:10506C0000000000000000003D8B0100000000006B
:10507C000000000000000000580200205802002030
:10508C0059160200000000000000000000000000A3
:10509C0000000000000000007802002078020020D0
:1050AC00000000000100000088020020880200209F
:1050BC00900200209002002000000000010000007F
:1050CC00A0020020A0020020000000000000000050
:1050DC0000000000000000000000000000000000C4
:1050EC0000000000000000000000000000000000B4
:1050FC0000000000000000000000000000000000A4
:10510C000000000000000000892000002D1D0000A0
:10511C000000000000000000191D0000451D0000EB
:10512C00000000000000000000000000391D00001D
:10513C000000000027380200000002000000000000
:10514C000000000000000000091D0000000000002D
:10515C00000000003838020000001200493802003C
:10516C00000008005A38020000000800000000008F
:10517C00B51E00000000000000000000010100004E
:10518C00D0060020FF0B0000242D00202F910100E1
:10519C00B82C020028350200000002003435020051
:1051AC000000020040350200000002004C350200F5
:1051BC0000000200000000000000000000000000E1
:1051CC001F9B010000000000000000006835020079
:1051DC00000012000939000000000000259C0100AD
:1051EC0000000000099C0100B9B20100E5B101000A
:1051FC0000000000954500000000000000000000C9
:10520C0000000000454A0000000000000000000003
:10521C0000000000214A0000000000000000000017
:10522C0000000000E5BA01000000000000000000D2
:10523C00000000008D4E0000000000000000000087
:10524C0020040020200400200000000000000000CA
:10525C00C5780000B983000081CF01000000000078
:10526C0000000000B57C000071CD01009DCC010058
:10527C00B9780000000000000000000000000000F1
:10528C000000000000000000000000002996000053
:10529C0000000000000000008FDA01000000000098
:1052AC000000000000000000843502000000020035
:1052BC009035020000000A00A0350200000020001A
:1052CC0000000000000000000000000000000000D2
:1052DC003FD2010000000000B435020000000200C3
:1052EC00C035020000000200CC35020000000A00AC
:1052FC00E5A4000000000000FFFFFFFF000000001D
:10530C002017002000000000A9C9000000000000C8
:10531C002817002000000000B9C7000000000000A2
:10532C003017002000000000052D010000000000D7
:10533C003817002000000000052D010000000000BF
:10534C004017002000000000D5B90000000000004C
:10535C000021002000000000453601000000000084
:10536C001821002000000000052D010000000000A5
:10537C00202100200000000095DE0000000000004D
:10538C00A821002000000000B1E700000000000090
:10539C00B021002000000000052D010000000000DD
:1053AC00B821002000000000B9E50000000000005A
:1053BC00C0210020000000001FF6010000000000CA
:1053CC00E422002000000000342300200000000034
:1053DC001425002000000000C4250020000000005F
:1053EC00693F010000000000482700200000000079
:1053FC00AD2A01000000000074270020000000000E
:10540C00052D010000000000982B0020000000007A
:10541C00C9AE000000000000902B0020000000002E
:10542C00C9AE000000000000882B00200000000026
:10543C0057EB010000000000802B00200000000052
:10544C00C9AE000000000000782B00200000000016
:10545C0057EB010000000000702B00200000000042
:10546C00C9AE00000000000000C2010000010300F2
:10547C00000000008A2F0020892F0020000000006F
:10548C000000000000000000000000000000000010
:10549C000000000000000000000000000000000000
:1054AC0000000000000000000000000000000000F0
:1054BC0000000000000000000000000000000000E0
:1054CC0000000000000000000000000000000000D0
:1054DC0008000000FF0000000000000001000000B8
:1054EC00000000003FC00F00C8060020C8060020C6
:1054FC000601000000000000000200010000000096
:04550C000100640135
:10551000000000000000000000000000000000008B
:02552000000089
:02552200FFFF89
:10552400F8060020F8060020546B0020000000005C
:10553400010000002C0000000000000014070020FF
:105544001407002000620020000000000100000099
:10555400B0000000000000003007002030070020E9
:10556400806B002000000000030000001C0000000D
:045574000000000033
:105578004C0700204C07002000000000000000003D
:045588000E00000011
:10558C006007002060070020000000000100000000
:10559C007007002070070020780700207807002093
:1055AC000000000001000000880700208807002090
:1055BC000000000000000000980700209807002061
:0855CC00A0070020A007002049
:1055D4000000000000000000B0070020B007002019
:1055E400B8070020B80700200300030010000000E3
:1055F40000000000943002008069002000000000D8
:1056040000000000DC070020DC070020E407002085
:10561400E40700200300030010000000D97B000011
:105624003C310200DC6A00200000000000000000A1
:105634000808002008080020100800201008002096
:10564400030003000100000000000000AC2F020072
:10565400386700200000000000000000340800202B
:10566400340800203C0800203C0800200100010010
:1056740010000000F96900008430020078680020FE
:105684000000000000000000600800206008002006
:1056940068080020680800200200020001000000E1
:1056A4000000000074300200406800200000000088
:1056B400000000008C0800208C08002094080020C2
:1056C400940800200A000A00040000000000000002
:1056D4009C2F0200946500200000000000000000E0
:1056E400B8080020B8080020C0080020C008002026
:1056F400010001000100000000000000BC2F0200B6
:045704009467002086
:0457080015E015E0B3
:0400000300003F6555
:00000001FF
